Name,Minutes,Points,FG2M,FG2A,FG3M,FG3A,TsPct,AssistPoints,AtRimAssists,ShortMidRangeAssists,LongMidRangeAssists,Corner3Assists,Arc3Assists,LostBallSteals,LiveBallTurnovers,BadPassOutOfBoundsTurnovers,BadPassTurnovers,DeadBallTurnovers,LostBallOutOfBoundsTurnovers,LostBallTurnovers,StepOutOfBoundsTurnovers,Travels,Turnovers,OffensiveGoaltends,FTA,OffPoss,PtsAssisted2s,PtsUnassisted2s,PtsAssisted3s,PtsUnassisted3s,DefPoss,TotalPoss
Coby White,1338,690.0,137.0,276.0,109.0,275.0,0.575,446.0,56.0,41.0,12.0,27.0,49.0,9.0,45.0,7.0,26.0,33.0,5.0,19.0,1.0,11.0,78.0,,108.0,2659,80.0,194.0,276.0,51.0,2645,5304
DeMar DeRozan,1324,795.0,243.0,498.0,33.0,96.0,0.5645624103299857,483.0,62.0,28.0,9.0,26.0,69.0,8.0,33.0,9.0,20.0,20.0,3.0,13.0,1.0,1.0,53.0,,249.0,2638,132.0,354.0,93.0,6.0,2624,5262
Jalen Brunson,1317,949.0,230.0,468.0,104.0,244.0,0.5882723833543506,579.0,88.0,33.0,5.0,44.0,65.0,12.0,53.0,13.0,35.0,31.0,8.0,18.0,1.0,1.0,84.0,,213.0,2683,110.0,350.0,186.0,126.0,2658,5341
Julius Randle,1314,895.0,265.0,489.0,55.0,188.0,0.5645569620253165,464.0,39.0,17.0,11.0,44.0,66.0,6.0,63.0,13.0,30.0,60.0,11.0,33.0,2.0,11.0,123.0,,258.0,2686,218.0,312.0,141.0,24.0,2668,5354
Anthony Davis,1302,924.0,335.0,582.0,14.0,39.0,0.6267123287671232,286.0,47.0,25.0,8.0,9.0,33.0,15.0,39.0,5.0,24.0,40.0,7.0,15.0,1.0,4.0,79.0,2.0,262.0,2737,456.0,214.0,39.0,3.0,2735,5472
Scottie Barnes,1299,763.0,205.0,384.0,81.0,211.0,0.5819295558958653,503.0,107.0,24.0,5.0,29.0,48.0,18.0,50.0,18.0,37.0,40.0,2.0,13.0,1.0,7.0,90.0,,142.0,2675,200.0,210.0,219.0,24.0,2679,5354
Paolo Banchero,1294,848.0,244.0,508.0,56.0,147.0,0.5457474226804123,433.0,77.0,21.0,3.0,14.0,63.0,18.0,79.0,16.0,48.0,44.0,7.0,31.0,1.0,8.0,123.0,,273.0,2676,172.0,316.0,126.0,42.0,2674,5350
Pascal Siakam,1288,817.0,269.0,459.0,41.0,133.0,0.603397341211226,447.0,71.0,23.0,8.0,25.0,56.0,15.0,41.0,7.0,26.0,40.0,8.0,15.0,2.0,5.0,81.0,,207.0,2653,284.0,254.0,120.0,3.0,2638,5291
Mikal Bridges,1276,783.0,201.0,394.0,75.0,214.0,0.5635036496350365,344.0,37.0,25.0,2.0,29.0,43.0,8.0,60.0,12.0,32.0,28.0,7.0,28.0,3.0,3.0,88.0,,186.0,2597,170.0,232.0,195.0,30.0,2604,5201
Giannis Antetokounmpo,1268,1132.0,405.0,630.0,15.0,63.0,0.652073732718894,557.0,47.0,16.0,13.0,43.0,92.0,26.0,60.0,12.0,32.0,70.0,5.0,28.0,4.0,21.0,130.0,,410.0,2691,412.0,398.0,21.0,24.0,2677,5368
Fred VanVleet,1266,595.0,87.0,213.0,107.0,265.0,0.5535372848948374,675.0,88.0,83.0,18.0,25.0,74.0,23.0,41.0,8.0,29.0,17.0,2.0,12.0,,1.0,58.0,,114.0,2539,42.0,132.0,174.0,147.0,2547,5086
Tyrese Maxey,1265,882.0,200.0,390.0,104.0,278.0,0.5876010781671159,533.0,72.0,43.0,24.0,27.0,58.0,10.0,30.0,9.0,17.0,22.0,3.0,13.0,,4.0,52.0,,195.0,2616,146.0,254.0,204.0,108.0,2584,5200
Domantas Sabonis,1262,725.0,275.0,443.0,16.0,41.0,0.6461675579322638,702.0,71.0,48.0,16.0,38.0,106.0,10.0,53.0,14.0,27.0,67.0,14.0,26.0,1.0,12.0,120.0,,192.0,2597,320.0,230.0,45.0,3.0,2601,5198
Desmond Bane,1255,889.0,207.0,371.0,120.0,314.0,0.5902964959568733,479.0,63.0,33.0,4.0,28.0,65.0,12.0,48.0,11.0,31.0,51.0,8.0,17.0,6.0,7.0,99.0,,133.0,2584,168.0,246.0,225.0,135.0,2576,5160
Luka Doncic,1251,1142.0,253.0,445.0,135.0,355.0,0.6113513513513513,755.0,125.0,38.0,15.0,53.0,80.0,23.0,99.0,22.0,76.0,35.0,2.0,23.0,1.0,5.0,134.0,,297.0,2598,68.0,438.0,117.0,288.0,2575,5173
Max Strus,1243,493.0,74.0,144.0,102.0,294.0,0.537117903930131,315.0,65.0,27.0,7.0,11.0,28.0,9.0,38.0,2.0,27.0,24.0,5.0,11.0,7.0,4.0,62.0,,49.0,2548,100.0,48.0,300.0,6.0,2533,5081
Cade Cunningham,1241,822.0,240.0,484.0,67.0,200.0,0.5388219544846051,606.0,129.0,39.0,6.0,33.0,53.0,14.0,91.0,22.0,59.0,45.0,7.0,32.0,3.0,4.0,136.0,,162.0,2580,122.0,358.0,147.0,54.0,2582,5162
Nikola Jokic,1235,942.0,327.0,529.0,39.0,114.0,0.6452054794520548,795.0,163.0,31.0,37.0,30.0,81.0,12.0,67.0,11.0,43.0,34.0,6.0,24.0,,1.0,101.0,,209.0,2509,374.0,280.0,87.0,30.0,2485,4994
Dejounte Murray,1212,733.0,201.0,393.0,81.0,211.0,0.5631741140215717,424.0,63.0,33.0,8.0,18.0,54.0,10.0,53.0,8.0,41.0,22.0,7.0,12.0,1.0,2.0,75.0,,109.0,2566,132.0,270.0,168.0,75.0,2560,5126
LeBron James,1210,879.0,251.0,430.0,77.0,194.0,0.6235795454545454,607.0,141.0,35.0,9.0,27.0,52.0,18.0,80.0,21.0,58.0,34.0,4.0,22.0,,3.0,114.0,,198.0,2497,228.0,274.0,171.0,60.0,2501,4998
Damian Lillard,1205,855.0,147.0,291.0,103.0,293.0,0.5975609756097561,557.0,103.0,26.0,13.0,43.0,48.0,16.0,63.0,13.0,48.0,25.0,2.0,15.0,3.0,3.0,88.0,,275.0,2588,60.0,234.0,168.0,141.0,2579,5167
Jayson Tatum,1203,906.0,203.0,357.0,105.0,286.0,0.6077235772357723,372.0,51.0,22.0,5.0,26.0,46.0,14.0,52.0,13.0,32.0,43.0,7.0,20.0,1.0,4.0,95.0,,229.0,2458,146.0,260.0,162.0,153.0,2439,4897
Trae Young,1202,918.0,173.0,352.0,112.0,307.0,0.5815147625160462,872.0,165.0,47.0,8.0,43.0,101.0,18.0,99.0,21.0,81.0,43.0,8.0,18.0,3.0,5.0,142.0,,276.0,2552,88.0,258.0,105.0,231.0,2575,5127
Shai Gilgeous-Alexander,1184,1071.0,343.0,582.0,41.0,117.0,0.6425970873786407,558.0,60.0,25.0,8.0,43.0,81.0,49.0,41.0,9.0,20.0,25.0,2.0,21.0,,7.0,66.0,,295.0,2520,170.0,516.0,45.0,78.0,2514,5034
Michael Porter Jr.,1182,619.0,133.0,232.0,105.0,266.0,0.5988372093023255,125.0,22.0,11.0,4.0,6.0,11.0,6.0,22.0,4.0,9.0,17.0,2.0,13.0,2.0,4.0,39.0,,49.0,2389,200.0,66.0,297.0,18.0,2356,4745
Dennis Schroder,1179,536.0,135.0,266.0,58.0,164.0,0.5580168776371308,587.0,105.0,48.0,10.0,23.0,64.0,9.0,37.0,12.0,27.0,22.0,2.0,10.0,2.0,1.0,59.0,,109.0,2417,104.0,166.0,156.0,18.0,2410,4827
Paul George,1173,790.0,158.0,312.0,117.0,286.0,0.598310291858679,297.0,47.0,30.0,4.0,20.0,25.0,28.0,42.0,13.0,28.0,33.0,2.0,14.0,1.0,3.0,75.0,,134.0,2383,140.0,176.0,249.0,102.0,2382,4765
Rudy Gobert,1171,455.0,174.0,278.0,,1.0,0.6408450704225352,110.0,7.0,8.0,1.0,7.0,19.0,6.0,22.0,5.0,11.0,38.0,5.0,11.0,2.0,3.0,60.0,,171.0,2337,246.0,102.0,,,2349,4686
Kentavious Caldwell-Pope,1160,362.0,76.0,149.0,52.0,129.0,0.5869565217391305,214.0,35.0,25.0,5.0,14.0,14.0,11.0,29.0,5.0,25.0,10.0,3.0,4.0,,1.0,39.0,,60.0,2345,120.0,32.0,153.0,3.0,2342,4687
Brook Lopez,1158,468.0,114.0,182.0,61.0,187.0,0.5864661654135338,121.0,24.0,2.0,3.0,4.0,17.0,9.0,13.0,2.0,6.0,19.0,2.0,7.0,,1.0,32.0,,70.0,2469,170.0,58.0,183.0,,2461,4930
Jaylen Brown,1151,788.0,233.0,415.0,73.0,207.0,0.57856093979442,305.0,39.0,18.0,1.0,14.0,49.0,14.0,48.0,11.0,19.0,43.0,6.0,29.0,,8.0,91.0,,143.0,2391,190.0,276.0,141.0,78.0,2391,4782
Tobias Harris,1146,576.0,180.0,318.0,41.0,115.0,0.6012526096033403,255.0,37.0,14.0,6.0,24.0,23.0,11.0,29.0,3.0,15.0,25.0,4.0,14.0,1.0,5.0,54.0,,106.0,2383,170.0,190.0,120.0,3.0,2365,4748
Karl-Anthony Towns,1144,759.0,205.0,374.0,68.0,165.0,0.6241721854304636,238.0,58.0,8.0,8.0,17.0,13.0,13.0,47.0,11.0,30.0,56.0,4.0,17.0,1.0,7.0,103.0,,162.0,2321,260.0,150.0,198.0,6.0,2304,4625
Austin Reaves,1140,574.0,139.0,239.0,59.0,175.0,0.601931330472103,470.0,86.0,23.0,12.0,24.0,52.0,11.0,57.0,8.0,39.0,26.0,6.0,18.0,2.0,4.0,83.0,,136.0,2369,100.0,178.0,99.0,78.0,2362,4731
Anthony Edwards,1139,865.0,213.0,427.0,84.0,218.0,0.5840108401084011,416.0,45.0,23.0,5.0,35.0,55.0,20.0,61.0,24.0,27.0,53.0,7.0,34.0,2.0,9.0,114.0,,222.0,2318,136.0,290.0,138.0,114.0,2314,4632
Jaren Jackson Jr.,1138,764.0,196.0,383.0,64.0,182.0,0.578907435508346,159.0,13.0,8.0,3.0,10.0,27.0,15.0,39.0,2.0,11.0,32.0,6.0,28.0,1.0,2.0,71.0,,215.0,2349,194.0,198.0,186.0,6.0,2345,4694
Brandon Ingram,1137,758.0,238.0,436.0,46.0,130.0,0.588006230529595,458.0,70.0,26.0,10.0,39.0,43.0,7.0,45.0,8.0,26.0,41.0,5.0,19.0,1.0,11.0,86.0,,176.0,2319,184.0,292.0,111.0,27.0,2303,4622
Stephen Curry,1135,920.0,135.0,256.0,155.0,389.0,0.6265474552957359,367.0,73.0,27.0,7.0,13.0,38.0,12.0,66.0,15.0,42.0,38.0,4.0,24.0,5.0,4.0,104.0,,201.0,2367,98.0,172.0,276.0,189.0,2345,4712
Saddiq Bey,1135,447.0,93.0,169.0,65.0,191.0,0.5687022900763359,113.0,14.0,15.0,2.0,6.0,11.0,17.0,15.0,4.0,12.0,22.0,1.0,3.0,8.0,7.0,37.0,,82.0,2390,82.0,104.0,195.0,,2389,4779
Franz Wagner,1135,709.0,215.0,398.0,47.0,162.0,0.5603174603174603,311.0,75.0,6.0,4.0,17.0,30.0,15.0,38.0,5.0,18.0,25.0,4.0,20.0,1.0,3.0,63.0,,162.0,2332,188.0,242.0,111.0,30.0,2339,4671
Jrue Holiday,1134,431.0,102.0,207.0,63.0,150.0,0.5687830687830688,387.0,52.0,19.0,10.0,17.0,58.0,14.0,47.0,8.0,33.0,20.0,5.0,14.0,1.0,3.0,67.0,,48.0,2310,94.0,110.0,129.0,60.0,2309,4619
Alperen Sengun,1120,749.0,272.0,473.0,22.0,74.0,0.5963375796178344,431.0,52.0,23.0,16.0,17.0,66.0,16.0,48.0,9.0,22.0,39.0,3.0,26.0,,8.0,87.0,,189.0,2257,354.0,190.0,66.0,,2248,4505
Kyle Kuzma,1117,812.0,230.0,436.0,87.0,249.0,0.5517711171662125,355.0,67.0,22.0,6.0,28.0,27.0,2.0,50.0,7.0,33.0,47.0,7.0,17.0,3.0,12.0,97.0,,118.0,2399,240.0,220.0,201.0,60.0,2404,4803
Taurean Prince,1117,356.0,48.0,96.0,79.0,201.0,0.5741935483870968,143.0,32.0,14.0,6.0,6.0,7.0,14.0,22.0,5.0,18.0,12.0,1.0,4.0,,5.0,34.0,,31.0,2325,84.0,12.0,222.0,15.0,2329,4654
Kevin Durant,1110,889.0,247.0,457.0,64.0,135.0,0.6391304347826087,417.0,86.0,22.0,3.0,10.0,55.0,7.0,64.0,11.0,35.0,35.0,10.0,29.0,3.0,2.0,99.0,,232.0,2281,234.0,260.0,150.0,42.0,2271,4552
Nikola Vucevic,1110,549.0,196.0,379.0,36.0,129.0,0.5160075329566854,281.0,29.0,13.0,16.0,16.0,39.0,9.0,25.0,13.0,8.0,30.0,1.0,17.0,1.0,4.0,55.0,,56.0,2217,280.0,112.0,108.0,,2193,4410
Kawhi Leonard,1103,763.0,210.0,378.0,74.0,172.0,0.6243822075782537,267.0,32.0,24.0,4.0,19.0,30.0,26.0,34.0,6.0,19.0,18.0,3.0,15.0,1.0,2.0,52.0,,139.0,2236,192.0,228.0,150.0,72.0,2235,4471
Tyrese Haliburton,1101,780.0,166.0,281.0,112.0,278.0,0.6357615894039735,981.0,178.0,51.0,23.0,37.0,122.0,4.0,59.0,14.0,51.0,25.0,1.0,8.0,,2.0,84.0,,129.0,2377,92.0,240.0,132.0,204.0,2357,4734
Spencer Dinwiddie,1098,482.0,86.0,180.0,69.0,217.0,0.5308370044052864,562.0,76.0,22.0,6.0,52.0,66.0,4.0,26.0,12.0,23.0,29.0,5.0,3.0,2.0,2.0,55.0,,133.0,2237,28.0,144.0,141.0,66.0,2228,4465
Jaime Jaquez Jr.,1093,490.0,152.0,267.0,38.0,109.0,0.5917874396135265,237.0,35.0,16.0,6.0,12.0,29.0,11.0,38.0,5.0,25.0,23.0,5.0,13.0,1.0,7.0,61.0,,85.0,2218,156.0,148.0,111.0,3.0,2214,4432
Jerami Grant,1088,696.0,164.0,338.0,75.0,180.0,0.5782312925170068,204.0,19.0,9.0,8.0,14.0,30.0,13.0,46.0,9.0,21.0,26.0,4.0,25.0,,2.0,72.0,,179.0,2224,132.0,196.0,219.0,6.0,2224,4448
Keldon Johnson,1070,575.0,145.0,277.0,64.0,186.0,0.558252427184466,293.0,47.0,17.0,15.0,9.0,36.0,11.0,33.0,10.0,22.0,23.0,7.0,11.0,,,56.0,,122.0,2282,136.0,154.0,174.0,18.0,2282,4564
Grayson Allen,1069,431.0,64.0,117.0,83.0,176.0,0.6782334384858044,216.0,30.0,17.0,10.0,11.0,23.0,9.0,32.0,6.0,22.0,15.0,2.0,10.0,1.0,3.0,47.0,,60.0,2180,74.0,54.0,222.0,27.0,2169,4349
OG Anunoby,1068,477.0,113.0,186.0,71.0,185.0,0.6086956521739131,183.0,24.0,17.0,7.0,7.0,22.0,9.0,26.0,4.0,15.0,21.0,1.0,11.0,,5.0,47.0,,52.0,2183,162.0,64.0,201.0,12.0,2179,4362
Klay Thompson,1062,599.0,96.0,198.0,113.0,293.0,0.5710172744721689,174.0,38.0,20.0,2.0,3.0,15.0,4.0,33.0,4.0,26.0,26.0,7.0,7.0,2.0,6.0,59.0,,75.0,2191,132.0,60.0,324.0,15.0,2184,4375
De'Aaron Fox,1061,847.0,203.0,390.0,98.0,250.0,0.5834482758620689,434.0,77.0,21.0,2.0,16.0,62.0,21.0,58.0,8.0,36.0,23.0,5.0,22.0,1.0,2.0,81.0,,203.0,2235,68.0,338.0,174.0,120.0,2204,4439
Harrison Barnes,1060,399.0,70.0,125.0,64.0,156.0,0.6201923076923077,113.0,13.0,12.0,,5.0,16.0,8.0,14.0,4.0,8.0,11.0,1.0,6.0,1.0,1.0,25.0,1.0,84.0,2206,90.0,50.0,183.0,9.0,2200,4406
Derrick White,1060,541.0,93.0,163.0,89.0,216.0,0.6362559241706162,404.0,73.0,21.0,12.0,16.0,48.0,23.0,29.0,14.0,20.0,28.0,1.0,9.0,1.0,2.0,57.0,,98.0,2197,70.0,116.0,204.0,63.0,2192,4389
Mike Conley,1056,401.0,50.0,108.0,85.0,187.0,0.6321656050955414,530.0,90.0,46.0,15.0,11.0,65.0,22.0,29.0,5.0,27.0,9.0,,2.0,1.0,1.0,38.0,,49.0,2129,38.0,62.0,210.0,45.0,2115,4244
Jalen Green,1055,604.0,121.0,271.0,78.0,224.0,0.531858407079646,255.0,43.0,25.0,4.0,7.0,30.0,6.0,49.0,4.0,24.0,29.0,11.0,25.0,1.0,4.0,78.0,,160.0,2131,98.0,144.0,135.0,99.0,2115,4246
Keegan Murray,1054,509.0,111.0,199.0,80.0,216.0,0.5784090909090909,126.0,15.0,7.0,2.0,11.0,15.0,13.0,18.0,4.0,10.0,11.0,,8.0,,2.0,29.0,1.0,57.0,2176,168.0,54.0,231.0,9.0,2169,4345
James Harden,1052,538.0,74.0,144.0,85.0,197.0,0.6629353233830846,609.0,103.0,52.0,13.0,32.0,59.0,12.0,52.0,14.0,32.0,30.0,1.0,20.0,2.0,2.0,82.0,,155.0,2111,22.0,126.0,111.0,144.0,2108,4219
Chet Holmgren,1051,619.0,168.0,268.0,61.0,149.0,0.6599147121535182,222.0,35.0,12.0,13.0,6.0,28.0,7.0,40.0,3.0,16.0,21.0,4.0,24.0,1.0,3.0,61.0,1.0,123.0,2207,224.0,112.0,180.0,3.0,2216,4423
Josh Hart,1049,273.0,73.0,137.0,34.0,102.0,0.5416666666666666,258.0,38.0,16.0,3.0,15.0,33.0,13.0,28.0,7.0,19.0,16.0,2.0,9.0,1.0,1.0,44.0,,31.0,2109,100.0,46.0,93.0,9.0,2109,4218
Jabari Smith Jr.,1048,452.0,106.0,196.0,58.0,151.0,0.5887728459530026,122.0,22.0,4.0,2.0,8.0,14.0,12.0,25.0,2.0,11.0,17.0,1.0,14.0,4.0,2.0,42.0,,80.0,2092,130.0,82.0,162.0,12.0,2102,4194
Shaedon Sharpe,1038,503.0,114.0,246.0,59.0,174.0,0.5329087048832272,230.0,27.0,13.0,9.0,12.0,32.0,12.0,45.0,8.0,31.0,26.0,5.0,14.0,3.0,1.0,71.0,,119.0,2108,106.0,122.0,126.0,51.0,2126,4234
Jalen Williams,1025,581.0,179.0,315.0,43.0,97.0,0.6268980477223427,323.0,47.0,21.0,5.0,16.0,43.0,16.0,31.0,15.0,15.0,31.0,4.0,16.0,2.0,4.0,62.0,1.0,113.0,2162,132.0,226.0,99.0,30.0,2160,4322
Jeremy Sochan,1020,377.0,112.0,247.0,33.0,90.0,0.5094594594594595,338.0,49.0,18.0,15.0,14.0,44.0,5.0,34.0,14.0,23.0,37.0,5.0,11.0,2.0,5.0,71.0,,70.0,2143,124.0,100.0,96.0,3.0,2147,4290
Malik Beasley,1016,403.0,43.0,82.0,103.0,216.0,0.665016501650165,112.0,15.0,7.0,4.0,5.0,15.0,3.0,14.0,4.0,9.0,9.0,1.0,5.0,1.0,1.0,23.0,,12.0,2166,50.0,36.0,288.0,21.0,2172,4338
Jordan Poole,1014,578.0,135.0,279.0,71.0,224.0,0.5209471766848816,306.0,52.0,20.0,3.0,17.0,35.0,11.0,52.0,7.0,29.0,33.0,5.0,23.0,,11.0,85.0,,110.0,2180,134.0,136.0,150.0,63.0,2182,4362
Aaron Gordon,1012,444.0,160.0,268.0,18.0,61.0,0.5904255319148937,245.0,40.0,17.0,4.0,8.0,33.0,9.0,20.0,4.0,9.0,22.0,4.0,11.0,2.0,1.0,42.0,1.0,110.0,2047,192.0,128.0,45.0,9.0,2035,4082
Patrick Williams,1011,369.0,88.0,185.0,49.0,119.0,0.5557228915662651,133.0,16.0,5.0,5.0,7.0,20.0,12.0,27.0,7.0,15.0,20.0,6.0,12.0,2.0,3.0,47.0,,60.0,2013,92.0,84.0,141.0,6.0,2007,4020
Tim Hardaway Jr.,1009,597.0,98.0,192.0,108.0,305.0,0.5601503759398496,146.0,21.0,6.0,4.0,15.0,13.0,4.0,20.0,2.0,11.0,8.0,3.0,9.0,1.0,,28.0,,89.0,2122,134.0,62.0,285.0,39.0,2097,4219
Devin Booker,1003,732.0,193.0,371.0,58.0,153.0,0.5899339933993399,542.0,75.0,32.0,8.0,36.0,68.0,8.0,45.0,18.0,29.0,39.0,7.0,16.0,,4.0,84.0,,195.0,2048,150.0,236.0,96.0,78.0,2025,4073
Herbert Jones,1001,363.0,87.0,156.0,40.0,113.0,0.5931372549019608,200.0,31.0,16.0,8.0,7.0,23.0,18.0,27.0,2.0,18.0,17.0,2.0,9.0,2.0,6.0,44.0,,79.0,2027,92.0,82.0,114.0,6.0,2051,4078
Tyus Jones,1000,457.0,132.0,227.0,58.0,132.0,0.6175675675675676,483.0,78.0,31.0,8.0,27.0,56.0,17.0,21.0,5.0,18.0,10.0,2.0,3.0,,1.0,31.0,,26.0,2156,118.0,146.0,132.0,42.0,2151,4307
Jonas Valanciunas,997,519.0,181.0,293.0,25.0,68.0,0.6375921375921376,191.0,38.0,15.0,8.0,5.0,18.0,6.0,19.0,3.0,10.0,37.0,2.0,9.0,,7.0,56.0,,102.0,2025,228.0,134.0,75.0,,2018,4043
Duncan Robinson,990,482.0,62.0,114.0,103.0,244.0,0.6266318537859008,252.0,33.0,35.0,7.0,9.0,25.0,7.0,20.0,4.0,14.0,23.0,3.0,6.0,4.0,7.0,43.0,,57.0,2002,84.0,40.0,276.0,33.0,1989,3991
Deni Avdija,980,432.0,129.0,229.0,35.0,98.0,0.589041095890411,332.0,69.0,20.0,2.0,13.0,37.0,8.0,43.0,5.0,28.0,18.0,2.0,15.0,,5.0,61.0,,93.0,2090,134.0,124.0,96.0,9.0,2105,4195
Dorian Finney-Smith,978,335.0,45.0,95.0,79.0,192.0,0.5756013745704467,107.0,19.0,5.0,1.0,7.0,12.0,13.0,16.0,,12.0,10.0,,4.0,1.0,4.0,26.0,,10.0,1957,66.0,24.0,231.0,6.0,1985,3942
D'Angelo Russell,978,497.0,119.0,226.0,69.0,180.0,0.5704387990762124,479.0,93.0,37.0,12.0,20.0,45.0,9.0,46.0,8.0,34.0,16.0,2.0,12.0,2.0,2.0,62.0,,68.0,2049,76.0,162.0,162.0,45.0,2044,4093
Luguentz Dort,977,375.0,65.0,126.0,61.0,149.0,0.6051779935275081,113.0,20.0,9.0,2.0,5.0,12.0,15.0,14.0,3.0,8.0,16.0,3.0,6.0,3.0,1.0,30.0,,75.0,2062,84.0,46.0,180.0,3.0,2073,4135
Ivica Zubac,977,452.0,193.0,294.0,,,0.6608187134502924,111.0,12.0,7.0,5.0,4.0,17.0,3.0,22.0,3.0,14.0,19.0,,8.0,,,41.0,2.0,103.0,1967,294.0,92.0,,,1954,3921
Jusuf Nurkic,974,434.0,142.0,259.0,21.0,77.0,0.5564102564102564,278.0,49.0,25.0,17.0,8.0,24.0,13.0,38.0,9.0,24.0,30.0,1.0,14.0,,,68.0,1.0,122.0,1975,168.0,116.0,63.0,,1958,3933
Myles Turner,969,615.0,171.0,273.0,49.0,140.0,0.6419624217118998,102.0,15.0,7.0,5.0,5.0,11.0,7.0,18.0,5.0,6.0,30.0,1.0,12.0,,3.0,48.0,,156.0,2066,248.0,94.0,147.0,,2055,4121
Eric Gordon,968,419.0,72.0,130.0,83.0,205.0,0.5985714285714285,177.0,30.0,14.0,4.0,11.0,16.0,15.0,23.0,6.0,18.0,18.0,4.0,5.0,1.0,3.0,41.0,,34.0,1950,78.0,66.0,234.0,15.0,1961,3911
John Collins,967,475.0,136.0,245.0,47.0,126.0,0.5835380835380836,70.0,15.0,1.0,4.0,4.0,6.0,6.0,26.0,3.0,12.0,27.0,6.0,14.0,1.0,3.0,53.0,2.0,81.0,1993,190.0,82.0,141.0,,2001,3994
Donovan Mitchell,964,735.0,171.0,320.0,84.0,240.0,0.5776545166402536,381.0,56.0,22.0,3.0,23.0,50.0,10.0,48.0,7.0,26.0,24.0,9.0,22.0,,2.0,72.0,,161.0,1992,90.0,252.0,129.0,123.0,1973,3965
Jakob Poeltl,955,382.0,170.0,248.0,,,0.6797153024911032,194.0,42.0,19.0,9.0,4.0,14.0,10.0,24.0,6.0,14.0,33.0,4.0,10.0,,4.0,57.0,,79.0,1950,280.0,60.0,,,1953,3903
Derrick Jones Jr.,952,381.0,87.0,139.0,52.0,151.0,0.5990566037735849,95.0,8.0,5.0,3.0,8.0,13.0,13.0,20.0,1.0,9.0,14.0,7.0,11.0,1.0,2.0,34.0,,68.0,1984,124.0,50.0,156.0,,1990,3974
Bogdan Bogdanovic,933,583.0,97.0,186.0,110.0,293.0,0.5753968253968254,216.0,33.0,16.0,2.0,19.0,19.0,9.0,25.0,4.0,18.0,8.0,,7.0,,2.0,33.0,,65.0,1969,126.0,68.0,288.0,42.0,1940,3909
Bilal Coulibaly,931,294.0,71.0,129.0,38.0,96.0,0.586,151.0,30.0,11.0,,4.0,19.0,17.0,36.0,5.0,26.0,15.0,3.0,10.0,1.0,3.0,51.0,,60.0,1968,82.0,60.0,105.0,9.0,1976,3944
Brandon Miller,930,430.0,102.0,224.0,60.0,163.0,0.5206310679611651,163.0,28.0,6.0,4.0,9.0,20.0,7.0,24.0,5.0,18.0,27.0,3.0,6.0,2.0,5.0,51.0,,56.0,1903,118.0,86.0,174.0,6.0,1894,3797
Jarrett Allen,930,458.0,189.0,281.0,,1.0,0.6918429003021148,205.0,42.0,15.0,11.0,3.0,20.0,8.0,29.0,9.0,20.0,25.0,2.0,9.0,,2.0,54.0,,109.0,1891,290.0,88.0,,,1900,3791
Buddy Hield,928,461.0,67.0,118.0,102.0,269.0,0.5782828282828283,208.0,46.0,10.0,3.0,10.0,20.0,15.0,29.0,12.0,14.0,21.0,3.0,15.0,2.0,2.0,50.0,,25.0,1989,92.0,42.0,273.0,33.0,1963,3952
RJ Barrett,927,581.0,148.0,301.0,54.0,152.0,0.5545977011494253,199.0,26.0,11.0,4.0,14.0,25.0,6.0,29.0,8.0,16.0,29.0,3.0,13.0,3.0,7.0,58.0,,150.0,1909,162.0,134.0,162.0,,1915,3824
Joel Embiid,922,935.0,283.0,501.0,31.0,86.0,0.6380494505494505,409.0,51.0,20.0,9.0,12.0,71.0,10.0,56.0,18.0,22.0,50.0,6.0,34.0,,4.0,106.0,,313.0,1930,304.0,262.0,75.0,18.0,1922,3852
Grant Williams,921,284.0,39.0,79.0,60.0,158.0,0.5612648221343873,134.0,18.0,4.0,3.0,8.0,20.0,3.0,15.0,4.0,6.0,20.0,4.0,9.0,,3.0,35.0,,39.0,1891,56.0,22.0,177.0,3.0,1903,3794
Devin Vassell,920,562.0,126.0,227.0,81.0,212.0,0.5961538461538461,224.0,34.0,15.0,3.0,15.0,25.0,11.0,22.0,7.0,15.0,15.0,3.0,7.0,,2.0,37.0,,82.0,1959,152.0,100.0,189.0,54.0,1956,3915
Norman Powell,920,481.0,94.0,177.0,72.0,157.0,0.6517615176151762,89.0,14.0,7.0,1.0,8.0,7.0,10.0,19.0,4.0,12.0,15.0,2.0,7.0,2.0,4.0,34.0,,86.0,1892,118.0,70.0,207.0,9.0,1895,3787
Bennedict Mathurin,918,528.0,135.0,263.0,51.0,132.0,0.5857461024498887,180.0,19.0,15.0,2.0,12.0,24.0,9.0,21.0,9.0,13.0,33.0,6.0,8.0,,9.0,54.0,,127.0,1954,178.0,92.0,114.0,39.0,1953,3907
Royce O'Neale,916,271.0,22.0,50.0,72.0,194.0,0.5355731225296443,261.0,55.0,16.0,4.0,13.0,24.0,7.0,23.0,5.0,15.0,17.0,2.0,8.0,1.0,2.0,40.0,,18.0,1872,28.0,16.0,195.0,21.0,1882,3754
Lauri Markkanen,913,659.0,134.0,224.0,91.0,236.0,0.6259541984732825,113.0,19.0,2.0,4.0,10.0,11.0,9.0,20.0,2.0,7.0,11.0,,13.0,,3.0,31.0,1.0,138.0,1894,196.0,72.0,267.0,6.0,1902,3796
De'Anthony Melton,912,374.0,58.0,131.0,66.0,181.0,0.5420289855072464,228.0,60.0,9.0,3.0,7.0,21.0,22.0,23.0,3.0,16.0,13.0,1.0,7.0,2.0,2.0,36.0,,73.0,1902,54.0,62.0,159.0,39.0,1895,3797
Kyle Lowry,909,293.0,36.0,69.0,62.0,143.0,0.62882096069869,306.0,46.0,25.0,7.0,8.0,42.0,20.0,31.0,7.0,26.0,16.0,3.0,5.0,,2.0,47.0,,42.0,1837,32.0,40.0,153.0,33.0,1832,3669
Zion Williamson,907,654.0,253.0,431.0,3.0,9.0,0.6169811320754717,350.0,36.0,16.0,6.0,32.0,46.0,14.0,38.0,10.0,21.0,39.0,8.0,17.0,2.0,4.0,77.0,1.0,209.0,1873,238.0,268.0,9.0,,1869,3742
Victor Wembanyama,904,599.0,174.0,333.0,46.0,156.0,0.5448717948717948,199.0,44.0,16.0,5.0,6.0,17.0,12.0,56.0,11.0,30.0,44.0,11.0,26.0,2.0,5.0,100.0,2.0,142.0,1902,248.0,100.0,105.0,33.0,1919,3821
Jalen Suggs,902,451.0,89.0,169.0,71.0,176.0,0.593421052631579,194.0,49.0,6.0,3.0,9.0,17.0,18.0,40.0,9.0,25.0,28.0,5.0,15.0,2.0,6.0,68.0,,78.0,1884,84.0,94.0,186.0,27.0,1887,3771
Bruce Brown,899,352.0,102.0,184.0,29.0,94.0,0.5659163987138264,207.0,32.0,11.0,2.0,16.0,23.0,14.0,23.0,2.0,10.0,14.0,3.0,13.0,,5.0,37.0,,74.0,1926,112.0,92.0,78.0,9.0,1923,3849
Clint Capela,897,390.0,164.0,284.0,,,0.6,95.0,10.0,6.0,3.0,8.0,11.0,8.0,11.0,7.0,4.0,21.0,1.0,7.0,1.0,5.0,32.0,,92.0,1892,206.0,122.0,,,1894,3786
Collin Sexton,896,609.0,158.0,292.0,49.0,143.0,0.5948616600790514,362.0,50.0,23.0,3.0,18.0,52.0,9.0,37.0,9.0,17.0,33.0,5.0,20.0,2.0,9.0,70.0,,165.0,1869,144.0,172.0,132.0,15.0,1865,3734
Isaiah Hartenstein,894,239.0,93.0,154.0,1.0,3.0,0.6390374331550802,158.0,30.0,10.0,3.0,11.0,13.0,19.0,20.0,7.0,14.0,22.0,1.0,6.0,1.0,,42.0,1.0,73.0,1837,114.0,72.0,3.0,,1825,3662
Malik Monk,894,519.0,84.0,171.0,93.0,226.0,0.5965116279069768,449.0,87.0,30.0,7.0,27.0,40.0,6.0,48.0,14.0,36.0,26.0,5.0,12.0,,2.0,74.0,,83.0,1862,96.0,72.0,234.0,45.0,1842,3704
Cole Anthony,891,501.0,122.0,247.0,47.0,136.0,0.5610859728506787,301.0,52.0,16.0,3.0,21.0,32.0,12.0,42.0,10.0,21.0,24.0,3.0,21.0,2.0,4.0,66.0,,137.0,1799,74.0,170.0,123.0,18.0,1802,3601
Bam Adebayo,891,569.0,206.0,398.0,1.0,7.0,0.5735887096774194,255.0,31.0,13.0,4.0,10.0,43.0,3.0,34.0,7.0,18.0,33.0,,16.0,1.0,11.0,67.0,,199.0,1805,240.0,172.0,3.0,,1800,3605
Ausar Thompson,888,308.0,117.0,218.0,9.0,62.0,0.49517684887459806,189.0,33.0,10.0,5.0,8.0,23.0,16.0,36.0,6.0,19.0,18.0,2.0,17.0,1.0,3.0,54.0,1.0,69.0,1841,160.0,74.0,24.0,3.0,1856,3697
Reggie Jackson,888,458.0,128.0,247.0,55.0,144.0,0.5546116504854369,405.0,63.0,28.0,14.0,16.0,49.0,7.0,37.0,7.0,30.0,19.0,,7.0,,2.0,56.0,,50.0,1806,100.0,156.0,132.0,33.0,1787,3593
Chris Paul,882,286.0,61.0,126.0,43.0,119.0,0.5440613026819924,562.0,62.0,51.0,15.0,19.0,83.0,20.0,27.0,5.0,21.0,11.0,2.0,6.0,,3.0,38.0,,42.0,1801,28.0,94.0,90.0,39.0,1792,3593
Toumani Camara,874,247.0,62.0,123.0,30.0,101.0,0.5020325203252033,88.0,8.0,4.0,2.0,4.0,16.0,13.0,21.0,4.0,14.0,21.0,2.0,7.0,3.0,3.0,42.0,1.0,49.0,1791,64.0,60.0,90.0,,1793,3584
Bobby Portis,871,444.0,147.0,263.0,35.0,104.0,0.5663265306122449,95.0,13.0,4.0,5.0,5.0,12.0,11.0,16.0,1.0,4.0,19.0,2.0,12.0,1.0,2.0,35.0,1.0,58.0,1814,138.0,156.0,105.0,,1821,3635
Immanuel Quickley,871,540.0,103.0,210.0,80.0,197.0,0.5849889624724062,242.0,43.0,24.0,6.0,7.0,25.0,6.0,17.0,8.0,7.0,19.0,3.0,10.0,1.0,2.0,36.0,,110.0,1760,88.0,118.0,177.0,63.0,1760,3520
Aaron Nesmith,869,398.0,74.0,126.0,71.0,155.0,0.6567656765676567,90.0,11.0,11.0,2.0,4.0,10.0,16.0,12.0,5.0,9.0,18.0,3.0,3.0,2.0,1.0,30.0,,53.0,1842,90.0,58.0,207.0,6.0,1845,3687
Dillon Brooks,866,380.0,88.0,166.0,53.0,130.0,0.5956112852664577,117.0,14.0,8.0,5.0,3.0,18.0,10.0,25.0,8.0,14.0,23.0,6.0,11.0,1.0,2.0,48.0,,54.0,1743,110.0,66.0,156.0,3.0,1746,3489
P.J. Washington,859,390.0,93.0,175.0,53.0,169.0,0.5285326086956522,170.0,22.0,8.0,10.0,6.0,24.0,8.0,28.0,5.0,18.0,16.0,1.0,10.0,,2.0,44.0,,59.0,1763,146.0,40.0,147.0,12.0,1776,3539
Isaiah Stewart,859,290.0,69.0,131.0,39.0,98.0,0.5823293172690763,112.0,13.0,15.0,4.0,1.0,15.0,1.0,16.0,2.0,8.0,27.0,2.0,8.0,2.0,7.0,43.0,1.0,47.0,1768,96.0,42.0,117.0,,1771,3539
Josh Giddey,857,409.0,136.0,282.0,34.0,92.0,0.5190839694656488,368.0,79.0,14.0,4.0,17.0,41.0,11.0,53.0,13.0,33.0,30.0,3.0,20.0,1.0,5.0,83.0,1.0,44.0,1818,140.0,132.0,96.0,6.0,1810,3628
Obi Toppin,856,418.0,112.0,156.0,50.0,124.0,0.6852459016393443,120.0,24.0,9.0,,6.0,12.0,4.0,11.0,2.0,7.0,15.0,2.0,4.0,3.0,1.0,26.0,1.0,57.0,1850,184.0,40.0,150.0,,1851,3701
Gary Trent Jr.,852,377.0,65.0,154.0,73.0,185.0,0.5252808988764045,124.0,16.0,16.0,3.0,4.0,14.0,8.0,8.0,3.0,5.0,12.0,,3.0,1.0,2.0,20.0,,43.0,1742,82.0,48.0,204.0,15.0,1734,3476
Miles Bridges,848,473.0,129.0,240.0,50.0,146.0,0.5662650602409639,171.0,20.0,10.0,9.0,9.0,22.0,8.0,30.0,1.0,16.0,16.0,7.0,14.0,,5.0,46.0,,77.0,1720,172.0,86.0,132.0,18.0,1728,3448
Cameron Johnson,848,431.0,81.0,154.0,77.0,185.0,0.592797783933518,187.0,17.0,10.0,2.0,15.0,28.0,8.0,20.0,4.0,16.0,7.0,,4.0,,1.0,27.0,,51.0,1721,92.0,70.0,219.0,12.0,1694,3415
Jaden Ivey,846,434.0,110.0,206.0,38.0,120.0,0.566579634464752,248.0,52.0,19.0,5.0,8.0,24.0,9.0,39.0,9.0,20.0,34.0,5.0,19.0,3.0,9.0,73.0,,132.0,1777,102.0,118.0,102.0,12.0,1782,3559
Daniel Gafford,845,345.0,140.0,206.0,,,0.7012195121951219,113.0,23.0,11.0,9.0,3.0,6.0,12.0,13.0,6.0,5.0,19.0,,8.0,1.0,1.0,32.0,,89.0,1825,206.0,74.0,,,1820,3645
Russell Westbrook,840,394.0,136.0,260.0,23.0,84.0,0.5184210526315789,376.0,69.0,43.0,13.0,13.0,29.0,12.0,47.0,20.0,39.0,35.0,5.0,8.0,3.0,3.0,82.0,,81.0,1724,104.0,168.0,63.0,6.0,1745,3469
Dyson Daniels,839,226.0,60.0,112.0,26.0,89.0,0.5136363636363637,231.0,36.0,18.0,12.0,5.0,28.0,20.0,24.0,3.0,13.0,10.0,1.0,11.0,1.0,2.0,34.0,,42.0,1708,66.0,54.0,78.0,,1729,3437
Jordan Clarkson,837,486.0,125.0,265.0,46.0,154.0,0.5151515151515151,357.0,54.0,20.0,4.0,30.0,37.0,10.0,54.0,13.0,29.0,33.0,5.0,25.0,,8.0,87.0,,111.0,1731,72.0,178.0,87.0,51.0,1737,3468
Onyeka Okongwu,835,316.0,108.0,160.0,13.0,44.0,0.6673728813559322,115.0,16.0,12.0,4.0,5.0,12.0,6.0,8.0,1.0,8.0,16.0,2.0,,1.0,4.0,24.0,1.0,75.0,1754,164.0,52.0,39.0,,1754,3508
Terry Rozier,833,560.0,137.0,258.0,65.0,177.0,0.5798319327731093,394.0,63.0,31.0,7.0,14.0,50.0,10.0,35.0,6.0,28.0,17.0,2.0,7.0,1.0,,52.0,,104.0,1694,84.0,190.0,120.0,75.0,1697,3391
Andrew Wiggins,831,378.0,113.0,241.0,30.0,101.0,0.4934725848563969,113.0,6.0,4.0,,5.0,26.0,6.0,28.0,2.0,12.0,21.0,8.0,16.0,2.0,3.0,49.0,,90.0,1689,152.0,74.0,84.0,6.0,1701,3390
Ayo Dosunmu,829,289.0,79.0,143.0,34.0,102.0,0.5473484848484849,167.0,22.0,14.0,7.0,7.0,20.0,7.0,17.0,3.0,8.0,12.0,2.0,9.0,1.0,2.0,29.0,,38.0,1644,92.0,66.0,93.0,9.0,1635,3279
Kevin Huerter,825,342.0,67.0,123.0,61.0,185.0,0.5294117647058824,218.0,31.0,16.0,5.0,12.0,26.0,8.0,12.0,2.0,9.0,8.0,1.0,3.0,1.0,1.0,20.0,,31.0,1701,108.0,26.0,174.0,9.0,1690,3391
Khris Middleton,814,470.0,126.0,225.0,54.0,142.0,0.5909090909090909,365.0,83.0,25.0,1.0,20.0,29.0,9.0,43.0,11.0,28.0,27.0,9.0,15.0,2.0,,70.0,,67.0,1709,86.0,166.0,117.0,45.0,1704,3413
Kyle Anderson,814,233.0,87.0,170.0,3.0,25.0,0.5087336244541485,331.0,57.0,25.0,4.0,16.0,37.0,11.0,32.0,13.0,22.0,22.0,1.0,10.0,,3.0,54.0,,72.0,1666,90.0,84.0,9.0,,1681,3347
Zach Collins,812,401.0,119.0,200.0,34.0,109.0,0.5845481049562682,239.0,45.0,13.0,9.0,10.0,25.0,3.0,35.0,11.0,23.0,36.0,3.0,12.0,2.0,6.0,71.0,1.0,77.0,1705,152.0,86.0,102.0,,1703,3408
Simone Fontecchio,810,327.0,51.0,90.0,66.0,168.0,0.5989010989010989,107.0,18.0,9.0,4.0,12.0,3.0,12.0,20.0,4.0,12.0,19.0,3.0,8.0,,6.0,39.0,,35.0,1701,74.0,28.0,195.0,3.0,1692,3393
Kristaps Porzingis,810,534.0,135.0,201.0,44.0,135.0,0.6588089330024814,121.0,21.0,2.0,6.0,7.0,14.0,4.0,20.0,3.0,12.0,20.0,2.0,8.0,,3.0,40.0,1.0,158.0,1687,184.0,86.0,129.0,3.0,1667,3354
Matisse Thybulle,809,202.0,20.0,33.0,51.0,134.0,0.5838150289017341,88.0,16.0,4.0,3.0,5.0,9.0,17.0,13.0,2.0,10.0,7.0,2.0,3.0,1.0,,20.0,,12.0,1658,20.0,20.0,153.0,,1662,3320
Caris LeVert,807,452.0,111.0,227.0,54.0,155.0,0.5330188679245284,281.0,53.0,13.0,1.0,12.0,37.0,11.0,25.0,7.0,18.0,17.0,2.0,7.0,3.0,1.0,42.0,,90.0,1661,80.0,142.0,117.0,45.0,1660,3321
Jimmy Butler,806,501.0,135.0,282.0,20.0,53.0,0.5853365384615384,284.0,23.0,12.0,2.0,28.0,42.0,10.0,28.0,6.0,18.0,15.0,4.0,10.0,,2.0,43.0,,194.0,1628,126.0,144.0,48.0,12.0,1627,3255
Naz Reid,803,458.0,104.0,170.0,68.0,170.0,0.6277472527472527,89.0,13.0,8.0,1.0,7.0,8.0,7.0,25.0,5.0,11.0,23.0,4.0,14.0,1.0,5.0,48.0,,54.0,1648,120.0,88.0,204.0,,1639,3287
Keyonte George,802,353.0,56.0,134.0,56.0,168.0,0.5191740412979351,346.0,55.0,27.0,4.0,22.0,36.0,2.0,43.0,11.0,34.0,24.0,5.0,9.0,1.0,3.0,67.0,,92.0,1650,52.0,60.0,117.0,51.0,1665,3315
Al Horford,801,231.0,43.0,64.0,45.0,115.0,0.6277173913043478,226.0,30.0,7.0,4.0,18.0,30.0,5.0,13.0,2.0,8.0,13.0,2.0,5.0,,3.0,26.0,,12.0,1629,56.0,30.0,135.0,,1622,3251
Georges Niang,799,306.0,55.0,105.0,60.0,173.0,0.5331010452961672,110.0,7.0,9.0,,8.0,18.0,9.0,22.0,3.0,14.0,9.0,1.0,8.0,2.0,1.0,31.0,,19.0,1627,80.0,30.0,174.0,6.0,1603,3230
Gordon Hayward,798,362.0,117.0,236.0,22.0,61.0,0.5438066465256798,270.0,49.0,24.0,5.0,12.0,26.0,7.0,26.0,10.0,13.0,25.0,4.0,13.0,1.0,4.0,51.0,,81.0,1639,130.0,104.0,63.0,3.0,1640,3279
Cam Thomas,797,569.0,156.0,336.0,54.0,151.0,0.5280373831775701,141.0,25.0,11.0,,11.0,12.0,7.0,25.0,3.0,8.0,20.0,3.0,17.0,3.0,4.0,45.0,,117.0,1660,148.0,164.0,114.0,48.0,1639,3299
Jonathan Kuminga,791,447.0,142.0,243.0,24.0,88.0,0.5745501285347043,131.0,11.0,11.0,3.0,7.0,20.0,5.0,19.0,4.0,12.0,31.0,3.0,7.0,4.0,5.0,50.0,1.0,130.0,1634,176.0,108.0,69.0,3.0,1639,3273
Nickeil Alexander-Walker,790,228.0,35.0,67.0,48.0,136.0,0.5352112676056338,205.0,34.0,17.0,2.0,10.0,23.0,13.0,22.0,5.0,19.0,12.0,1.0,3.0,1.0,2.0,34.0,,21.0,1618,36.0,34.0,141.0,3.0,1622,3240
Donte DiVincenzo,789,399.0,44.0,81.0,94.0,214.0,0.6414790996784566,171.0,34.0,12.0,2.0,7.0,18.0,13.0,19.0,5.0,16.0,19.0,5.0,3.0,2.0,2.0,38.0,,38.0,1626,58.0,30.0,273.0,9.0,1626,3252
Killian Hayes,784,246.0,79.0,177.0,19.0,65.0,0.4673076923076923,336.0,52.0,23.0,12.0,23.0,31.0,12.0,24.0,5.0,16.0,17.0,2.0,8.0,1.0,2.0,41.0,,46.0,1621,78.0,80.0,48.0,9.0,1628,3249
CJ McCollum,784,479.0,85.0,175.0,86.0,190.0,0.6053299492385786,274.0,50.0,24.0,6.0,11.0,27.0,14.0,20.0,6.0,13.0,19.0,3.0,7.0,3.0,3.0,39.0,,65.0,1609,60.0,110.0,198.0,60.0,1595,3204
Ochai Agbaji,779,236.0,51.0,85.0,41.0,120.0,0.5619047619047619,98.0,9.0,7.0,,8.0,14.0,8.0,16.0,2.0,11.0,12.0,2.0,5.0,1.0,2.0,28.0,,15.0,1597,84.0,18.0,120.0,3.0,1613,3210
Malcolm Brogdon,776,433.0,94.0,209.0,62.0,150.0,0.5485933503836317,368.0,50.0,20.0,12.0,13.0,55.0,8.0,31.0,3.0,22.0,9.0,2.0,9.0,,2.0,40.0,,76.0,1593,50.0,138.0,135.0,51.0,1584,3177
Sam Hauser,776,298.0,22.0,33.0,82.0,197.0,0.6340425531914894,94.0,6.0,4.0,1.0,9.0,15.0,3.0,9.0,2.0,5.0,8.0,1.0,4.0,,1.0,17.0,,10.0,1563,32.0,12.0,240.0,6.0,1551,3114
Corey Kispert,770,405.0,74.0,111.0,69.0,186.0,0.625,121.0,18.0,10.0,4.0,7.0,12.0,4.0,17.0,4.0,7.0,18.0,2.0,10.0,4.0,3.0,35.0,,68.0,1634,104.0,44.0,195.0,12.0,1623,3257
Kelly Olynyk,768,293.0,76.0,120.0,28.0,66.0,0.6845794392523364,377.0,81.0,27.0,4.0,18.0,33.0,10.0,32.0,9.0,21.0,31.0,4.0,11.0,2.0,6.0,63.0,,65.0,1601,64.0,88.0,84.0,,1596,3197
Alex Caruso,765,303.0,58.0,98.0,50.0,118.0,0.6365546218487395,176.0,38.0,13.0,4.0,8.0,14.0,11.0,37.0,3.0,29.0,6.0,,8.0,,1.0,43.0,,48.0,1531,60.0,56.0,135.0,15.0,1532,3063
Terance Mann,760,213.0,56.0,99.0,25.0,95.0,0.5071428571428571,136.0,22.0,9.0,4.0,8.0,14.0,7.0,14.0,1.0,8.0,5.0,1.0,6.0,,,19.0,,35.0,1521,68.0,44.0,75.0,,1524,3045
Deandre Ayton,760,314.0,143.0,261.0,,,0.564748201438849,93.0,13.0,1.0,7.0,6.0,11.0,6.0,27.0,5.0,7.0,23.0,2.0,20.0,2.0,1.0,50.0,1.0,36.0,1558,202.0,84.0,,,1553,3111
Cason Wallace,759,242.0,56.0,91.0,38.0,89.0,0.6402116402116402,125.0,22.0,10.0,2.0,7.0,12.0,12.0,9.0,2.0,4.0,8.0,1.0,5.0,2.0,1.0,17.0,,19.0,1556,82.0,30.0,114.0,,1577,3133
Nic Claxton,758,329.0,140.0,219.0,1.0,1.0,0.6476377952755905,111.0,18.0,9.0,9.0,2.0,11.0,2.0,8.0,3.0,3.0,21.0,3.0,5.0,1.0,1.0,29.0,1.0,77.0,1525,184.0,96.0,3.0,,1546,3071
Cam Reddish,758,215.0,45.0,103.0,30.0,87.0,0.5143540669856459,105.0,20.0,7.0,3.0,5.0,10.0,15.0,17.0,3.0,4.0,12.0,4.0,13.0,3.0,,29.0,,42.0,1590,62.0,28.0,90.0,,1578,3168
Christian Braun,752,307.0,87.0,174.0,27.0,71.0,0.5541516245487365,152.0,21.0,15.0,4.0,3.0,21.0,4.0,18.0,1.0,7.0,10.0,,11.0,,2.0,28.0,,71.0,1503,124.0,50.0,78.0,3.0,1521,3024
Malaki Branham,751,297.0,88.0,172.0,34.0,110.0,0.5121107266435986,196.0,36.0,15.0,2.0,2.0,28.0,2.0,29.0,13.0,20.0,16.0,1.0,9.0,1.0,,45.0,,21.0,1591,106.0,70.0,96.0,6.0,1596,3187
Scoot Henderson,751,328.0,88.0,219.0,33.0,107.0,0.45938375350140054,340.0,42.0,18.0,5.0,24.0,46.0,10.0,52.0,10.0,38.0,34.0,5.0,14.0,2.0,5.0,86.0,,69.0,1544,48.0,128.0,57.0,42.0,1550,3094
Tre Jones,749,267.0,91.0,158.0,16.0,66.0,0.5473251028806584,380.0,48.0,18.0,7.0,22.0,56.0,10.0,33.0,7.0,25.0,11.0,,8.0,1.0,,44.0,,43.0,1595,70.0,112.0,45.0,3.0,1601,3196
Josh Richardson,744,273.0,57.0,102.0,40.0,119.0,0.5630252100840336,193.0,24.0,20.0,6.0,16.0,15.0,4.0,12.0,6.0,11.0,13.0,,1.0,,3.0,25.0,,42.0,1511,62.0,52.0,120.0,,1509,3020
Payton Pritchard,744,269.0,38.0,76.0,60.0,158.0,0.5534979423868313,267.0,38.0,14.0,5.0,14.0,37.0,5.0,11.0,2.0,8.0,11.0,,3.0,2.0,5.0,22.0,,20.0,1481,38.0,38.0,156.0,24.0,1474,2955
Kevon Looney,737,196.0,80.0,135.0,,,0.6282051282051282,226.0,18.0,17.0,9.0,8.0,38.0,12.0,13.0,2.0,7.0,15.0,4.0,6.0,,1.0,28.0,,50.0,1487,112.0,48.0,,,1501,2988
David Roddy,736,250.0,64.0,129.0,30.0,105.0,0.4921259842519685,101.0,16.0,7.0,2.0,9.0,8.0,4.0,19.0,5.0,6.0,11.0,2.0,13.0,,2.0,30.0,,45.0,1518,72.0,56.0,90.0,,1523,3041
Dario Saric,735,378.0,77.0,139.0,55.0,139.0,0.6136363636363636,188.0,24.0,14.0,8.0,9.0,23.0,10.0,19.0,4.0,13.0,23.0,5.0,6.0,2.0,4.0,42.0,,68.0,1496,94.0,60.0,165.0,,1491,2987
Walker Kessler,733,265.0,116.0,174.0,4.0,16.0,0.6463414634146342,60.0,3.0,2.0,1.0,6.0,10.0,1.0,13.0,3.0,8.0,19.0,2.0,5.0,1.0,,32.0,3.0,39.0,1491,174.0,58.0,12.0,,1505,2996
Dereck Lively II,732,253.0,115.0,157.0,,2.0,0.71875,92.0,8.0,6.0,5.0,5.0,13.0,7.0,12.0,2.0,9.0,21.0,1.0,3.0,,2.0,33.0,1.0,42.0,1519,186.0,44.0,,,1514,3033
Jaden McDaniels,728,276.0,86.0,140.0,29.0,82.0,0.6,78.0,10.0,5.0,,6.0,10.0,11.0,14.0,1.0,9.0,12.0,4.0,5.0,2.0,4.0,26.0,,23.0,1466,96.0,76.0,87.0,,1479,2945
De'Andre Hunter,726,358.0,76.0,151.0,46.0,114.0,0.6067796610169491,77.0,11.0,8.0,3.0,6.0,5.0,4.0,19.0,1.0,5.0,18.0,3.0,14.0,3.0,4.0,37.0,,75.0,1541,100.0,52.0,114.0,24.0,1542,3083
Jamal Murray,719,495.0,125.0,248.0,58.0,139.0,0.5823389021479713,339.0,60.0,40.0,8.0,10.0,31.0,5.0,31.0,7.0,23.0,11.0,2.0,8.0,,1.0,42.0,,80.0,1440,94.0,156.0,87.0,87.0,1443,2883
Bismack Biyombo,718,154.0,66.0,118.0,,,0.5539568345323741,124.0,15.0,7.0,7.0,6.0,16.0,3.0,13.0,5.0,7.0,25.0,2.0,6.0,1.0,4.0,38.0,1.0,46.0,1450,104.0,28.0,,,1457,2907
Moritz Wagner,716,426.0,144.0,212.0,21.0,66.0,0.6740506329113924,115.0,16.0,3.0,4.0,2.0,21.0,9.0,18.0,4.0,5.0,28.0,3.0,13.0,2.0,4.0,46.0,,96.0,1453,228.0,60.0,60.0,3.0,1464,2917
Brandin Podziemski,713,275.0,64.0,128.0,42.0,101.0,0.5640495867768595,242.0,22.0,19.0,11.0,7.0,39.0,5.0,24.0,5.0,17.0,14.0,2.0,7.0,2.0,1.0,38.0,,34.0,1448,66.0,62.0,99.0,27.0,1451,2899
Jordan Hawkins,712,328.0,43.0,100.0,65.0,181.0,0.526578073089701,108.0,18.0,7.0,2.0,6.0,12.0,6.0,13.0,1.0,8.0,11.0,4.0,5.0,2.0,1.0,24.0,,55.0,1473,64.0,22.0,195.0,,1457,2930
Kyrie Irving,710,524.0,136.0,267.0,60.0,145.0,0.584841628959276,267.0,45.0,15.0,6.0,15.0,30.0,15.0,19.0,6.0,11.0,13.0,1.0,8.0,2.0,2.0,32.0,,81.0,1468,98.0,174.0,135.0,45.0,1466,2934
Evan Mobley,705,330.0,137.0,235.0,2.0,10.0,0.6043956043956044,144.0,29.0,9.0,1.0,7.0,15.0,8.0,22.0,3.0,11.0,26.0,4.0,11.0,1.0,7.0,48.0,2.0,65.0,1456,200.0,74.0,6.0,,1456,2912
Zach LaVine,701,400.0,93.0,177.0,46.0,139.0,0.556657223796034,169.0,18.0,12.0,11.0,10.0,19.0,6.0,20.0,5.0,9.0,20.0,6.0,11.0,,4.0,40.0,,89.0,1402,68.0,118.0,66.0,72.0,1390,2792
Anthony Black,700,176.0,50.0,88.0,18.0,51.0,0.5751633986928104,151.0,25.0,9.0,4.0,9.0,16.0,12.0,24.0,7.0,21.0,13.0,1.0,3.0,4.0,1.0,37.0,,35.0,1458,76.0,24.0,51.0,3.0,1475,2933
Isaac Okoro,697,230.0,58.0,97.0,24.0,66.0,0.6084656084656085,129.0,19.0,13.0,4.0,5.0,14.0,4.0,10.0,2.0,6.0,14.0,4.0,4.0,1.0,,24.0,,60.0,1383,96.0,20.0,72.0,,1412,2795
Quentin Grimes,690,237.0,22.0,49.0,61.0,158.0,0.5589622641509434,89.0,10.0,8.0,1.0,3.0,14.0,12.0,10.0,3.0,5.0,6.0,1.0,5.0,1.0,1.0,16.0,,14.0,1375,34.0,10.0,174.0,9.0,1377,2752
Goga Bitadze,689,241.0,95.0,151.0,2.0,7.0,0.6443850267379679,129.0,24.0,8.0,4.0,4.0,15.0,12.0,15.0,1.0,11.0,13.0,1.0,4.0,,1.0,28.0,1.0,64.0,1407,124.0,66.0,6.0,,1403,2810
Isaiah Joe,687,326.0,32.0,59.0,78.0,184.0,0.6372549019607843,90.0,17.0,6.0,1.0,4.0,10.0,6.0,14.0,1.0,10.0,8.0,2.0,4.0,2.0,1.0,22.0,,34.0,1478,44.0,20.0,228.0,6.0,1426,2904
Darius Garland,680,414.0,115.0,216.0,36.0,104.0,0.5710306406685237,275.0,58.0,15.0,6.0,7.0,32.0,8.0,48.0,13.0,33.0,28.0,1.0,15.0,3.0,7.0,76.0,,91.0,1392,66.0,164.0,72.0,36.0,1374,2766
Pat Connaughton,679,171.0,24.0,40.0,37.0,104.0,0.5666666666666667,141.0,17.0,8.0,2.0,10.0,19.0,3.0,12.0,3.0,7.0,7.0,1.0,5.0,,1.0,19.0,,17.0,1456,28.0,20.0,105.0,6.0,1445,2901
Santi Aldama,673,301.0,69.0,128.0,45.0,132.0,0.5433212996389891,124.0,15.0,7.0,4.0,5.0,19.0,4.0,19.0,4.0,13.0,12.0,1.0,6.0,,3.0,31.0,,46.0,1370,94.0,44.0,123.0,12.0,1356,2726
Nick Richards,672,246.0,97.0,140.0,,,0.7068965517241379,47.0,10.0,4.0,2.0,1.0,4.0,3.0,10.0,,6.0,17.0,3.0,4.0,,,27.0,,70.0,1357,120.0,74.0,,,1366,2723
Ziaire Williams,662,274.0,59.0,120.0,40.0,121.0,0.5251937984496124,110.0,17.0,10.0,1.0,9.0,9.0,6.0,23.0,2.0,17.0,19.0,8.0,6.0,6.0,2.0,42.0,,43.0,1355,80.0,38.0,114.0,6.0,1372,2727
Talen Horton-Tucker,659,331.0,86.0,188.0,37.0,111.0,0.5092592592592593,313.0,37.0,26.0,2.0,25.0,36.0,19.0,32.0,6.0,22.0,19.0,4.0,10.0,,1.0,51.0,,61.0,1348,46.0,126.0,93.0,18.0,1347,2695
Jalen Duren,656,299.0,131.0,200.0,,2.0,0.6704035874439462,125.0,25.0,11.0,7.0,5.0,8.0,3.0,23.0,4.0,11.0,25.0,3.0,12.0,,,48.0,,53.0,1372,182.0,80.0,,,1371,2743
Kelly Oubre Jr.,649,329.0,78.0,140.0,43.0,115.0,0.5875,60.0,11.0,3.0,1.0,3.0,7.0,11.0,12.0,1.0,8.0,9.0,1.0,4.0,2.0,2.0,21.0,,59.0,1346,98.0,58.0,105.0,24.0,1348,2694
Jalen Johnson,648,314.0,103.0,155.0,23.0,61.0,0.6624472573839663,137.0,28.0,6.0,3.0,7.0,14.0,12.0,23.0,5.0,17.0,18.0,,6.0,1.0,8.0,41.0,,49.0,1371,144.0,62.0,69.0,,1389,2760
Cedi Osman,646,262.0,57.0,97.0,41.0,115.0,0.5770925110132159,159.0,30.0,9.0,3.0,7.0,18.0,9.0,13.0,5.0,7.0,8.0,1.0,6.0,,,21.0,,37.0,1371,76.0,38.0,117.0,6.0,1375,2746
Josh Green,643,172.0,40.0,72.0,26.0,75.0,0.5512820512820513,157.0,25.0,6.0,1.0,9.0,22.0,9.0,15.0,3.0,11.0,8.0,3.0,4.0,,,23.0,,22.0,1325,56.0,24.0,69.0,9.0,1332,2657
Jae'Sean Tate,643,173.0,50.0,84.0,18.0,54.0,0.5805369127516778,92.0,8.0,4.0,4.0,6.0,14.0,12.0,7.0,2.0,2.0,8.0,1.0,5.0,1.0,1.0,15.0,,26.0,1296,52.0,48.0,54.0,,1315,2611
Peyton Watson,639,256.0,73.0,125.0,24.0,68.0,0.5844748858447488,87.0,12.0,6.0,3.0,2.0,13.0,8.0,7.0,2.0,4.0,13.0,1.0,3.0,,3.0,20.0,,54.0,1287,122.0,24.0,72.0,,1315,2602
Christian Wood,632,243.0,59.0,99.0,27.0,80.0,0.5813397129186603,73.0,17.0,4.0,2.0,3.0,6.0,2.0,18.0,5.0,8.0,23.0,3.0,10.0,,4.0,41.0,,66.0,1288,90.0,28.0,81.0,,1299,2587
Dean Wade,626,150.0,11.0,20.0,39.0,106.0,0.5639097744360902,62.0,10.0,1.0,2.0,3.0,9.0,13.0,10.0,,6.0,4.0,1.0,4.0,2.0,,14.0,,14.0,1263,14.0,8.0,114.0,3.0,1279,2542
Jabari Walker,622,265.0,79.0,136.0,16.0,60.0,0.5760869565217391,65.0,8.0,4.0,1.0,4.0,9.0,12.0,13.0,4.0,3.0,16.0,,10.0,3.0,1.0,29.0,1.0,77.0,1268,94.0,64.0,48.0,,1268,2536
Gary Harris,616,192.0,30.0,46.0,36.0,108.0,0.5595238095238095,117.0,24.0,8.0,1.0,5.0,12.0,8.0,6.0,3.0,5.0,8.0,1.0,1.0,,2.0,14.0,,31.0,1253,48.0,12.0,105.0,3.0,1254,2507
Tyler Herro,614,409.0,91.0,199.0,60.0,143.0,0.5566298342541437,196.0,19.0,18.0,7.0,7.0,29.0,6.0,34.0,5.0,20.0,10.0,1.0,14.0,1.0,1.0,44.0,,53.0,1272,68.0,114.0,141.0,39.0,1259,2531
Mitchell Robinson,613,124.0,55.0,95.0,,,0.5486725663716814,36.0,2.0,1.0,6.0,1.0,5.0,4.0,12.0,1.0,,10.0,2.0,12.0,1.0,,22.0,1.0,38.0,1214,54.0,56.0,,,1217,2431
Andre Drummond,611,291.0,117.0,218.0,,2.0,0.542910447761194,46.0,7.0,2.0,5.0,4.0,2.0,20.0,12.0,4.0,9.0,32.0,4.0,3.0,,4.0,44.0,1.0,102.0,1196,128.0,106.0,,,1216,2412
Josh Okogie,611,172.0,35.0,68.0,15.0,62.0,0.524390243902439,102.0,19.0,4.0,4.0,3.0,13.0,17.0,10.0,6.0,6.0,11.0,1.0,4.0,1.0,1.0,21.0,,74.0,1241,48.0,22.0,45.0,,1253,2494
Bojan Bogdanovic,609,357.0,74.0,143.0,54.0,135.0,0.5833333333333334,118.0,16.0,9.0,4.0,7.0,13.0,3.0,31.0,7.0,20.0,11.0,2.0,11.0,,1.0,42.0,,63.0,1271,80.0,68.0,138.0,24.0,1268,2539
Marcus Smart,605,289.0,60.0,103.0,42.0,134.0,0.5515267175572519,210.0,36.0,8.0,4.0,13.0,25.0,16.0,32.0,11.0,23.0,30.0,3.0,9.0,2.0,1.0,62.0,,56.0,1268,30.0,90.0,114.0,12.0,1280,2548
Aaron Holiday,602,232.0,40.0,86.0,44.0,106.0,0.5728643216080402,136.0,23.0,9.0,3.0,3.0,19.0,6.0,14.0,4.0,10.0,11.0,2.0,4.0,,3.0,25.0,,22.0,1241,28.0,52.0,114.0,18.0,1246,2487
Patrick Beverley,600,173.0,39.0,71.0,22.0,70.0,0.5509554140127388,190.0,31.0,10.0,6.0,10.0,22.0,10.0,16.0,3.0,13.0,8.0,1.0,3.0,1.0,1.0,24.0,,38.0,1217,32.0,46.0,54.0,12.0,1223,2440
Day'Ron Sharpe,592,277.0,110.0,186.0,1.0,7.0,0.6021739130434782,124.0,19.0,10.0,6.0,6.0,12.0,7.0,19.0,2.0,12.0,18.0,1.0,7.0,,,37.0,,88.0,1194,148.0,72.0,3.0,,1205,2399
Vince Williams Jr.,590,159.0,15.0,34.0,33.0,94.0,0.5416666666666666,119.0,12.0,11.0,2.0,8.0,15.0,8.0,15.0,4.0,9.0,9.0,,6.0,,2.0,24.0,,36.0,1211,16.0,14.0,99.0,,1212,2423
Rui Hachimura,587,290.0,84.0,154.0,28.0,76.0,0.58,67.0,12.0,2.0,,2.0,11.0,5.0,8.0,,5.0,12.0,3.0,3.0,1.0,1.0,20.0,,50.0,1226,138.0,30.0,84.0,,1219,2445
Dante Exum,586,280.0,83.0,131.0,28.0,62.0,0.6635071090047393,211.0,31.0,8.0,8.0,9.0,30.0,7.0,15.0,2.0,8.0,11.0,3.0,7.0,,2.0,26.0,,40.0,1211,88.0,78.0,81.0,3.0,1211,2422
Moses Moody,584,276.0,65.0,106.0,34.0,98.0,0.6079295154185022,65.0,11.0,3.0,5.0,2.0,7.0,8.0,16.0,2.0,9.0,8.0,1.0,7.0,1.0,2.0,24.0,,56.0,1206,80.0,50.0,90.0,12.0,1202,2408
Alec Burks,576,333.0,39.0,104.0,59.0,157.0,0.5486577181208053,97.0,17.0,4.0,2.0,4.0,13.0,3.0,12.0,2.0,8.0,8.0,2.0,4.0,,,20.0,,89.0,1213,40.0,38.0,135.0,42.0,1218,2431
Torrey Craig,572,165.0,30.0,63.0,29.0,76.0,0.5574324324324325,62.0,14.0,4.0,4.0,1.0,5.0,7.0,10.0,2.0,9.0,6.0,1.0,1.0,1.0,,16.0,,23.0,1124,32.0,28.0,81.0,6.0,1147,2271
Nicolas Batum,567,130.0,16.0,22.0,30.0,70.0,0.6701030927835051,116.0,25.0,11.0,4.0,4.0,8.0,9.0,12.0,2.0,10.0,3.0,,2.0,,,15.0,,12.0,1178,20.0,12.0,90.0,,1169,2347
Jeff Green,558,224.0,60.0,94.0,13.0,42.0,0.6549707602339181,63.0,9.0,3.0,3.0,1.0,10.0,1.0,3.0,2.0,1.0,21.0,3.0,2.0,2.0,2.0,24.0,,80.0,1119,86.0,34.0,36.0,3.0,1130,2249
Kevin Love,557,297.0,43.0,64.0,51.0,143.0,0.6136363636363636,174.0,36.0,21.0,,10.0,10.0,4.0,14.0,2.0,12.0,7.0,,2.0,,2.0,21.0,1.0,75.0,1126,50.0,36.0,150.0,3.0,1133,2259
Cameron Payne,556,219.0,37.0,66.0,38.0,100.0,0.5994475138121547,205.0,35.0,13.0,8.0,12.0,19.0,6.0,16.0,2.0,12.0,12.0,1.0,4.0,3.0,4.0,28.0,,35.0,1144,34.0,40.0,96.0,18.0,1144,2288
Jevon Carter,546,198.0,30.0,75.0,45.0,134.0,0.46919431279620855,113.0,17.0,5.0,6.0,6.0,13.0,8.0,12.0,2.0,9.0,8.0,1.0,3.0,,2.0,20.0,,5.0,1085,34.0,26.0,114.0,21.0,1088,2173
Dwight Powell,540,167.0,56.0,78.0,1.0,2.0,0.7522522522522522,136.0,13.0,6.0,7.0,7.0,21.0,7.0,7.0,1.0,1.0,10.0,1.0,6.0,1.0,2.0,17.0,,69.0,1130,72.0,40.0,3.0,,1135,2265
Drew Eubanks,537,193.0,73.0,127.0,3.0,3.0,0.6266233766233766,78.0,4.0,6.0,5.0,3.0,13.0,5.0,16.0,3.0,11.0,20.0,2.0,5.0,,2.0,36.0,,50.0,1078,118.0,28.0,9.0,,1091,2169
Naji Marshall,535,223.0,48.0,97.0,28.0,72.0,0.578125,147.0,25.0,8.0,3.0,12.0,13.0,13.0,14.0,9.0,10.0,17.0,3.0,4.0,,3.0,31.0,,53.0,1107,56.0,40.0,81.0,3.0,1113,2220
Paul Reed,534,200.0,80.0,137.0,6.0,16.0,0.6024096385542169,99.0,20.0,5.0,2.0,7.0,8.0,13.0,12.0,4.0,3.0,18.0,2.0,9.0,,3.0,30.0,2.0,31.0,1091,90.0,70.0,18.0,,1084,2175
Jordan Goodwin,533,180.0,44.0,100.0,23.0,79.0,0.47368421052631576,173.0,20.0,19.0,10.0,5.0,20.0,13.0,20.0,2.0,13.0,7.0,1.0,7.0,,3.0,27.0,,27.0,1057,34.0,54.0,63.0,6.0,1061,2118
Caleb Martin,529,220.0,60.0,126.0,25.0,66.0,0.5288461538461539,114.0,13.0,5.0,3.0,8.0,16.0,5.0,17.0,5.0,12.0,10.0,1.0,5.0,1.0,2.0,27.0,,37.0,1053,70.0,50.0,66.0,9.0,1059,2112
Bryce McGowens,523,152.0,29.0,62.0,23.0,61.0,0.5507246376811594,72.0,8.0,3.0,7.0,3.0,9.0,4.0,6.0,1.0,6.0,9.0,2.0,,,2.0,15.0,,34.0,1039,26.0,32.0,66.0,3.0,1042,2081
Marcus Sasser,513,231.0,49.0,95.0,37.0,88.0,0.5927835051546392,185.0,29.0,14.0,3.0,5.0,26.0,12.0,17.0,2.0,12.0,8.0,,5.0,,6.0,25.0,,25.0,1081,36.0,62.0,81.0,30.0,1084,2165
Kris Dunn,512,148.0,46.0,95.0,15.0,42.0,0.5103448275862069,299.0,51.0,17.0,2.0,13.0,40.0,10.0,18.0,6.0,13.0,18.0,2.0,5.0,,4.0,36.0,,16.0,1080,28.0,64.0,45.0,,1084,2164
Mark Williams,508,242.0,98.0,151.0,,,0.6685082872928176,57.0,4.0,2.0,3.0,5.0,8.0,2.0,7.0,,5.0,10.0,,2.0,,2.0,17.0,,64.0,1034,124.0,72.0,,,1043,2077
Jaden Hardy,504,261.0,51.0,122.0,45.0,127.0,0.49245283018867925,128.0,28.0,3.0,,9.0,13.0,5.0,16.0,4.0,7.0,9.0,1.0,9.0,,1.0,25.0,,36.0,1064,48.0,54.0,120.0,15.0,1062,2126
LaMelo Ball,501,370.0,80.0,164.0,52.0,134.0,0.5617283950617284,270.0,64.0,28.0,7.0,5.0,19.0,8.0,30.0,7.0,22.0,29.0,5.0,8.0,5.0,6.0,59.0,,63.0,1047,20.0,140.0,90.0,66.0,1062,2109
MarJon Beauchamp,499,165.0,39.0,70.0,25.0,60.0,0.5899280575539568,62.0,13.0,4.0,2.0,4.0,4.0,3.0,9.0,3.0,5.0,13.0,5.0,4.0,,4.0,22.0,,20.0,1053,44.0,34.0,72.0,3.0,1051,2104
Anfernee Simons,498,369.0,76.0,158.0,51.0,133.0,0.5694006309148265,190.0,24.0,16.0,7.0,13.0,19.0,4.0,27.0,2.0,17.0,8.0,1.0,10.0,,1.0,35.0,,69.0,1019,32.0,120.0,96.0,57.0,1024,2043
Precious Achiuwa,497,206.0,70.0,135.0,14.0,52.0,0.4975845410628019,111.0,14.0,4.0,9.0,3.0,16.0,9.0,17.0,4.0,10.0,14.0,1.0,7.0,,3.0,31.0,,42.0,1007,92.0,48.0,42.0,,1013,2020
Max Christie,495,141.0,33.0,67.0,20.0,64.0,0.5035714285714286,69.0,9.0,2.0,1.0,1.0,14.0,3.0,13.0,5.0,10.0,9.0,,3.0,,,22.0,,20.0,1054,44.0,22.0,60.0,,1055,2109
Doug McDermott,494,182.0,12.0,29.0,50.0,113.0,0.6148648648648649,106.0,14.0,7.0,2.0,5.0,15.0,4.0,11.0,,9.0,6.0,,2.0,2.0,1.0,17.0,,12.0,1046,24.0,,144.0,6.0,1039,2085
Robert Covington,488,127.0,24.0,42.0,19.0,56.0,0.5779816513761468,57.0,9.0,4.0,2.0,1.0,8.0,23.0,5.0,1.0,1.0,6.0,,4.0,,1.0,11.0,,26.0,977,36.0,12.0,57.0,,991,1968
Chris Boucher,485,217.0,50.0,86.0,24.0,66.0,0.6129943502824858,31.0,7.0,4.0,,1.0,2.0,2.0,7.0,2.0,2.0,9.0,,5.0,,3.0,16.0,,61.0,965,60.0,40.0,72.0,,984,1949
Malachi Flynn,480,159.0,28.0,58.0,28.0,81.0,0.5236486486486487,179.0,26.0,10.0,4.0,10.0,23.0,10.0,18.0,6.0,10.0,15.0,2.0,8.0,2.0,1.0,33.0,,24.0,978,24.0,32.0,78.0,6.0,980,1958
Tari Eason,480,211.0,68.0,137.0,18.0,50.0,0.5248756218905473,65.0,11.0,4.0,1.0,5.0,6.0,13.0,9.0,2.0,7.0,11.0,1.0,2.0,,5.0,20.0,,33.0,976,66.0,70.0,54.0,,1003,1979
John Konchar,474,93.0,15.0,32.0,18.0,58.0,0.48947368421052634,98.0,8.0,8.0,3.0,4.0,16.0,12.0,10.0,2.0,4.0,3.0,,6.0,,1.0,13.0,,11.0,978,20.0,10.0,54.0,,990,1968
Andrew Nembhard,472,186.0,65.0,114.0,16.0,51.0,0.5470588235294118,227.0,33.0,18.0,4.0,12.0,27.0,7.0,25.0,5.0,20.0,14.0,3.0,5.0,1.0,1.0,39.0,,11.0,987,48.0,82.0,45.0,3.0,994,1981
Ish Smith,471,108.0,50.0,102.0,2.0,6.0,0.4954128440366973,217.0,34.0,12.0,7.0,18.0,19.0,4.0,29.0,4.0,23.0,8.0,1.0,6.0,2.0,,37.0,,2.0,952,38.0,62.0,6.0,,971,1923
Xavier Tillman,467,134.0,47.0,104.0,10.0,41.0,0.4267515923566879,83.0,14.0,4.0,1.0,2.0,13.0,3.0,11.0,3.0,6.0,10.0,2.0,5.0,,1.0,21.0,,26.0,962,74.0,20.0,30.0,,970,1932
Marvin Bagley III,466,252.0,101.0,168.0,1.0,6.0,0.63,62.0,7.0,3.0,6.0,3.0,7.0,,10.0,2.0,8.0,19.0,3.0,2.0,,4.0,29.0,,57.0,960,132.0,70.0,3.0,,956,1916
Haywood Highsmith,460,129.0,23.0,42.0,23.0,70.0,0.5375,74.0,8.0,4.0,1.0,8.0,8.0,9.0,13.0,1.0,12.0,6.0,1.0,1.0,,,19.0,,18.0,939,28.0,18.0,69.0,,940,1879
Keita Bates-Diop,459,129.0,31.0,67.0,14.0,50.0,0.49615384615384617,61.0,6.0,4.0,1.0,2.0,11.0,6.0,3.0,1.0,1.0,3.0,,2.0,1.0,1.0,6.0,,34.0,913,44.0,18.0,39.0,3.0,909,1822
Julian Strawther,458,195.0,34.0,70.0,37.0,115.0,0.5,84.0,14.0,6.0,4.0,6.0,6.0,5.0,6.0,,2.0,9.0,2.0,4.0,2.0,,15.0,,23.0,940,42.0,26.0,105.0,6.0,939,1879
Trey Lyles,443,165.0,21.0,32.0,35.0,86.0,0.6395348837209303,78.0,9.0,3.0,,3.0,15.0,1.0,8.0,3.0,7.0,7.0,,1.0,,1.0,15.0,,28.0,912,32.0,10.0,105.0,,913,1825
T.J. McConnell,440,217.0,94.0,163.0,1.0,14.0,0.5651041666666666,345.0,52.0,22.0,4.0,26.0,37.0,8.0,15.0,6.0,8.0,19.0,2.0,7.0,1.0,6.0,34.0,,35.0,923,38.0,150.0,3.0,,933,1856
Joe Ingles,437,117.0,14.0,35.0,24.0,59.0,0.5555555555555556,179.0,56.0,10.0,1.0,5.0,10.0,6.0,13.0,3.0,8.0,7.0,,5.0,,,20.0,,19.0,897,10.0,18.0,69.0,3.0,889,1786
Isaiah Livers,436,105.0,18.0,39.0,19.0,70.0,0.44871794871794873,55.0,8.0,5.0,1.0,4.0,5.0,8.0,7.0,1.0,5.0,9.0,2.0,2.0,1.0,4.0,16.0,,18.0,911,28.0,8.0,57.0,,924,1835
Chris Duarte,435,128.0,24.0,55.0,21.0,66.0,0.48854961832061067,69.0,13.0,5.0,3.0,2.0,7.0,5.0,10.0,1.0,9.0,9.0,2.0,1.0,1.0,2.0,19.0,,22.0,880,36.0,12.0,57.0,6.0,895,1775
Dennis Smith Jr.,427,164.0,52.0,109.0,12.0,44.0,0.4939759036144578,215.0,47.0,12.0,2.0,11.0,20.0,14.0,11.0,4.0,9.0,12.0,1.0,2.0,1.0,2.0,23.0,,29.0,850,44.0,60.0,30.0,6.0,875,1725
Daniel Theis,424,171.0,59.0,111.0,10.0,24.0,0.5738255033557047,48.0,9.0,1.0,2.0,1.0,7.0,5.0,7.0,,4.0,10.0,,3.0,,3.0,17.0,,31.0,868,100.0,18.0,30.0,,869,1737
Marcus Morris Sr.,424,165.0,35.0,73.0,26.0,60.0,0.5774647887323944,48.0,7.0,6.0,2.0,,6.0,1.0,4.0,1.0,2.0,5.0,,2.0,,,9.0,,21.0,863,34.0,36.0,75.0,3.0,863,1726
Aaron Wiggins,416,171.0,50.0,76.0,17.0,35.0,0.6895161290322581,59.0,14.0,2.0,3.0,2.0,5.0,7.0,8.0,4.0,5.0,10.0,,3.0,,3.0,18.0,,27.0,830,68.0,32.0,48.0,3.0,853,1683
JT Thor,414,91.0,23.0,52.0,14.0,45.0,0.455,31.0,4.0,,1.0,,7.0,2.0,4.0,,1.0,2.0,,3.0,,1.0,6.0,,7.0,843,32.0,14.0,42.0,,850,1693
Jalen Smith,413,246.0,66.0,90.0,27.0,56.0,0.7454545454545455,54.0,16.0,4.0,1.0,,4.0,1.0,11.0,,4.0,11.0,4.0,7.0,,2.0,22.0,,46.0,871,100.0,32.0,81.0,,874,1745
Caleb Houstan,411,139.0,6.0,8.0,38.0,98.0,0.6081081081081081,45.0,5.0,1.0,,3.0,8.0,2.0,5.0,,3.0,3.0,,2.0,2.0,,8.0,,16.0,828,6.0,6.0,111.0,3.0,832,1660
Shake Milton,411,153.0,39.0,83.0,13.0,49.0,0.5032894736842105,93.0,18.0,9.0,,8.0,5.0,5.0,14.0,7.0,11.0,12.0,2.0,3.0,1.0,,26.0,,43.0,859,48.0,30.0,36.0,3.0,858,1717
Julian Champagnie,404,153.0,12.0,30.0,36.0,92.0,0.5795454545454546,56.0,13.0,1.0,2.0,1.0,7.0,7.0,12.0,,10.0,7.0,1.0,2.0,4.0,1.0,19.0,,25.0,856,22.0,2.0,102.0,6.0,866,1722
Bradley Beal,400,213.0,69.0,128.0,13.0,43.0,0.5523560209424084,119.0,15.0,8.0,5.0,8.0,13.0,5.0,12.0,5.0,9.0,17.0,4.0,3.0,1.0,2.0,29.0,,46.0,810,70.0,68.0,39.0,,806,1616
Duop Reath,400,212.0,43.0,77.0,33.0,89.0,0.5861111111111111,55.0,7.0,4.0,6.0,1.0,6.0,4.0,7.0,1.0,2.0,12.0,,5.0,,1.0,19.0,,31.0,795,58.0,28.0,99.0,,796,1591
Craig Porter Jr.,398,180.0,67.0,127.0,7.0,20.0,0.5521472392638037,203.0,22.0,14.0,4.0,12.0,29.0,5.0,20.0,3.0,18.0,8.0,2.0,2.0,,2.0,28.0,,38.0,792,52.0,82.0,18.0,3.0,794,1586
Seth Curry,390,135.0,20.0,55.0,27.0,69.0,0.51953125,62.0,12.0,4.0,,2.0,8.0,6.0,8.0,,6.0,5.0,,2.0,1.0,,13.0,,16.0,821,20.0,20.0,69.0,12.0,808,1629
James Wiseman,387,166.0,73.0,106.0,,2.0,0.680327868852459,32.0,5.0,5.0,3.0,1.0,1.0,3.0,8.0,2.0,4.0,17.0,2.0,4.0,,2.0,25.0,,32.0,829,114.0,32.0,,,837,1666
Isaiah Jackson,386,192.0,77.0,113.0,,2.0,0.6906474820143885,53.0,9.0,6.0,4.0,2.0,3.0,6.0,4.0,2.0,3.0,13.0,,1.0,,,17.0,2.0,54.0,829,126.0,28.0,,,831,1660
Danilo Gallinari,385,181.0,37.0,67.0,20.0,64.0,0.565359477124183,76.0,11.0,6.0,,2.0,12.0,4.0,8.0,,3.0,4.0,2.0,5.0,,1.0,12.0,,56.0,809,36.0,38.0,51.0,9.0,799,1608
Draymond Green,377,145.0,33.0,62.0,18.0,42.0,0.614406779661017,208.0,28.0,16.0,9.0,5.0,29.0,4.0,14.0,11.0,11.0,22.0,2.0,3.0,,1.0,36.0,,30.0,784,52.0,14.0,54.0,,784,1568
Jose Alvarado,375,151.0,26.0,59.0,28.0,73.0,0.5243055555555556,100.0,14.0,7.0,5.0,4.0,12.0,17.0,8.0,4.0,6.0,11.0,3.0,2.0,1.0,2.0,19.0,,25.0,757,24.0,28.0,78.0,6.0,768,1525
Troy Brown Jr.,375,141.0,19.0,31.0,28.0,74.0,0.6077586206896551,72.0,9.0,6.0,,7.0,7.0,2.0,8.0,2.0,7.0,7.0,1.0,1.0,1.0,1.0,15.0,,22.0,765,20.0,18.0,78.0,6.0,765,1530
Lonnie Walker IV,374,249.0,44.0,87.0,44.0,98.0,0.6194029850746269,70.0,9.0,2.0,3.0,6.0,8.0,1.0,14.0,,5.0,11.0,2.0,9.0,3.0,2.0,25.0,,38.0,775,42.0,46.0,96.0,36.0,766,1541
Kenrich Williams,372,109.0,23.0,45.0,20.0,45.0,0.5736842105263158,96.0,14.0,8.0,2.0,5.0,11.0,5.0,5.0,2.0,3.0,3.0,,2.0,,1.0,8.0,,10.0,762,36.0,10.0,57.0,3.0,770,1532
Sasha Vezenkov,369,152.0,28.0,49.0,30.0,84.0,0.5588235294117647,33.0,2.0,3.0,1.0,1.0,6.0,4.0,4.0,1.0,2.0,5.0,,2.0,,2.0,9.0,,8.0,765,44.0,12.0,87.0,3.0,770,1535
Tristan Thompson,367,114.0,51.0,76.0,,,0.6063829787234043,85.0,5.0,6.0,3.0,3.0,16.0,2.0,8.0,,4.0,11.0,,4.0,2.0,1.0,19.0,,36.0,721,52.0,50.0,,,738,1459
Trayce Jackson-Davis,366,166.0,69.0,102.0,,,0.680327868852459,66.0,4.0,5.0,3.0,3.0,11.0,2.0,13.0,2.0,9.0,8.0,,4.0,,,21.0,1.0,45.0,753,110.0,28.0,,,762,1515
Trey Murphy III,365,191.0,26.0,49.0,37.0,90.0,0.6233333333333333,67.0,6.0,2.0,3.0,4.0,11.0,6.0,6.0,1.0,5.0,3.0,2.0,1.0,,,9.0,,33.0,746,40.0,12.0,96.0,15.0,738,1484
Davion Mitchell,364,103.0,25.0,51.0,14.0,57.0,0.44782608695652176,135.0,19.0,7.0,1.0,6.0,21.0,3.0,10.0,3.0,5.0,6.0,,5.0,1.0,2.0,16.0,,15.0,744,20.0,30.0,39.0,3.0,762,1506
Amir Coffey,363,96.0,22.0,33.0,13.0,38.0,0.6153846153846154,41.0,5.0,2.0,,4.0,5.0,2.0,4.0,1.0,3.0,6.0,1.0,1.0,,1.0,10.0,,15.0,746,36.0,8.0,39.0,,742,1488
Yuta Watanabe,361,95.0,8.0,19.0,23.0,73.0,0.4797979797979798,24.0,3.0,3.0,,3.0,1.0,3.0,10.0,,8.0,4.0,2.0,2.0,1.0,1.0,14.0,,15.0,735,8.0,8.0,69.0,,731,1466
Nassir Little,359,120.0,28.0,41.0,16.0,50.0,0.6,41.0,2.0,3.0,2.0,3.0,6.0,1.0,6.0,1.0,5.0,5.0,2.0,1.0,,1.0,11.0,,19.0,730,44.0,12.0,48.0,,741,1471
Chimezie Metu,358,157.0,43.0,64.0,14.0,48.0,0.61328125,31.0,7.0,1.0,,1.0,4.0,1.0,11.0,4.0,7.0,11.0,1.0,4.0,2.0,1.0,22.0,,33.0,721,70.0,16.0,42.0,,722,1443
Skylar Mays,356,133.0,39.0,89.0,14.0,49.0,0.4548611111111111,180.0,20.0,14.0,11.0,12.0,18.0,7.0,16.0,,12.0,2.0,,4.0,,2.0,18.0,,17.0,720,14.0,64.0,36.0,6.0,715,1435
Landry Shamet,353,168.0,33.0,59.0,29.0,78.0,0.5833333333333334,76.0,13.0,2.0,2.0,4.0,10.0,5.0,9.0,4.0,6.0,6.0,,3.0,1.0,,15.0,,23.0,741,46.0,20.0,75.0,12.0,739,1480
Trendon Watford,339,162.0,57.0,99.0,8.0,22.0,0.6090225563909775,103.0,18.0,8.0,3.0,6.0,9.0,6.0,13.0,2.0,9.0,10.0,,4.0,,3.0,23.0,,29.0,684,58.0,56.0,21.0,3.0,696,1380
Larry Nance Jr.,334,92.0,31.0,54.0,7.0,18.0,0.5822784810126582,51.0,7.0,1.0,4.0,2.0,7.0,7.0,5.0,5.0,3.0,14.0,2.0,2.0,,,19.0,2.0,14.0,682,46.0,16.0,18.0,3.0,695,1377
Kevin Knox II,334,153.0,36.0,57.0,23.0,65.0,0.6023622047244095,32.0,7.0,3.0,,1.0,3.0,2.0,5.0,3.0,5.0,8.0,2.0,,,1.0,13.0,,14.0,705,56.0,16.0,66.0,3.0,710,1415
Jaylin Williams,334,101.0,15.0,32.0,19.0,57.0,0.5260416666666666,97.0,9.0,6.0,5.0,9.0,10.0,,4.0,4.0,3.0,6.0,1.0,1.0,,,10.0,,15.0,685,22.0,8.0,57.0,,683,1368
Mike Muscala,327,91.0,17.0,37.0,14.0,49.0,0.4739583333333333,53.0,7.0,4.0,2.0,3.0,6.0,4.0,9.0,1.0,6.0,6.0,2.0,3.0,1.0,,15.0,,20.0,680,28.0,6.0,42.0,,681,1361
Luke Kornet,322,117.0,49.0,72.0,,,0.7222222222222222,52.0,7.0,1.0,,2.0,10.0,,6.0,1.0,4.0,4.0,,2.0,,,10.0,,22.0,633,66.0,32.0,,,643,1276
Zeke Nnaji,321,105.0,35.0,67.0,4.0,14.0,0.5412371134020618,40.0,4.0,3.0,1.0,1.0,7.0,4.0,7.0,2.0,4.0,14.0,1.0,3.0,,,21.0,,37.0,629,42.0,28.0,12.0,,642,1271
Keon Ellis,320,103.0,10.0,14.0,24.0,63.0,0.6058823529411764,86.0,11.0,5.0,,8.0,10.0,8.0,10.0,,7.0,3.0,1.0,3.0,,1.0,13.0,,17.0,650,12.0,8.0,66.0,6.0,663,1313
Andre Jackson Jr.,319,79.0,17.0,27.0,13.0,31.0,0.6370967741935484,72.0,9.0,2.0,1.0,9.0,7.0,1.0,9.0,2.0,7.0,6.0,,2.0,2.0,,15.0,,7.0,671,20.0,14.0,39.0,,669,1340
Ja Morant,318,226.0,66.0,119.0,14.0,51.0,0.5707070707070707,172.0,34.0,9.0,4.0,12.0,14.0,2.0,19.0,7.0,9.0,8.0,,10.0,,,27.0,,64.0,656,38.0,94.0,21.0,21.0,651,1307
Wendell Carter Jr.,317,105.0,24.0,55.0,13.0,32.0,0.525,59.0,8.0,4.0,1.0,2.0,9.0,1.0,3.0,1.0,2.0,13.0,3.0,1.0,1.0,2.0,16.0,,26.0,657,32.0,16.0,39.0,,650,1307
Jaxson Hayes,315,91.0,38.0,54.0,,4.0,0.65,22.0,4.0,2.0,2.0,,2.0,,3.0,2.0,3.0,13.0,1.0,,,1.0,16.0,,28.0,645,68.0,8.0,,,648,1293
Jacob Gilyard,311,76.0,3.0,9.0,23.0,52.0,0.6147540983606558,150.0,16.0,10.0,1.0,5.0,27.0,4.0,10.0,2.0,8.0,3.0,,2.0,,,13.0,,1.0,617,,6.0,60.0,9.0,614,1231
Justin Holiday,309,84.0,12.0,20.0,20.0,44.0,0.65625,58.0,10.0,6.0,1.0,2.0,6.0,6.0,3.0,2.0,3.0,2.0,,,,,5.0,,,632,18.0,6.0,60.0,,635,1267
Derrick Rose,304,142.0,45.0,95.0,11.0,33.0,0.5144927536231884,136.0,18.0,17.0,,9.0,13.0,4.0,15.0,4.0,12.0,7.0,,3.0,1.0,1.0,22.0,,21.0,629,28.0,62.0,27.0,6.0,632,1261
Jarred Vanderbilt,302,43.0,18.0,37.0,1.0,15.0,0.39090909090909093,40.0,6.0,1.0,1.0,2.0,6.0,1.0,5.0,2.0,3.0,5.0,,2.0,,1.0,10.0,1.0,6.0,628,26.0,10.0,3.0,,635,1263
Matt Ryan,298,121.0,6.0,15.0,32.0,68.0,0.6761363636363636,33.0,3.0,5.0,1.0,1.0,4.0,1.0,9.0,1.0,7.0,7.0,,2.0,1.0,3.0,16.0,,14.0,631,12.0,,87.0,9.0,634,1265
Luke Kennard,297,120.0,8.0,20.0,31.0,75.0,0.5959595959595959,75.0,10.0,11.0,,3.0,8.0,3.0,6.0,2.0,4.0,2.0,,2.0,,,8.0,,11.0,613,14.0,2.0,81.0,12.0,607,1220
Sam Merrill,286,153.0,6.0,19.0,45.0,103.0,0.612,66.0,16.0,2.0,,4.0,6.0,2.0,3.0,,2.0,4.0,1.0,1.0,1.0,,7.0,,7.0,580,12.0,,129.0,6.0,572,1152
Jonathan Isaac,285,134.0,35.0,59.0,13.0,47.0,0.5677966101694916,18.0,2.0,,1.0,1.0,3.0,6.0,6.0,,4.0,6.0,,2.0,2.0,2.0,12.0,1.0,32.0,569,42.0,28.0,39.0,,579,1148
Danuel House Jr.,272,75.0,14.0,28.0,11.0,32.0,0.5514705882352942,39.0,9.0,2.0,1.0,2.0,3.0,3.0,12.0,1.0,9.0,2.0,,3.0,,,14.0,,19.0,572,26.0,2.0,30.0,3.0,565,1137
Garrison Mathews,270,65.0,1.0,2.0,21.0,46.0,0.6770833333333334,24.0,1.0,2.0,,3.0,3.0,1.0,5.0,,4.0,3.0,1.0,1.0,,2.0,8.0,,2.0,558,2.0,,63.0,,556,1114
Gary Payton II,261,87.0,27.0,47.0,9.0,32.0,0.5240963855421686,30.0,6.0,2.0,1.0,1.0,3.0,2.0,3.0,1.0,2.0,7.0,1.0,1.0,,2.0,10.0,,9.0,540,44.0,10.0,27.0,,548,1088
Nick Smith Jr.,260,130.0,22.0,53.0,28.0,55.0,0.5963302752293578,44.0,6.0,1.0,,4.0,6.0,2.0,4.0,3.0,4.0,10.0,4.0,,,2.0,14.0,,2.0,510,16.0,28.0,69.0,15.0,514,1024
Delon Wright,258,70.0,16.0,39.0,7.0,22.0,0.5072463768115942,127.0,18.0,7.0,1.0,9.0,16.0,7.0,6.0,1.0,2.0,4.0,1.0,4.0,,,10.0,,19.0,541,10.0,22.0,18.0,3.0,540,1081
Amen Thompson,251,87.0,28.0,52.0,4.0,23.0,0.4943181818181818,65.0,16.0,5.0,1.0,3.0,4.0,8.0,13.0,2.0,7.0,5.0,,6.0,,1.0,18.0,,31.0,527,18.0,38.0,12.0,,532,1059
JaVale McGee,250,134.0,58.0,86.0,,1.0,0.67,33.0,7.0,2.0,,2.0,3.0,2.0,13.0,5.0,7.0,16.0,,6.0,,,29.0,,32.0,530,96.0,20.0,,,517,1047
Kobe Brown,246,56.0,11.0,19.0,11.0,36.0,0.5,34.0,6.0,2.0,,2.0,4.0,5.0,2.0,,1.0,2.0,,1.0,,1.0,4.0,,2.0,496,16.0,6.0,33.0,,494,990
Omer Yurtseven,245,79.0,32.0,58.0,3.0,15.0,0.512987012987013,30.0,8.0,1.0,,1.0,3.0,,10.0,,2.0,10.0,,8.0,,,20.0,,10.0,512,42.0,22.0,9.0,,505,1017
Cody Zeller,245,53.0,15.0,43.0,1.0,3.0,0.4274193548387097,65.0,11.0,6.0,5.0,1.0,6.0,2.0,3.0,2.0,3.0,7.0,1.0,,,,10.0,,33.0,509,18.0,12.0,3.0,,511,1020
Oshae Brissett,244,72.0,16.0,31.0,8.0,25.0,0.5373134328358209,26.0,3.0,1.0,,2.0,4.0,7.0,2.0,1.0,1.0,3.0,1.0,1.0,,,5.0,,26.0,502,24.0,8.0,24.0,,511,1013
Jae Crowder,240,73.0,9.0,16.0,16.0,31.0,0.6923076923076923,37.0,3.0,4.0,1.0,3.0,4.0,,1.0,1.0,1.0,3.0,1.0,,,,4.0,,12.0,515,14.0,4.0,45.0,3.0,515,1030
P.J. Tucker,239,20.0,1.0,3.0,5.0,16.0,0.5,21.0,2.0,1.0,,,5.0,6.0,1.0,1.0,1.0,3.0,,,1.0,1.0,4.0,,3.0,474,2.0,,15.0,,490,964
Gradey Dick,235,66.0,9.0,24.0,11.0,44.0,0.44,39.0,5.0,1.0,,3.0,6.0,,7.0,1.0,6.0,5.0,1.0,1.0,,2.0,12.0,,15.0,472,14.0,4.0,33.0,,485,957
Bones Hyland,234,114.0,22.0,52.0,20.0,55.0,0.504424778761062,65.0,11.0,7.0,1.0,3.0,6.0,3.0,8.0,4.0,6.0,12.0,1.0,2.0,3.0,1.0,20.0,,12.0,489,16.0,28.0,36.0,24.0,477,966
Dalen Terry,232,52.0,13.0,20.0,5.0,25.0,0.5,68.0,13.0,3.0,3.0,3.0,7.0,3.0,8.0,3.0,8.0,4.0,1.0,,,,12.0,,14.0,458,14.0,12.0,15.0,,462,920
Kris Murray,228,64.0,14.0,33.0,10.0,33.0,0.463768115942029,27.0,7.0,1.0,1.0,3.0,,3.0,5.0,,3.0,1.0,1.0,2.0,,,6.0,,8.0,475,14.0,14.0,30.0,,473,948
Thomas Bryant,228,97.0,40.0,68.0,,3.0,0.60625,32.0,2.0,1.0,1.0,2.0,6.0,1.0,2.0,1.0,1.0,13.0,,1.0,,2.0,15.0,1.0,20.0,463,54.0,26.0,,,464,927
Jaden Springer,221,68.0,20.0,47.0,5.0,25.0,0.41975308641975306,51.0,10.0,3.0,2.0,2.0,5.0,3.0,9.0,1.0,7.0,9.0,,2.0,,2.0,18.0,1.0,18.0,451,20.0,20.0,12.0,3.0,456,907
Olivier-Maxence Prosper,214,71.0,14.0,32.0,8.0,31.0,0.46710526315789475,47.0,8.0,,2.0,5.0,4.0,2.0,3.0,,2.0,1.0,,1.0,,,4.0,,27.0,459,20.0,8.0,24.0,,458,917
Orlando Robinson,214,80.0,24.0,47.0,7.0,12.0,0.6060606060606061,59.0,5.0,6.0,2.0,3.0,8.0,2.0,3.0,2.0,3.0,10.0,1.0,,,1.0,13.0,,16.0,431,32.0,16.0,21.0,,427,858
Wesley Matthews,213,40.0,4.0,9.0,6.0,30.0,0.4166666666666667,30.0,3.0,2.0,1.0,,6.0,5.0,2.0,1.0,1.0,4.0,1.0,1.0,,,6.0,,19.0,444,8.0,,18.0,,446,890
Chuma Okeke,209,43.0,5.0,11.0,11.0,38.0,0.43,33.0,2.0,1.0,,2.0,7.0,,2.0,2.0,2.0,6.0,1.0,,2.0,1.0,8.0,,2.0,427,10.0,,30.0,3.0,432,859
Jamal Cain,209,80.0,21.0,41.0,8.0,25.0,0.5333333333333333,6.0,1.0,1.0,1.0,,,6.0,,,,4.0,,,3.0,,4.0,,19.0,419,28.0,14.0,21.0,3.0,423,842
Jalen McDaniels,206,58.0,15.0,34.0,7.0,38.0,0.38666666666666666,33.0,1.0,2.0,3.0,3.0,4.0,4.0,2.0,1.0,1.0,5.0,3.0,1.0,,,7.0,,8.0,415,24.0,6.0,21.0,,416,831
DeAndre Jordan,205,76.0,31.0,49.0,,,0.5846153846153846,36.0,9.0,2.0,1.0,2.0,2.0,1.0,5.0,3.0,2.0,10.0,,3.0,,,15.0,1.0,36.0,409,44.0,18.0,,,409,818
Charles Bassey,205,63.0,29.0,39.0,,1.0,0.75,52.0,4.0,2.0,5.0,1.0,9.0,2.0,7.0,4.0,6.0,8.0,1.0,1.0,,,15.0,1.0,6.0,440,46.0,12.0,,,440,880
Ousmane Dieng,202,78.0,13.0,19.0,14.0,40.0,0.609375,40.0,6.0,2.0,,3.0,5.0,1.0,4.0,1.0,1.0,2.0,1.0,3.0,,,6.0,,12.0,412,26.0,,42.0,,414,826
Theo Maledon,200,54.0,14.0,36.0,5.0,30.0,0.38028169014084506,66.0,12.0,4.0,2.0,5.0,5.0,4.0,10.0,2.0,8.0,5.0,1.0,2.0,,1.0,15.0,,12.0,421,18.0,10.0,15.0,,424,845
Ben Simmons,191,39.0,19.0,36.0,,,0.5131578947368421,104.0,12.0,1.0,3.0,9.0,15.0,1.0,10.0,1.0,9.0,5.0,,1.0,,,15.0,1.0,4.0,387,20.0,18.0,,,398,785
Vasilije Micic,187,44.0,11.0,21.0,6.0,30.0,0.4074074074074074,109.0,14.0,12.0,,6.0,13.0,3.0,7.0,1.0,6.0,5.0,,1.0,1.0,2.0,12.0,,6.0,373,10.0,12.0,15.0,3.0,372,745
Jock Landale,183,40.0,13.0,29.0,2.0,14.0,0.4166666666666667,26.0,2.0,2.0,,,6.0,1.0,4.0,,2.0,4.0,,2.0,,1.0,8.0,,10.0,387,20.0,6.0,6.0,,383,770
Cody Martin,181,56.0,14.0,33.0,8.0,24.0,0.45161290322580644,35.0,7.0,2.0,1.0,2.0,3.0,4.0,3.0,1.0,1.0,3.0,1.0,2.0,,1.0,6.0,,10.0,369,8.0,20.0,24.0,,365,734
Mo Bamba,180,86.0,25.0,46.0,8.0,15.0,0.6417910447761194,28.0,3.0,2.0,,1.0,5.0,2.0,2.0,1.0,2.0,10.0,,,,2.0,12.0,1.0,17.0,364,32.0,18.0,24.0,,367,731
Neemias Queta,178,64.0,26.0,46.0,,,0.6037735849056604,19.0,1.0,1.0,,3.0,2.0,2.0,1.0,,,4.0,,1.0,,1.0,5.0,,16.0,352,38.0,14.0,,,353,705
Taylor Hendricks,175,58.0,11.0,23.0,10.0,32.0,0.5,11.0,2.0,2.0,,,1.0,4.0,3.0,,3.0,5.0,1.0,,1.0,1.0,8.0,,8.0,359,14.0,8.0,30.0,,359,718
Otto Porter Jr.,174,39.0,6.0,10.0,8.0,23.0,0.5735294117647058,18.0,3.0,1.0,2.0,,2.0,3.0,1.0,,1.0,1.0,,,,,2.0,,3.0,368,12.0,,21.0,3.0,360,728
Richaun Holmes,172,55.0,23.0,45.0,,,0.5288461538461539,21.0,5.0,1.0,,1.0,2.0,1.0,5.0,,4.0,5.0,,1.0,,,10.0,1.0,18.0,356,30.0,16.0,,,348,704
Markelle Fultz,171,61.0,29.0,62.0,,3.0,0.4485294117647059,62.0,14.0,1.0,1.0,4.0,6.0,4.0,7.0,,3.0,,,4.0,,,7.0,,8.0,359,14.0,44.0,,,360,719
Cory Joseph,170,29.0,5.0,14.0,5.0,25.0,0.34523809523809523,77.0,7.0,2.0,1.0,1.0,18.0,2.0,4.0,1.0,3.0,4.0,,1.0,3.0,,8.0,,7.0,350,8.0,2.0,15.0,,350,700
Jeremiah Robinson-Earl,167,66.0,18.0,29.0,8.0,18.0,0.66,21.0,2.0,2.0,2.0,,3.0,1.0,5.0,2.0,3.0,3.0,1.0,2.0,,,8.0,,6.0,348,32.0,4.0,24.0,,350,698
Miles McBride,167,78.0,10.0,25.0,18.0,37.0,0.609375,42.0,10.0,2.0,,2.0,4.0,2.0,2.0,1.0,2.0,1.0,,,,,3.0,,5.0,329,4.0,16.0,48.0,6.0,333,662
AJ Green,165,72.0,4.0,7.0,21.0,47.0,0.6545454545454545,31.0,3.0,4.0,1.0,,5.0,,,,,,,,,,,,1.0,348,8.0,,60.0,3.0,344,692
A.J. Lawson,165,76.0,18.0,29.0,10.0,30.0,0.5846153846153846,24.0,2.0,,1.0,2.0,4.0,1.0,4.0,2.0,3.0,4.0,,1.0,,1.0,8.0,,14.0,367,18.0,18.0,30.0,,368,735
KJ Martin,161,44.0,18.0,33.0,1.0,8.0,0.4782608695652174,29.0,7.0,,,,5.0,5.0,1.0,,,4.0,1.0,1.0,,,5.0,1.0,10.0,342,34.0,2.0,3.0,,341,683
Jaylen Nowell,156,51.0,18.0,32.0,4.0,23.0,0.45535714285714285,44.0,3.0,1.0,,4.0,8.0,2.0,2.0,2.0,2.0,3.0,,,,1.0,5.0,,3.0,322,16.0,20.0,12.0,,318,640
Stanley Umude,155,75.0,6.0,17.0,14.0,27.0,0.6981132075471698,18.0,5.0,1.0,,,2.0,1.0,6.0,,5.0,4.0,2.0,1.0,,1.0,10.0,,23.0,324,10.0,2.0,42.0,,333,657
Nikola Jovic,154,58.0,9.0,19.0,11.0,25.0,0.58,54.0,8.0,2.0,2.0,1.0,9.0,1.0,6.0,1.0,5.0,2.0,,1.0,,1.0,8.0,,13.0,313,12.0,6.0,24.0,9.0,318,631
Johnny Davis,149,47.0,20.0,45.0,1.0,3.0,0.47,11.0,4.0,,,,1.0,2.0,4.0,,,1.0,,4.0,,,5.0,,5.0,324,20.0,20.0,3.0,,325,649
Joe Harris,147,37.0,3.0,7.0,10.0,29.0,0.5,22.0,4.0,,1.0,1.0,3.0,,2.0,,2.0,1.0,,,,,3.0,,2.0,302,6.0,,30.0,,307,609
Markieff Morris,146,40.0,6.0,18.0,9.0,28.0,0.425531914893617,28.0,5.0,,,2.0,4.0,1.0,5.0,,3.0,4.0,2.0,2.0,1.0,,9.0,,2.0,304,8.0,4.0,27.0,,301,605
Anthony Gill,144,55.0,20.0,33.0,1.0,10.0,0.5392156862745098,24.0,4.0,2.0,,1.0,3.0,,5.0,2.0,3.0,5.0,1.0,2.0,,,10.0,,16.0,315,26.0,14.0,3.0,,317,632
Furkan Korkmaz,140,40.0,9.0,18.0,5.0,19.0,0.5,23.0,4.0,2.0,1.0,,3.0,6.0,3.0,1.0,2.0,4.0,1.0,1.0,,1.0,7.0,,9.0,304,14.0,4.0,15.0,,305,609
Kira Lewis Jr.,136,40.0,13.0,29.0,2.0,19.0,0.39215686274509803,45.0,6.0,2.0,1.0,3.0,6.0,1.0,4.0,1.0,4.0,3.0,,,,1.0,7.0,,9.0,289,12.0,14.0,6.0,,292,581
Sandro Mamukelashvili,136,53.0,11.0,19.0,7.0,26.0,0.5196078431372549,57.0,13.0,2.0,,1.0,8.0,,4.0,1.0,3.0,3.0,,1.0,,,7.0,,12.0,296,14.0,8.0,21.0,,286,582
Cam Whitmore,133,100.0,26.0,42.0,12.0,28.0,0.6329113924050633,7.0,1.0,,1.0,,1.0,3.0,6.0,,4.0,3.0,2.0,2.0,,,9.0,,19.0,287,22.0,30.0,36.0,,284,571
Kessler Edwards,132,44.0,7.0,14.0,9.0,24.0,0.55,17.0,,4.0,,1.0,2.0,,,,,1.0,,,1.0,,1.0,,4.0,268,8.0,6.0,27.0,,285,553
Jordan Nwora,132,75.0,20.0,33.0,9.0,26.0,0.6048387096774194,28.0,8.0,3.0,,,2.0,2.0,6.0,1.0,5.0,5.0,1.0,1.0,1.0,,11.0,,9.0,293,28.0,12.0,27.0,,296,589
Dru Smith,131,39.0,8.0,16.0,7.0,17.0,0.5735294117647058,33.0,7.0,2.0,,1.0,4.0,1.0,5.0,,5.0,,,,,,5.0,,2.0,267,8.0,8.0,18.0,3.0,269,536
Reggie Bullock Jr.,129,33.0,4.0,9.0,8.0,22.0,0.532258064516129,16.0,4.0,,1.0,1.0,1.0,,2.0,,2.0,1.0,,,,,3.0,,1.0,262,8.0,,21.0,3.0,263,525
Nathan Mensah,128,19.0,6.0,12.0,,,0.5588235294117647,3.0,,,,,1.0,2.0,,,,6.0,,,,,6.0,,10.0,256,10.0,2.0,,,256,512
Jared Butler,128,78.0,18.0,26.0,10.0,24.0,0.7090909090909091,71.0,15.0,5.0,2.0,2.0,7.0,2.0,5.0,1.0,3.0,5.0,1.0,2.0,,1.0,10.0,,15.0,269,16.0,20.0,21.0,9.0,272,541
Gabe Vincent,127,27.0,10.0,15.0,2.0,17.0,0.4090909090909091,34.0,7.0,4.0,,1.0,3.0,2.0,2.0,,2.0,,,,,,2.0,,2.0,263,10.0,10.0,3.0,3.0,262,525
Dominick Barlow,123,36.0,14.0,31.0,1.0,4.0,0.46153846153846156,19.0,2.0,6.0,,,1.0,1.0,,1.0,,3.0,,,,,3.0,,8.0,256,24.0,4.0,3.0,,255,511
Dalano Banton,122,47.0,16.0,26.0,1.0,9.0,0.573170731707317,19.0,4.0,,1.0,,3.0,1.0,4.0,1.0,4.0,5.0,1.0,,,,9.0,,14.0,254,14.0,18.0,3.0,,252,506
Jordan McLaughlin,121,35.0,7.0,13.0,6.0,19.0,0.5147058823529411,63.0,9.0,11.0,1.0,3.0,4.0,5.0,1.0,1.0,,1.0,,1.0,,,2.0,,4.0,255,10.0,4.0,15.0,3.0,249,504
Svi Mykhailiuk,119,28.0,4.0,7.0,6.0,32.0,0.34146341463414637,12.0,3.0,,,,2.0,1.0,4.0,2.0,4.0,2.0,,,,,6.0,,4.0,245,6.0,2.0,15.0,3.0,244,489
Ibou Badji,119,17.0,7.0,13.0,,,0.53125,12.0,4.0,1.0,1.0,,,,6.0,,,2.0,,6.0,,,8.0,1.0,6.0,246,4.0,10.0,,,248,494
Robert Williams III,119,41.0,17.0,26.0,,,0.7068965517241379,12.0,2.0,1.0,,,2.0,,2.0,1.0,1.0,5.0,1.0,1.0,,,7.0,,9.0,243,18.0,16.0,,,242,485
AJ Griffin,117,33.0,2.0,9.0,9.0,28.0,0.4342105263157895,11.0,1.0,,,1.0,2.0,,5.0,,3.0,1.0,,2.0,,1.0,6.0,,2.0,253,2.0,2.0,24.0,3.0,257,510
Blake Wesley,116,32.0,13.0,24.0,,6.0,0.43243243243243246,59.0,4.0,5.0,1.0,3.0,10.0,,4.0,1.0,3.0,1.0,,1.0,,,5.0,,14.0,249,14.0,12.0,,,245,494
Jericho Sims,116,23.0,10.0,15.0,,,0.71875,8.0,,,1.0,1.0,1.0,1.0,1.0,1.0,1.0,2.0,,,,,3.0,,5.0,236,16.0,4.0,,,240,476
Mason Plumlee,114,39.0,14.0,21.0,,,0.65,22.0,3.0,2.0,,,4.0,1.0,3.0,,2.0,2.0,1.0,1.0,,,5.0,,21.0,241,18.0,10.0,,,238,479
Eugene Omoruyi,110,85.0,27.0,38.0,5.0,17.0,0.6538461538461539,24.0,5.0,4.0,,,2.0,3.0,5.0,2.0,3.0,4.0,1.0,2.0,,,9.0,,21.0,236,32.0,22.0,15.0,,243,479
Luka Samanic,109,53.0,15.0,33.0,5.0,20.0,0.4732142857142857,6.0,3.0,,,,,,4.0,1.0,2.0,4.0,1.0,2.0,,1.0,8.0,,9.0,235,24.0,6.0,15.0,,238,473
Ben Sheppard,105,44.0,8.0,13.0,8.0,25.0,0.5365853658536586,20.0,4.0,2.0,1.0,,2.0,1.0,,1.0,,1.0,,,,,1.0,,6.0,240,6.0,10.0,24.0,,244,484
Trevelin Queen,104,23.0,5.0,13.0,3.0,9.0,0.4791666666666667,29.0,2.0,,2.0,4.0,3.0,3.0,2.0,,1.0,1.0,1.0,1.0,,,3.0,,5.0,208,6.0,4.0,6.0,3.0,214,422
Armoni Brooks,104,42.0,4.0,14.0,11.0,32.0,0.44565217391304346,10.0,4.0,1.0,,,,,,2.0,,2.0,,,,,2.0,,2.0,210,6.0,2.0,30.0,3.0,211,421
Kenneth Lofton Jr.,102,39.0,11.0,29.0,3.0,10.0,0.43333333333333335,36.0,5.0,,1.0,2.0,6.0,,4.0,,1.0,4.0,1.0,3.0,,,8.0,,15.0,216,12.0,10.0,9.0,,220,436
Jalen Wilson,102,49.0,14.0,24.0,2.0,8.0,0.6216216216216216,19.0,2.0,5.0,1.0,,1.0,1.0,1.0,,,2.0,,1.0,,,3.0,,15.0,206,14.0,14.0,6.0,,211,417
Tre Mann,102,38.0,11.0,20.0,5.0,15.0,0.5277777777777778,35.0,10.0,3.0,,,3.0,2.0,7.0,,5.0,1.0,,2.0,,1.0,8.0,,1.0,205,6.0,16.0,9.0,6.0,200,405
Alex Len,101,26.0,11.0,16.0,,1.0,0.6190476190476191,40.0,6.0,2.0,,1.0,7.0,1.0,4.0,,2.0,2.0,,2.0,,,6.0,,10.0,210,18.0,4.0,,,205,415
Jake LaRavia,101,26.0,8.0,13.0,3.0,20.0,0.38235294117647056,12.0,,3.0,,,2.0,,1.0,2.0,1.0,3.0,,,,,4.0,,2.0,213,8.0,8.0,9.0,,216,429
Jarace Walker,100,41.0,10.0,20.0,5.0,14.0,0.5540540540540541,28.0,8.0,1.0,2.0,,2.0,2.0,2.0,1.0,2.0,2.0,1.0,,,,4.0,,7.0,222,12.0,8.0,15.0,,224,446
Terry Taylor,99,25.0,12.0,16.0,,4.0,0.625,8.0,1.0,,,,2.0,1.0,2.0,1.0,1.0,4.0,,1.0,,,6.0,,1.0,208,14.0,10.0,,,204,412
Lindy Waters III,98,41.0,1.0,1.0,13.0,31.0,0.640625,20.0,1.0,,,5.0,1.0,,,,,1.0,,,,1.0,1.0,,,203,2.0,,39.0,,194,397
Taj Gibson,96,14.0,7.0,10.0,,4.0,0.5,13.0,1.0,1.0,,1.0,2.0,,,,,2.0,,,,,2.0,,,197,8.0,6.0,,,200,397
Julian Phillips,95,18.0,7.0,12.0,1.0,12.0,0.34615384615384615,13.0,2.0,3.0,,,1.0,1.0,1.0,,1.0,1.0,,,,1.0,2.0,,4.0,200,12.0,2.0,3.0,,199,399
Trent Forrest,94,22.0,8.0,20.0,,2.0,0.44,39.0,4.0,4.0,1.0,1.0,6.0,1.0,4.0,,3.0,1.0,,1.0,,,5.0,,6.0,194,4.0,12.0,,,192,386
Maxi Kleber,90,17.0,1.0,7.0,3.0,9.0,0.40476190476190477,27.0,2.0,1.0,,2.0,5.0,,1.0,1.0,1.0,3.0,,,,,4.0,,10.0,192,2.0,,9.0,,194,386
Jalen Pickett,90,31.0,4.0,7.0,7.0,18.0,0.5961538461538461,25.0,4.0,,1.0,2.0,3.0,1.0,2.0,1.0,1.0,4.0,,1.0,,2.0,6.0,,2.0,180,4.0,4.0,15.0,6.0,177,357
Collin Gillespie,89,20.0,5.0,8.0,3.0,12.0,0.5,18.0,4.0,2.0,,1.0,1.0,2.0,2.0,1.0,2.0,3.0,,,1.0,,5.0,,1.0,179,4.0,6.0,6.0,3.0,177,356
Colby Jones,88,35.0,15.0,26.0,1.0,10.0,0.47297297297297297,14.0,2.0,1.0,1.0,1.0,1.0,,2.0,,2.0,2.0,1.0,,1.0,,4.0,,3.0,176,16.0,14.0,3.0,,177,353
Davis Bertans,83,41.0,,2.0,9.0,22.0,0.7068965517241379,20.0,2.0,,2.0,1.0,3.0,,,,,1.0,,,,,1.0,,15.0,181,,,24.0,3.0,171,352
Moses Brown,82,18.0,9.0,21.0,,,0.391304347826087,4.0,,1.0,1.0,,,,3.0,,2.0,1.0,,1.0,,1.0,4.0,,4.0,164,12.0,6.0,,,166,330
Damian Jones,81,23.0,9.0,14.0,1.0,3.0,0.6388888888888888,11.0,1.0,,,1.0,2.0,2.0,2.0,,1.0,3.0,,1.0,,,5.0,,3.0,159,18.0,,3.0,,159,318
R.J. Hampton,76,10.0,3.0,6.0,1.0,8.0,0.3333333333333333,20.0,2.0,,2.0,1.0,3.0,,3.0,,3.0,,,,,,3.0,,2.0,155,2.0,4.0,3.0,,151,306
Emoni Bates,76,18.0,1.0,5.0,5.0,20.0,0.34615384615384615,17.0,1.0,,,2.0,3.0,,,1.0,,1.0,,,,,1.0,,2.0,154,,2.0,15.0,,153,307
Udoka Azubuike,74,28.0,13.0,17.0,,,0.7,4.0,,1.0,1.0,,,,1.0,,,2.0,,1.0,,,3.0,,7.0,148,14.0,12.0,,,149,297
Lamar Stevens,72,33.0,12.0,19.0,2.0,7.0,0.5892857142857143,15.0,3.0,,,,3.0,,3.0,2.0,,2.0,,3.0,,,5.0,,4.0,158,16.0,8.0,6.0,,155,313
Jalen Hood-Schifino,69,18.0,5.0,19.0,1.0,9.0,0.2727272727272727,12.0,1.0,1.0,1.0,,2.0,1.0,2.0,2.0,2.0,3.0,1.0,,,,5.0,,10.0,148,6.0,4.0,3.0,,144,292
Saben Lee,69,29.0,8.0,15.0,,4.0,0.5370370370370371,24.0,7.0,2.0,,,2.0,3.0,2.0,,2.0,2.0,,,1.0,1.0,4.0,,17.0,140,2.0,14.0,,,144,284
Bol Bol,69,35.0,12.0,15.0,3.0,5.0,0.8333333333333334,11.0,1.0,,,,3.0,,5.0,,3.0,1.0,1.0,2.0,,,6.0,,3.0,138,14.0,10.0,9.0,,139,277
Devonte' Graham,68,24.0,3.0,7.0,4.0,12.0,0.5454545454545454,40.0,7.0,3.0,1.0,2.0,4.0,1.0,2.0,1.0,2.0,1.0,,,,,3.0,,8.0,150,4.0,2.0,9.0,3.0,147,297
Olivier Sarr,67,20.0,4.0,6.0,2.0,5.0,0.6666666666666666,6.0,,,,1.0,1.0,,1.0,,,1.0,,1.0,,,2.0,,8.0,135,8.0,,6.0,,138,273
Patty Mills,67,15.0,,4.0,5.0,10.0,0.5357142857142857,15.0,,,,2.0,3.0,1.0,1.0,,1.0,2.0,1.0,,,,3.0,,,138,,,15.0,,133,271
Rayan Rupert,66,16.0,4.0,14.0,2.0,9.0,0.32,13.0,2.0,,,,3.0,1.0,3.0,,3.0,2.0,,,,1.0,5.0,,4.0,139,4.0,4.0,6.0,,138,277
Ryan Rollins,66,41.0,11.0,22.0,2.0,3.0,0.640625,25.0,7.0,1.0,,,3.0,2.0,7.0,,3.0,,,4.0,,,7.0,,17.0,147,2.0,20.0,3.0,3.0,149,296
Thaddeus Young,63,26.0,11.0,19.0,1.0,2.0,0.5909090909090909,26.0,5.0,2.0,,1.0,3.0,2.0,3.0,,1.0,2.0,1.0,2.0,,,5.0,,3.0,134,12.0,10.0,3.0,,135,269
Thanasis Antetokounmpo,59,8.0,4.0,9.0,,,0.4444444444444444,20.0,1.0,,,2.0,4.0,,2.0,1.0,1.0,3.0,,1.0,1.0,,5.0,,,129,6.0,2.0,,,125,254
Harry Giles III,59,41.0,16.0,26.0,1.0,7.0,0.5540540540540541,4.0,2.0,,,,,1.0,2.0,1.0,1.0,1.0,,1.0,,,3.0,,11.0,123,24.0,8.0,3.0,,126,249
Moussa Diabate,58,27.0,9.0,18.0,,,0.5625,11.0,1.0,,,,3.0,3.0,1.0,,1.0,1.0,,,,1.0,2.0,,12.0,115,10.0,8.0,,,114,229
Jamaree Bouyea,57,10.0,5.0,13.0,,8.0,0.23809523809523808,21.0,1.0,2.0,,,5.0,,3.0,1.0,3.0,5.0,2.0,,,1.0,8.0,,,119,4.0,6.0,,,119,238
Bruno Fernando,55,26.0,10.0,19.0,,1.0,0.5416666666666666,8.0,,1.0,,1.0,1.0,1.0,2.0,1.0,1.0,3.0,,1.0,,,5.0,,8.0,116,12.0,8.0,,,116,232
Brandon Boston Jr.,55,36.0,9.0,16.0,4.0,13.0,0.5625,10.0,1.0,1.0,,1.0,1.0,1.0,1.0,,,2.0,,1.0,,1.0,3.0,,6.0,117,8.0,10.0,6.0,6.0,112,229
Maxwell Lewis,53,3.0,,5.0,1.0,3.0,0.1875,6.0,2.0,1.0,,,,,3.0,,1.0,2.0,1.0,2.0,,,5.0,,,115,,,3.0,,111,226
Patrick Baldwin Jr.,52,17.0,2.0,9.0,3.0,7.0,0.4722222222222222,7.0,2.0,,,,1.0,,,,,1.0,1.0,,,,1.0,,4.0,116,4.0,,9.0,,115,231
Dereon Seabron,52,12.0,2.0,10.0,1.0,2.0,0.4,9.0,1.0,2.0,,,1.0,1.0,,,,,,,,,,,6.0,112,,4.0,3.0,,112,224
Justin Minaya,50,10.0,1.0,4.0,2.0,6.0,0.4166666666666667,2.0,,1.0,,,,,1.0,,1.0,1.0,,,1.0,,2.0,,4.0,99,,2.0,3.0,3.0,101,200
Ish Wainright,46,20.0,,2.0,6.0,16.0,0.5263157894736842,,,,,,,2.0,1.0,,1.0,,,,,,1.0,,2.0,102,,,18.0,,103,205
Admiral Schofield,44,12.0,3.0,5.0,2.0,8.0,0.42857142857142855,10.0,,,2.0,,2.0,,2.0,,1.0,2.0,,1.0,,,4.0,,2.0,93,2.0,4.0,6.0,,96,189
Aleksej Pokusevski,43,6.0,1.0,3.0,1.0,8.0,0.25,15.0,,,,3.0,2.0,,2.0,,1.0,1.0,,1.0,,1.0,3.0,,2.0,86,,2.0,3.0,,83,169
Jontay Porter,42,12.0,2.0,2.0,2.0,9.0,0.5,8.0,3.0,1.0,,,,,1.0,,1.0,,,,,,1.0,,2.0,85,2.0,2.0,6.0,,85,170
D'Moi Hodge,41,14.0,2.0,3.0,3.0,12.0,0.4375,10.0,3.0,1.0,1.0,,,1.0,1.0,,1.0,,,,,,1.0,,2.0,87,4.0,,9.0,,85,172
Leaky Black,40,11.0,4.0,6.0,1.0,2.0,0.6875,11.0,1.0,,,,3.0,,1.0,,,,,1.0,,,1.0,,,81,6.0,2.0,3.0,,81,162
Greg Brown III,40,15.0,4.0,8.0,1.0,3.0,0.5,8.0,3.0,1.0,,,,,3.0,,2.0,1.0,,1.0,,,4.0,,9.0,92,6.0,2.0,3.0,,94,186
Chris Livingston,40,15.0,5.0,9.0,1.0,1.0,0.6818181818181818,7.0,,2.0,,1.0,,1.0,2.0,,,,,2.0,,,2.0,,2.0,85,6.0,4.0,3.0,,83,168
Braxton Key,38,13.0,3.0,9.0,1.0,4.0,0.43333333333333335,16.0,5.0,,,1.0,1.0,,,,,,,,,,,,5.0,78,6.0,,3.0,,77,155
Jermaine Samuels Jr.,38,12.0,5.0,5.0,,2.0,0.75,6.0,,,,,2.0,,,,,,,,,,,,2.0,81,8.0,2.0,,,77,158
Seth Lundy,37,8.0,1.0,2.0,2.0,10.0,0.3333333333333333,,,,,,,,1.0,,,,,1.0,,,1.0,,,77,2.0,,6.0,,80,157
Josh Minott,37,24.0,8.0,10.0,,5.0,0.6666666666666666,7.0,2.0,,,,1.0,,1.0,,,,,1.0,,,1.0,,10.0,87,10.0,6.0,,,80,167
Jett Howard,36,14.0,2.0,4.0,3.0,12.0,0.4117647058823529,8.0,,1.0,,1.0,1.0,,1.0,,1.0,1.0,1.0,,,,2.0,,2.0,80,4.0,,6.0,3.0,80,160
Cole Swider,35,21.0,3.0,4.0,5.0,13.0,0.6176470588235294,6.0,1.0,,2.0,,,1.0,2.0,,1.0,,,1.0,,,2.0,,,71,4.0,2.0,15.0,,71,142
Juan Toscano-Anderson,33,2.0,1.0,4.0,,2.0,0.16666666666666666,10.0,2.0,,,1.0,1.0,1.0,1.0,1.0,1.0,1.0,,,,,2.0,,,69,2.0,,,,76,145
Evan Fournier,33,12.0,2.0,4.0,2.0,12.0,0.35294117647058826,6.0,3.0,,,,,3.0,,,,1.0,,,1.0,,1.0,,2.0,66,2.0,2.0,6.0,,66,132
Ryan Arcidiacono,33,,,,,5.0,,8.0,,1.0,,1.0,1.0,1.0,,,,,,,,,,,,69,,,,,69,138
James Bouknight,33,25.0,2.0,4.0,7.0,12.0,0.78125,12.0,2.0,,1.0,,2.0,,1.0,,1.0,,,,,,1.0,,,64,,4.0,12.0,9.0,64,128
Sidy Cissoko,32,6.0,1.0,2.0,,4.0,0.375,,,,,,,1.0,1.0,,,,,1.0,,,1.0,,4.0,74,2.0,,,,73,147
Boban Marjanovic,30,12.0,6.0,12.0,,2.0,0.42857142857142855,10.0,1.0,1.0,,,2.0,,,,,,,,,,,,1.0,67,6.0,6.0,,,65,132
Dexter Dennis,30,22.0,9.0,11.0,1.0,8.0,0.5789473684210527,9.0,3.0,,,,1.0,,3.0,,3.0,,,,,,3.0,,3.0,72,8.0,10.0,3.0,,72,144
DaQuan Jeffries,30,11.0,4.0,7.0,1.0,5.0,0.4230769230769231,5.0,1.0,,,,1.0,,1.0,,1.0,,,,,,1.0,,2.0,63,8.0,,3.0,,63,126
Jared Rhoden,30,13.0,4.0,5.0,1.0,4.0,0.65,6.0,,3.0,,,,,2.0,,2.0,,,,,,2.0,,2.0,64,8.0,,3.0,,62,126
Colin Castleton,28,12.0,5.0,7.0,,,0.75,6.0,1.0,,2.0,,,,,,,,,,,,,,2.0,56,8.0,2.0,,,54,110
Noah Clowney,27,14.0,6.0,8.0,,1.0,0.7,5.0,1.0,,,,1.0,,,,,1.0,,,,,1.0,,2.0,58,8.0,4.0,,,57,115
Nate Hinton,26,12.0,,4.0,4.0,5.0,0.6666666666666666,2.0,1.0,,,,,,1.0,,1.0,,,,,,1.0,,,58,,,12.0,,56,114
Brandon Williams,26,11.0,3.0,7.0,1.0,1.0,0.55,10.0,1.0,1.0,,2.0,,1.0,2.0,,2.0,,,,,,2.0,,5.0,55,4.0,2.0,3.0,,57,112
Robin Lopez,25,8.0,,1.0,2.0,4.0,0.6666666666666666,5.0,,1.0,,1.0,,,1.0,,,,,1.0,,,1.0,,2.0,58,,,6.0,,54,112
Dariq Whitehead,24,3.0,1.0,2.0,,3.0,0.25,7.0,1.0,1.0,,,1.0,,,,,,,,,,,,2.0,54,2.0,,,,54,108
James Johnson,24,4.0,2.0,4.0,,1.0,0.4,12.0,2.0,1.0,,1.0,1.0,,,1.0,,2.0,,,,,2.0,,,51,2.0,2.0,,,53,104
Lester Quinones,24,13.0,2.0,4.0,3.0,8.0,0.5416666666666666,3.0,,,,1.0,,1.0,2.0,,2.0,1.0,,,1.0,,3.0,,,48,,4.0,6.0,3.0,49,97
Garrett Temple,23,13.0,4.0,5.0,1.0,1.0,0.9285714285714286,9.0,,,,1.0,2.0,,1.0,,,,,1.0,,,1.0,,2.0,50,4.0,4.0,3.0,,49,99
Gui Santos,22,13.0,3.0,4.0,1.0,3.0,0.7222222222222222,2.0,,1.0,,,,,2.0,,2.0,,,,,,2.0,,4.0,47,4.0,2.0,3.0,,48,95
Jordan Ford,22,12.0,2.0,4.0,2.0,3.0,0.75,6.0,,,,,2.0,,,1.0,,1.0,,,,,1.0,,2.0,44,,4.0,3.0,3.0,44,88
Luka Garza,22,15.0,5.0,10.0,,5.0,0.39473684210526316,4.0,1.0,1.0,,,,,2.0,,,,,2.0,,,2.0,,8.0,53,2.0,8.0,,,49,102
Nate Williams,22,13.0,6.0,9.0,,2.0,0.5416666666666666,4.0,2.0,,,,,,,,,,,,,,,,2.0,47,6.0,6.0,,,48,95
Wendell Moore Jr.,22,2.0,1.0,1.0,,2.0,0.3333333333333333,2.0,,,1.0,,,,1.0,1.0,,1.0,,1.0,,,2.0,,,53,,2.0,,,49,102
Daishen Nix,21,8.0,1.0,3.0,2.0,5.0,0.4444444444444444,,,,,,,,,,,,,,,,,,2.0,46,,2.0,3.0,3.0,42,88
Keon Johnson,21,12.0,1.0,4.0,2.0,4.0,0.6,3.0,,,,,1.0,1.0,1.0,,1.0,,,,,,1.0,,4.0,45,2.0,,6.0,,48,93
GG Jackson,21,8.0,1.0,6.0,2.0,6.0,0.3333333333333333,,,,,,,1.0,1.0,,1.0,,,,,,1.0,,,44,2.0,,6.0,,45,89
Hunter Tyson,20,2.0,1.0,1.0,,3.0,0.25,3.0,,,,,1.0,,,,,,,,,,,,,43,2.0,,,,41,84
Jerome Robinson,19,3.0,,3.0,,4.0,0.16666666666666666,2.0,1.0,,,,,,,,,,,,,,,,4.0,43,,,,,43,86
Jalen Slawson,19,4.0,2.0,2.0,,1.0,0.6666666666666666,5.0,,,1.0,,1.0,,,1.0,,2.0,,,,,2.0,,,37,4.0,,,,38,75
Oscar Tshiebwe,19,13.0,5.0,9.0,,,0.5909090909090909,5.0,1.0,,,,1.0,,,,,,,,,,,,4.0,44,6.0,4.0,,,44,88
Danny Green,18,,,1.0,,1.0,,2.0,,1.0,,,,1.0,,,,,,,,,,,,39,,,,,38,77
Ty Jerome,15,4.0,2.0,3.0,,1.0,0.5,7.0,2.0,,,,1.0,,1.0,,1.0,,,,,,1.0,,,30,,4.0,,,31,61
Alex Fudge,14,4.0,1.0,4.0,,2.0,0.2857142857142857,,,,,,,,1.0,,,,,1.0,,,1.0,,2.0,33,,2.0,,,29,62
Isaiah Mobley,14,5.0,1.0,2.0,1.0,2.0,0.625,11.0,,1.0,,1.0,2.0,,,,,1.0,,,,,1.0,,,26,,2.0,3.0,,28,54
E.J. Liddell,12,4.0,1.0,1.0,,3.0,0.4,,,,,,,,,1.0,,2.0,,,1.0,,2.0,,2.0,29,2.0,,,,28,57
Jordan Miller,12,5.0,1.0,2.0,1.0,1.0,0.8333333333333334,,,,,,,,1.0,,1.0,,,,,,1.0,,,28,,2.0,3.0,,26,54
Xavier Moon,12,2.0,1.0,1.0,,1.0,0.5,8.0,,,1.0,,2.0,,,1.0,,1.0,,,,,1.0,,,26,,2.0,,,24,50
Leonard Miller,11,9.0,3.0,4.0,1.0,1.0,0.9,2.0,1.0,,,,,,,,,,,,,,,,,24,6.0,,3.0,,20,44
Adama Sanogo,11,8.0,3.0,3.0,,,1.0,,,,,,,,,,,1.0,1.0,,,,1.0,,3.0,23,2.0,4.0,,,22,45
Amari Bailey,11,5.0,2.0,4.0,,2.0,0.35714285714285715,,,,,,,,1.0,,1.0,,,,,,1.0,,2.0,23,2.0,2.0,,,22,45
Jules Bernard,10,2.0,1.0,2.0,,3.0,0.2,2.0,1.0,,,,,,1.0,,1.0,,,,,,1.0,,,25,,2.0,,,24,49
Filip Petrusev,9,3.0,1.0,2.0,,,0.5,,,,,,,,,,,,,,,,,,2.0,20,2.0,,,,20,40
Lindell Wigginton,8,6.0,2.0,3.0,,2.0,0.5,,,,,,,,1.0,,1.0,,,,,,1.0,,2.0,17,,4.0,,,16,33
Kaiser Gates,7,,,2.0,,2.0,,,,,,,,,,,,,,,,,,,,16,,,,,17,33
Dylan Windler,7,3.0,,,1.0,2.0,0.75,3.0,,,,1.0,,,,,,,,,,,,,,16,,,3.0,,17,33
Micah Potter,7,,,,,1.0,,,,,,,,,,,,,,,,,,,,15,,,,,13,28
Usman Garuba,6,,,1.0,,,,2.0,1.0,,,,,,,,,,,,,,,,,16,,,,,15,31
TyTy Washington Jr.,6,3.0,,1.0,1.0,2.0,0.5,,,,,,,1.0,2.0,,,,,2.0,,,2.0,,,14,,,3.0,,13,27
