Player,Pos,Age,2024-25,2025-26,2026-27,2027-28,2028-29,2029-30,2030-31,Team,Guaranteed
Yuki Kawamura,G,23,0.0,0.0,0.0,0.0,0.0,0.0,,MEM,0.0
Enrique Freeman,PF,24,0.0,0.0,0.0,0.0,0.0,0.0,,IND,0.0
Quenton Jackson,G,26,0.0,0.0,0.0,0.0,0.0,0.0,,IND,0.0
Tristen Newton,PG,23,0.0,0.0,0.0,0.0,0.0,0.0,,IND,0.0
Trentyn Flowers,F,19,0.0,0.0,0.0,0.0,0.0,,,LAC,0.0
Kai Jones,PF,24,0.0,0.0,0.0,0.0,0.0,,,LAC,0.0
Jordan Miller,SF,25,0.0,0.0,0.0,0.0,0.0,,,LAC,0.0
Christian Koloko,C,24,0.0,0.0,0.0,0.0,0.0,,,LAL,0.0
Quincy Olivari,G,23,0.0,0.0,0.0,0.0,0.0,,,LAL,0.0
Armel Traore,SG,22,0.0,0.0,0.0,0.0,0.0,,,LAL,0.0
Colin Castleton,PF,24,0.0,0.0,0.0,0.0,0.0,0.0,,MEM,0.0
Justin Champagnie,SF,23,0.0,0.0,0.0,0.0,0.0,0.0,,WAS,0.0
Cam Spencer,SG,24,0.0,0.0,0.0,0.0,0.0,0.0,,MEM,0.0
Josh Christopher,SG,23,0.0,0.0,0.0,0.0,0.0,0.0,,MIA,0.0
Keshad Johnson,PF,23,0.0,0.0,0.0,0.0,0.0,0.0,,MIA,0.0
Dru Smith,SG,27,0.0,0.0,0.0,0.0,0.0,0.0,,MIA,0.0
Jeenathan Williams,SG,25,0.0,0.0,0.0,0.0,0.0,0.0,0.0,HOU,0.0
Liam Robbins,C,25,0.0,0.0,0.0,0.0,0.0,,,MIL,0.0
Jack McVeigh,F,28,0.0,0.0,0.0,0.0,0.0,0.0,0.0,HOU,0.0
Pat Spencer,G,28,0.0,0.0,0.0,0.0,0.0,,,GSW,0.0
D.J. Steward,PG,23,0.0,0.0,0.0,0.0,0.0,0.0,,CHI,0.0
Emoni Bates,SG,21,0.0,0.0,0.0,0.0,0.0,0.0,0.0,CLE,0.0
JT Thor,PF,22,0.0,0.0,0.0,0.0,0.0,0.0,0.0,CLE,0.0
Luke Travers,SG,23,0.0,0.0,0.0,0.0,0.0,0.0,0.0,CLE,0.0
Kessler Edwards,SF,24,0.0,0.0,0.0,0.0,0.0,,,DAL,0.0
Jazian Gortman,G,21,0.0,0.0,0.0,0.0,0.0,,,DAL,0.0
Brandon Williams,PG,25,0.0,0.0,0.0,0.0,0.0,,,DAL,0.0
Trey Alexander,SG,21,0.0,0.0,0.0,0.0,0.0,0.0,,DEN,0.0
P.J. Hall,PF,22,0.0,0.0,0.0,0.0,0.0,0.0,,DEN,0.0
Spencer Jones,SF,23,0.0,0.0,0.0,0.0,0.0,0.0,,DEN,0.0
Daniss Jenkins,G,23,0.0,0.0,0.0,0.0,0.0,0.0,0.0,DET,0.0
Cole Swider,F,25,0.0,0.0,0.0,0.0,0.0,0.0,0.0,DET,0.0
Alondes Williams,G,25,0.0,0.0,0.0,0.0,0.0,0.0,0.0,DET,0.0
Reece Beekman,PG,23,0.0,0.0,0.0,0.0,0.0,,,GSW,0.0
Quinten Post,C,24,0.0,0.0,0.0,0.0,0.0,,,GSW,0.0
N'Faly Dante,PF,23,0.0,0.0,0.0,0.0,0.0,0.0,0.0,HOU,0.0
Ryan Rollins,SG,22,0.0,0.0,0.0,0.0,0.0,,,MIL,0.0
Stanley Umude,G,25,0.0,0.0,0.0,0.0,0.0,,,MIL,0.0
Jaylen Clark,SG,23,0.0,0.0,0.0,0.0,0.0,0.0,,MIN,0.0
Justin Minaya,F,25,0.0,0.0,0.0,0.0,0.0,,,POR,0.0
Taze Moore,SF,26,0.0,0.0,0.0,0.0,0.0,,,POR,0.0
Isaiah Crawford,G,23,0.0,0.0,0.0,0.0,0.0,,,SAC,0.0
Isaac Jones,C,24,0.0,0.0,0.0,0.0,0.0,,,SAC,0.0
Mason Jones,SG,26,0.0,0.0,0.0,0.0,0.0,,,SAC,0.0
 David Duke Jr.,SG,25,0.0,0.0,0.0,0.0,0.0,0.0,,SAS,0.0
Harrison Ingram,SF,22,0.0,0.0,0.0,0.0,0.0,0.0,,SAS,0.0
Riley Minix,SF,24,0.0,0.0,0.0,0.0,0.0,0.0,,SAS,0.0
Jamison Battle,SF,23,0.0,0.0,0.0,0.0,0.0,0.0,0.0,TOR,0.0
D.J. Carton,PG,24,0.0,0.0,0.0,0.0,0.0,0.0,0.0,TOR,0.0
Ulrich Chomche,PF,19,0.0,0.0,0.0,0.0,0.0,0.0,0.0,TOR,0.0
Micah Potter,C,26,0.0,0.0,0.0,0.0,0.0,0.0,,UTA,0.0
Jason Preston,PG,25,0.0,0.0,0.0,0.0,0.0,0.0,,UTA,0.0
Oscar Tshiebwe,PF,25,0.0,0.0,0.0,0.0,0.0,0.0,,UTA,0.0
Jared Butler,PG,24,0.0,0.0,0.0,0.0,0.0,0.0,,WAS,0.0
Bryce McGowens,SG,22,0.0,0.0,0.0,0.0,0.0,,,POR,0.0
 TyTy Washington Jr.,PG,23,0.0,0.0,0.0,0.0,0.0,0.0,0.0,PHX,0.0
Collin Gillespie,PG,25,0.0,0.0,0.0,0.0,0.0,0.0,0.0,PHX,0.0
Jalen Bridges,SG,23,0.0,0.0,0.0,0.0,0.0,0.0,0.0,PHX,0.0
Jesse Edwards,C,24,0.0,0.0,0.0,0.0,0.0,0.0,,MIN,0.0
Daishen Nix,PG,22,0.0,0.0,0.0,0.0,0.0,0.0,,MIN,0.0
r  Brandon Boston Jr,SG,23,0.0,0.0,0.0,0.0,0.0,0.0,,NOP,0.0
Jamal Cain,SF,25,0.0,0.0,0.0,0.0,0.0,0.0,,NOP,0.0
Trey Jemison,PF,25,0.0,0.0,0.0,0.0,0.0,0.0,,NOP,0.0
Ariel Hukporti,C,22,0.0,0.0,0.0,0.0,0.0,0.0,,NYK,0.0
 Kevin McCullar Jr.,SG,23,0.0,0.0,0.0,0.0,0.0,0.0,,NYK,0.0
Adama Sanogo,PF,22,0.0,0.0,0.0,0.0,0.0,0.0,,CHI,0.0
Jacob Toppin,SF,24,0.0,0.0,0.0,0.0,0.0,0.0,,NYK,0.0
Adam Flagler,G,25,0.0,0.0,0.0,0.0,0.0,0.0,,OKC,0.0
Ajay Mitchell,PG,22,0.0,0.0,0.0,0.0,0.0,0.0,,OKC,0.0
Mac McClung,PG,26,0.0,0.0,0.0,0.0,0.0,0.0,0.0,ORL,0.0
Trevelin Queen,SG,27,0.0,0.0,0.0,0.0,0.0,0.0,0.0,ORL,0.0
Jeff Dowtin,PG,27,0.0,0.0,0.0,0.0,0.0,0.0,,PHI,0.0
Justin Edwards,SG,21,0.0,0.0,0.0,0.0,0.0,0.0,,PHI,0.0
Lester Quinones,SG,24,0.0,0.0,0.0,0.0,0.0,0.0,,PHI,0.0
Alex Ducas,G,24,0.0,0.0,0.0,0.0,0.0,0.0,,OKC,0.0
E.J. Liddell,PF,24,0.0,0.0,0.0,0.0,0.0,0.0,,CHI,0.0
Tristan Vukcevic,C,21,0.0,0.0,0.0,0.0,0.0,0.0,,WAS,0.0
Anton Watson,PF,24,0.0,0.0,0.0,0.0,0.0,0.0,0.0,BOS,0.0
Dominick Barlow,PF,21,0.0,0.0,0.0,0.0,0.0,0.0,0.0,ATL,0.0
K.J. Simpson,PG,22,0.0,0.0,0.0,0.0,0.0,0.0,,CHA,0.0
Jaylen Martin,F,21,0.0,0.0,0.0,0.0,0.0,,,BKN,0.0
Yongxi Cui,G,21,0.0,0.0,0.0,0.0,0.0,,,BKN,0.0
Tyrese Martin,SF,25,0.0,0.0,0.0,0.0,0.0,,,BKN,0.0
Seth Lundy,SG,24,0.0,0.0,0.0,0.0,0.0,0.0,0.0,ATL,0.0
Keaton Wallace,G,25,0.0,0.0,0.0,0.0,0.0,0.0,0.0,ATL,0.0
Jared Rhoden,SG,25,0.0,0.0,0.0,0.0,0.0,0.0,,CHA,0.0
J.D. Davison,PG,22,0.0,0.0,0.0,0.0,0.0,0.0,0.0,BOS,0.0
Moussa Diabate,PF,23,0.0,0.0,0.0,0.0,0.0,0.0,,CHA,0.0
Drew Peterson,F,25,0.0,0.0,0.0,0.0,0.0,0.0,0.0,BOS,0.0
Malevy Leons,PF,25,1097300.0,0.0,0.0,0.0,0.0,0.0,,OKC,1097300.0
Rayan Rupert,SG,20,1891857.0,2221677.0,0.0,0.0,0.0,,,POR,1891857.0
Gui Santos,SF,22,1891857.0,2221677.0,0.0,0.0,0.0,,,GSW,1891857.0
Jalen Wilson,PF,24,1891857.0,2221677.0,0.0,0.0,0.0,,,BKN,1891857.0
Josh Minott,SF,22,2019699.0,2187451.0,0.0,0.0,0.0,0.0,,MIN,2019699.0
Caleb Houstan,SF,22,2019699.0,2187699.0,0.0,0.0,0.0,0.0,0.0,ORL,2019699.0
Jabari Walker,SF,22,2019699.0,0.0,0.0,0.0,0.0,,,POR,2019699.0
Kyle Lowry,PG,38,2087519.0,0.0,0.0,0.0,0.0,0.0,,PHI,2087519.0
Daniel Theis,C,32,2087519.0,0.0,0.0,0.0,0.0,0.0,,NOP,2087519.0
Javonte Green,SG,31,2087519.0,0.0,0.0,0.0,0.0,0.0,,NOP,2087519.0
Seth Curry,SG,34,2087519.0,0.0,0.0,0.0,0.0,0.0,,CHA,2087519.0
Markieff Morris,PF,35,2087519.0,0.0,0.0,0.0,0.0,,,DAL,2087519.0
Monte Morris,PG,29,2087519.0,0.0,0.0,0.0,0.0,0.0,0.0,PHX,2087519.0
Alec Burks,SG,33,2087519.0,0.0,0.0,0.0,0.0,0.0,,MIA,2087519.0
Bol Bol,PF,25,2087519.0,0.0,0.0,0.0,0.0,0.0,0.0,PHX,2087519.0
Cameron Payne,PG,30,2087519.0,0.0,0.0,0.0,0.0,0.0,,NYK,2087519.0
DeAndre Jordan,C,36,2087519.0,0.0,0.0,0.0,0.0,0.0,,DEN,2087519.0
Vlatko Cancar,PF,27,2087519.0,0.0,0.0,0.0,0.0,0.0,,DEN,2087519.0
Spencer Dinwiddie,PG,31,2087519.0,0.0,0.0,0.0,0.0,,,DAL,2087519.0
Damion Lee,SG,32,2087519.0,0.0,0.0,0.0,0.0,0.0,0.0,PHX,2087519.0
Bruno Fernando,C,26,2087519.0,0.0,0.0,0.0,0.0,0.0,0.0,TOR,2087519.0
James Johnson,PF,37,2087519.0,0.0,0.0,0.0,0.0,0.0,,IND,2087519.0
Garrett Temple,SG,38,2087519.0,0.0,0.0,0.0,0.0,0.0,0.0,TOR,2087519.0
Patty Mills,PG,36,2087519.0,0.0,0.0,0.0,0.0,0.0,,UTA,2087519.0
Guerschon Yabusele,PF,29,2087519.0,0.0,0.0,0.0,0.0,0.0,,PHI,2087519.0
Talen Horton-Tucker,SG,24,2087519.0,0.0,0.0,0.0,0.0,0.0,,CHI,2087519.0
Mohamed Bamba,C,26,2087519.0,0.0,0.0,0.0,0.0,,,LAC,2087519.0
Reggie Jackson,PG,34,2087519.0,0.0,0.0,0.0,0.0,0.0,,PHI,2087519.0
Sandro Mamukelashvili,C,25,2087519.0,0.0,0.0,0.0,0.0,0.0,,SAS,2087519.0
Charles Bassey,C,24,2087519.0,0.0,0.0,0.0,0.0,0.0,,SAS,2087519.0
Delon Wright,PG,32,2087519.0,0.0,0.0,0.0,0.0,,,MIL,2087519.0
Taurean Prince,PF,30,2087519.0,0.0,0.0,0.0,0.0,,,MIL,2087519.0
Thomas Bryant,C,27,2087519.0,0.0,0.0,0.0,0.0,0.0,,MIA,2087519.0
 Gary Trent Jr.,SG,26,2087519.0,0.0,0.0,0.0,0.0,,,MIL,2087519.0
Mason Plumlee,C,34,2087519.0,0.0,0.0,0.0,0.0,0.0,0.0,PHX,2087519.0
Orlando Robinson,C,24,2087519.0,0.0,0.0,0.0,0.0,,,SAC,2087519.0
Tyus Jones,PG,28,2087519.0,0.0,0.0,0.0,0.0,0.0,0.0,PHX,2087519.0
Tristan Thompson,C,33,2087519.0,0.0,0.0,0.0,0.0,0.0,0.0,CLE,2087519.0
Joe Ingles,SF,37,2087519.0,0.0,0.0,0.0,0.0,0.0,,MIN,2087519.0
P.J. Dozier,PG,28,2087519.0,0.0,0.0,0.0,0.0,0.0,,MIN,2087519.0
Doug McDermott,SF,33,2087519.0,0.0,0.0,0.0,0.0,,,SAC,2087519.0
Luke Kornet,C,29,2087519.0,0.0,0.0,0.0,0.0,0.0,0.0,BOS,2087519.0
Alex Len,C,31,2087519.0,0.0,0.0,0.0,0.0,,,SAC,2087519.0
Jordan McLaughlin,PG,28,2087519.0,2315.0,0.0,0.0,0.0,,,SAC,2089834.0
Jericho Sims,C,26,2092344.0,0.0,0.0,0.0,0.0,0.0,,NYK,2092344.0
Keon Ellis,SF,25,2120693.0,2301587.0,0.0,0.0,0.0,,,SAC,2120693.0
Luka Garza,C,26,2162606.0,2349578.0,0.0,0.0,0.0,0.0,,MIN,2162606.0
Keon Johnson,SG,22,2162606.0,2349578.0,0.0,0.0,0.0,,,BKN,2162606.0
Sam Merrill,SG,28,2164993.0,0.0,0.0,0.0,0.0,0.0,0.0,CLE,2164993.0
Lindy Waters III,SF,27,2196970.0,0.0,0.0,0.0,0.0,,,GSW,2196970.0
Jeremiah Robinson-Earl,PF,24,2196970.0,0.0,0.0,0.0,0.0,0.0,,NOP,2196970.0
Dalano Banton,PG,25,2196970.0,0.0,0.0,0.0,0.0,,,POR,2196970.0
Garrison Mathews,SG,28,2230253.0,0.0,0.0,0.0,0.0,0.0,0.0,ATL,2230253.0
James Wiseman,C,23,2237691.0,2546675.0,0.0,0.0,0.0,0.0,,IND,2237691.0
 Patrick Baldwin Jr.,SF,22,2448840.0,0.0,0.0,0.0,0.0,0.0,,WAS,2448840.0
Jaxson Hayes,C,24,2463946.0,0.0,0.0,0.0,0.0,,,LAL,2463946.0
Cam Reddish,SF,25,2463946.0,0.0,0.0,0.0,0.0,,,LAL,2463946.0
 Wendell Moore Jr.,SG,23,2537040.0,0.0,0.0,0.0,0.0,0.0,0.0,DET,2537040.0
Ty Jerome,SG,27,2560975.0,0.0,0.0,0.0,0.0,0.0,0.0,CLE,2560975.0
Trendon Watford,PF,24,2726603.0,0.0,0.0,0.0,0.0,,,BKN,2726603.0
MarJon Beauchamp,SG,24,2733720.0,0.0,0.0,0.0,0.0,,,MIL,2733720.0
Torrey Craig,SF,34,2845342.0,0.0,0.0,0.0,0.0,0.0,,CHI,2845342.0
David Roddy,PF,23,2847240.0,0.0,0.0,0.0,0.0,0.0,0.0,ATL,2847240.0
Christian Wood,C,29,3036040.0,0.0,0.0,0.0,0.0,,,LAL,3036040.0
Josh Richardson,SG,31,3051153.0,0.0,0.0,0.0,0.0,0.0,,MIA,3051153.0
Antonio Reeves,SG,24,1157153.0,1955377.0,2296271.0,0.0,0.0,0.0,,NOP,3112530.0
Pelle Larsson,SG,23,1157153.0,1955378.0,2296271.0,0.0,0.0,0.0,,MIA,3112531.0
Dante Exum,PG,29,3150000.0,0.0,0.0,0.0,0.0,,,DAL,3150000.0
Cory Joseph,PG,33,3303771.0,3468960.0,0.0,0.0,0.0,0.0,0.0,ORL,3303771.0
Taj Gibson,C,39,3303771.0,0.0,0.0,0.0,0.0,0.0,,CHA,3303771.0
Jake LaRavia,PF,23,3352680.0,0.0,0.0,0.0,0.0,0.0,,MEM,3352680.0
Karlo Matkovic,PF,23,1407153.0,1955377.0,2296271.0,0.0,0.0,0.0,,NOP,3362530.0
Jamal Shead,PG,22,1862265.0,1955377.0,2296271.0,0.0,0.0,0.0,0.0,TOR,3817642.0
Jonathan Mogbo,C,23,1862265.0,1955377.0,2296271.0,0.0,0.0,0.0,0.0,TOR,3817642.0
Jalen Hood-Schifino,PG,21,3879840.0,0.0,0.0,0.0,0.0,,,LAL,3879840.0
Amir Coffey,SG,27,3938271.0,0.0,0.0,0.0,0.0,,,LAC,3938271.0
Santi Aldama,C,24,3960531.0,0.0,0.0,0.0,0.0,0.0,,MEM,3960531.0
Day'Ron Sharpe,C,23,3989122.0,0.0,0.0,0.0,0.0,,,BKN,3989122.0
Jaden Springer,PG,22,4018363.0,0.0,0.0,0.0,0.0,0.0,0.0,BOS,4018363.0
Cameron Thomas,SG,23,4041249.0,0.0,0.0,0.0,0.0,,,BKN,4041249.0
Jalen Pickett,PG,25,1891857.0,2221677.0,2406205.0,0.0,0.0,0.0,,DEN,4113534.0
Jordan Walsh,SF,20,1891857.0,2221677.0,2406205.0,0.0,0.0,0.0,0.0,BOS,4113534.0
Hunter Tyson,SF,24,1891857.0,2221677.0,2406205.0,0.0,0.0,0.0,,DEN,4113534.0
Julian Phillips,SF,21,1891857.0,2221677.0,2406205.0,0.0,0.0,0.0,,CHI,4113534.0
Toumani Camara,PF,24,1891857.0,2221677.0,2406205.0,0.0,0.0,,,POR,4113534.0
Maxwell Lewis,SF,22,1891857.0,2221677.0,2406205.0,0.0,0.0,,,LAL,4113534.0
Leonard Miller,SF,21,1891857.0,2221677.0,2406205.0,0.0,0.0,0.0,,MIN,4113534.0
Mouhamed Gueye,PF,22,1891857.0,2221677.0,2406205.0,0.0,0.0,0.0,0.0,ATL,4113534.0
Chris Livingston,SF,21,1891857.0,2221677.0,2406205.0,0.0,0.0,,,MIL,4113534.0
G.G. Jackson,PF,20,1891857.0,2221677.0,2406205.0,0.0,0.0,0.0,,MEM,4113534.0
Sidy Cissoko,SG,20,1891857.0,2221677.0,0.0,0.0,0.0,0.0,,SAS,4113534.0
Nah'Shon Hyland,PG,24,4158440.0,0.0,0.0,0.0,0.0,,,LAC,4158440.0
Jaylin Williams,C,22,2019699.0,2187699.0,0.0,0.0,0.0,0.0,,OKC,4207398.0
Duop Reath,C,28,2048780.0,2221677.0,0.0,0.0,0.0,,,POR,4270457.0
Quentin Grimes,SG,24,4296682.0,0.0,0.0,0.0,0.0,,,DAL,4296682.0
Nickeil Alexander-Walker,SG,26,4312500.0,0.0,0.0,0.0,0.0,0.0,,MIN,4312500.0
Colby Jones,SG,22,2120693.0,2221677.0,2406205.0,0.0,0.0,,,SAC,4342370.0
AJ Green,SG,25,2120693.0,2301587.0,0.0,0.0,0.0,,,MIL,4422280.0
Isaiah Jackson,PF,23,4435381.0,0.0,0.0,0.0,0.0,0.0,,IND,4435381.0
Neemias Queta,C,25,2162606.0,2349578.0,2667944.0,0.0,0.0,0.0,0.0,BOS,4512184.0
Anthony Gill,PF,32,2087519.0,2546675.0,0.0,0.0,0.0,0.0,,WAS,4634194.0
Pacome Dadiet,SG,19,1808080.0,2847600.0,2983680.0,5373608.0,0.0,0.0,,NYK,4655680.0
Aaron Holiday,PG,28,4668000.0,4901400.0,0.0,0.0,0.0,0.0,0.0,HOU,4668000.0
Xavier Tillman,C,26,2237691.0,2546675.0,0.0,0.0,0.0,0.0,0.0,BOS,4784366.0
 Kevin Porter Jr.,PG,24,2237691.0,2546675.0,0.0,0.0,0.0,,,LAC,4784366.0
Tre Mann,PG,23,4908373.0,0.0,0.0,0.0,0.0,0.0,,CHA,4908373.0
Baylor Scheierman,SG,24,2494320.0,2619000.0,2744040.0,4952993.0,0.0,0.0,0.0,BOS,5113320.0
Isaiah Collier,PG,20,2512680.0,2638200.0,2763960.0,4988948.0,0.0,0.0,,UTA,5150880.0
Ryan Dunn,SF,22,2530800.0,2657760.0,2784240.0,5025553.0,0.0,0.0,0.0,PHX,5188560.0
Julian Strawther,SF,22,2552520.0,2674200.0,4826931.0,0.0,0.0,0.0,,DEN,5226720.0
Brice Sensabaugh,SF,21,2571480.0,2693760.0,4862237.0,0.0,0.0,0.0,,UTA,5265240.0
Johnny Davis,SG,22,5291160.0,0.0,0.0,0.0,0.0,0.0,,WAS,5291160.0
Dillon Jones,SF,23,2622360.0,2753280.0,2884440.0,5200646.0,0.0,0.0,,OKC,5375640.0
Cameron Christie,SG,19,1157153.0,1955377.0,2296271.0,2486995.0,0.0,,,LAC,5408801.0
Bronny James,PG,20,1157153.0,1955377.0,2296271.0,2486995.0,0.0,,,LAL,5408801.0
Adem Bona,C,21,1157153.0,1955377.0,2296271.0,2486995.0,0.0,0.0,,PHI,5408801.0
Jaylen Wells,SG,21,1157153.0,1955377.0,2296271.0,2486995.0,0.0,0.0,,MEM,5408801.0
Oso Ighodaro,C,22,1157153.0,1955377.0,2296271.0,2486995.0,0.0,0.0,0.0,PHX,5408801.0
Ben Sheppard,SF,23,2663880.0,2790720.0,5031669.0,0.0,0.0,0.0,,IND,5454600.0
Bobi Klintman,SF,21,1257153.0,1955377.0,2296271.0,2486995.0,0.0,0.0,0.0,DET,5508801.0
Marcus Sasser,PG,24,2755080.0,2886720.0,5198983.0,0.0,0.0,0.0,0.0,DET,5641800.0
Kyshawn George,SG,21,2825520.0,2966760.0,3108000.0,5435892.0,0.0,0.0,,WAS,5792280.0
Olivier-Maxence Prosper,PF,22,2870400.0,3007080.0,5259383.0,0.0,0.0,,,DAL,5877480.0
AJ Johnson,PG,20,2795294.0,3090480.0,3237120.0,5493394.0,0.0,,,MIL,5885774.0
Chris Duarte,SF,27,5893768.0,0.0,0.0,0.0,0.0,0.0,,CHI,5893768.0
Malik Beasley,SG,28,6000000.0,0.0,0.0,0.0,0.0,0.0,0.0,DET,6000000.0
Julian Champagnie,SF,23,3000000.0,3000000.0,3000000.0,0.0,0.0,0.0,,SAS,6000000.0
Precious Achiuwa,PF,25,6000000.0,0.0,0.0,0.0,0.0,0.0,,NYK,6000000.0
Johnny Furphy,SG,20,1850842.0,1955377.0,2296271.0,2486995.0,0.0,0.0,,IND,6102490.0
Kris Murray,PF,24,2990040.0,3132000.0,5315004.0,0.0,0.0,,,POR,6122040.0
Ziaire Williams,SF,23,6133005.0,0.0,0.0,0.0,0.0,,,BKN,6133005.0
DaRon Holmes II,PF,22,3065640.0,3218760.0,3372120.0,5547138.0,0.0,0.0,,DEN,6284400.0
Dariq Whitehead,SG,20,3114240.0,3262560.0,5366912.0,0.0,0.0,,,BKN,6376800.0
Davion Mitchell,PG,26,6451077.0,0.0,0.0,0.0,0.0,0.0,0.0,TOR,6451077.0
Trayce Jackson-Davis,PF,24,1891857.0,2221677.0,2406205.0,0.0,0.0,,,GSW,6519739.0
V  Ricky Council IV,G,23,1891857.0,2221677.0,2406205.0,0.0,0.0,0.0,,PHI,6519739.0
 Andre Jackson Jr.,SG,23,1891857.0,2221677.0,2406205.0,0.0,0.0,,,MIL,6519739.0
 Craig Porter Jr.,G,24,1891857.0,2221677.0,2406205.0,0.0,0.0,0.0,0.0,CLE,6519739.0
Yves Missi,C,20,3193200.0,3353040.0,3512760.0,5595827.0,0.0,0.0,,NOP,6546240.0
Tyler Kolek,PG,23,2087519.0,2191897.0,2296271.0,2486995.0,0.0,0.0,,NYK,6575687.0
Noah Clowney,PF,20,3244080.0,3398640.0,5414034.0,0.0,0.0,,,BKN,6642720.0
Peyton Watson,SG,22,2413560.0,4356476.0,0.0,0.0,0.0,0.0,,DEN,6770036.0
Eric Gordon,SG,36,3303771.0,3468960.0,0.0,0.0,0.0,0.0,,PHI,6772731.0
Russell Westbrook,PG,36,3303771.0,3468960.0,0.0,0.0,0.0,0.0,,DEN,6772731.0
Jaylon Tyson,SG,22,3326160.0,3492480.0,3658560.0,5641500.0,0.0,0.0,0.0,CLE,6818640.0
Nikola Jovic,SF,21,2464200.0,4445417.0,0.0,0.0,0.0,0.0,,MIA,6909617.0
 Vincent Williams Jr.,SF,24,2120693.0,2301587.0,2489752.0,0.0,0.0,0.0,,MEM,6912032.0
Cam Whitmore,SF,20,3379080.0,3539760.0,5458310.0,0.0,0.0,0.0,0.0,HOU,6918840.0
Ja'Kobe Walter,SG,20,3465000.0,3638160.0,3811800.0,5870172.0,0.0,0.0,0.0,TOR,7103160.0
Jay Huff,C,26,2088033.0,2349578.0,2667944.0,3005085.0,0.0,0.0,,MEM,7105555.0
Vit Krejci,PG,24,2162606.0,2349578.0,2667944.0,3005085.0,0.0,0.0,0.0,ATL,7180128.0
Brandin Podziemski,SG,21,3519960.0,3687960.0,5679459.0,0.0,0.0,,,GSW,7207920.0
Blake Wesley,SG,21,2624280.0,4726328.0,0.0,0.0,0.0,0.0,,SAS,7350608.0
Gary Harris,SG,30,7500000.0,7500000.0,0.0,0.0,0.0,0.0,0.0,ORL,7500000.0
Jae’Sean Tate,SF,29,7565217.0,0.0,0.0,0.0,0.0,0.0,0.0,HOU,7565217.0
Jonathan Kuminga,PF,22,7636307.0,0.0,0.0,0.0,0.0,,,GSW,7636307.0
Vasilije Micic,PG,31,7723000.0,8109150.0,0.0,0.0,0.0,0.0,,CHA,7723000.0
Walker Kessler,C,23,2965920.0,4878938.0,0.0,0.0,0.0,0.0,,UTA,7844858.0
Tyler Smith,SF,20,1157153.0,1955377.0,2296271.0,2486995.0,0.0,,,MIL,7895796.0
Trey Lyles,PF,29,8000000.0,0.0,0.0,0.0,0.0,,,SAC,8000000.0
Kevon Looney,C,28,8000000.0,0.0,0.0,0.0,0.0,,,GSW,8000000.0
Kevin Love,C,36,3850000.0,4150000.0,0.0,0.0,0.0,0.0,,MIA,8000000.0
Jeff Green,PF,38,8000000.0,0.0,0.0,0.0,0.0,0.0,0.0,HOU,8000000.0
Dwight Powell,C,33,4000000.0,4000000.0,0.0,0.0,0.0,,,DAL,8000000.0
Christian Braun,SG,23,3089640.0,4921797.0,0.0,0.0,0.0,0.0,,DEN,8011437.0
Malaki Branham,SG,21,3217920.0,4962033.0,0.0,0.0,0.0,0.0,,SAS,8179953.0
Jared McCain,PG,20,4020360.0,4221360.0,4422600.0,6784268.0,0.0,0.0,,PHI,8241720.0
DaQuan Jeffries,SG,27,2425404.0,2743776.0,3080918.0,0.0,0.0,0.0,,CHA,8250098.0
Josh Giddey,SG,22,8352367.0,0.0,0.0,0.0,0.0,0.0,,CHI,8352367.0
Keyonte George,SG,21,4084200.0,4278960.0,6563925.0,0.0,0.0,0.0,,UTA,8363160.0
Kobe Bufkin,PG,21,4299000.0,4503720.0,6904203.0,0.0,0.0,0.0,0.0,ATL,8802720.0
Dalen Terry,SG,22,3510480.0,5399118.0,0.0,0.0,0.0,0.0,,CHI,8909598.0
Kyle Filipowski,PF,21,3000000.0,3000000.0,3000000.0,3000000.0,0.0,0.0,,UTA,9000000.0
Tre Jones,PG,25,9104167.0,0.0,0.0,0.0,0.0,0.0,,SAS,9104167.0
Gary Payton II,PG,32,9130000.0,0.0,0.0,0.0,0.0,,,GSW,9130000.0
Bub Carrington,PG,19,4454880.0,4677600.0,4900560.0,7257730.0,0.0,0.0,,WAS,9132480.0
Shake Milton,SG,28,2875000.0,3000000.0,3287406.0,0.0,0.0,,,BKN,9162406.0
Luke Kennard,SG,28,9250000.0,0.0,0.0,0.0,0.0,0.0,,MEM,9250000.0
Jordan Hawkins,SG,22,4525680.0,4741320.0,7021895.0,0.0,0.0,0.0,,NOP,9267000.0
Tari Eason,PF,23,3695160.0,5675766.0,0.0,0.0,0.0,0.0,0.0,HOU,9370926.0
Al Horford,C,38,9500000.0,0.0,0.0,0.0,0.0,0.0,0.0,BOS,9500000.0
Kel'el Ware,C,20,4655040.0,4887720.0,5120400.0,7849573.0,0.0,0.0,,MIA,9542760.0
Nicolas Batum,SF,36,4668000.0,4901400.0,0.0,0.0,0.0,,,LAC,9569400.0
 Scotty Pippen Jr.,PG,24,2087519.0,2270735.0,2461462.0,2789215.0,0.0,0.0,,MEM,9608931.0
Devin Carter,PG,22,4689000.0,4923720.0,5158080.0,7370897.0,0.0,,,SAC,9612720.0
Drew Eubanks,C,28,5000000.0,4750000.0,0.0,0.0,0.0,0.0,,UTA,9750000.0
Gradey Dick,SG,21,4763760.0,4990560.0,7131511.0,0.0,0.0,0.0,0.0,TOR,9754320.0
Alex Caruso,SG,30,9890000.0,0.0,0.0,0.0,0.0,0.0,,OKC,9890000.0
Kobe Brown,PF,25,2533920.0,2654880.0,4792059.0,0.0,0.0,,,LAC,9980859.0
Nick Richards,C,27,5000000.0,5000000.0,0.0,0.0,0.0,0.0,,CHA,10000000.0
Andre Drummond,C,31,5000000.0,5000000.0,0.0,0.0,0.0,0.0,,PHI,10000000.0
Nikola Topic,PG,19,4935960.0,5182920.0,5429760.0,7482210.0,0.0,0.0,,OKC,10118880.0
 Nick Smith Jr.,PG,20,2587200.0,2710680.0,4890067.0,0.0,0.0,0.0,,CHA,10187947.0
Dereck Lively II,C,20,5014560.0,5253360.0,7239131.0,0.0,0.0,,,DAL,10267920.0
Dalton Knecht,SF,23,3819120.0,4010160.0,4201080.0,6452860.0,0.0,,,LAL,10271980.0
Mark Williams,C,23,4094280.0,6276531.0,0.0,0.0,0.0,0.0,,CHA,10370811.0
Chris Paul,PG,39,10460000.0,0.0,0.0,0.0,0.0,0.0,,SAS,10460000.0
Dario Saric,PF,30,5168000.0,5426400.0,0.0,0.0,0.0,0.0,,DEN,10594400.0
Matas Buzelis,SF,20,5195520.0,5455560.0,5715360.0,7584283.0,0.0,0.0,,CHI,10651080.0
Ochai Agbaji,SF,24,4310280.0,6383525.0,0.0,0.0,0.0,0.0,0.0,TOR,10693805.0
Jett Howard,SG,21,5278320.0,5529720.0,7337939.0,0.0,0.0,0.0,0.0,ORL,10808040.0
Chris Boucher,PF,32,10810000.0,0.0,0.0,0.0,0.0,0.0,0.0,TOR,10810000.0
Haywood Highsmith,F,28,5200000.0,5616000.0,0.0,0.0,0.0,0.0,,MIA,10816000.0
Jose Alvarado,PG,26,1988598.0,4500000.0,4500000.0,0.0,0.0,0.0,,NOP,10988598.0
Moritz Wagner,C,27,11000000.0,11000000.0,0.0,0.0,0.0,0.0,0.0,ORL,11000000.0
Jalen Duren,C,21,4536840.0,6483144.0,0.0,0.0,0.0,0.0,0.0,DET,11019984.0
Cody Zeller,C,32,3500000.0,3675000.0,3850000.0,0.0,0.0,0.0,0.0,ATL,11025000.0
Sviatoslav Mykhailiuk,SG,27,3500000.0,3675000.0,3850000.0,4025000.0,0.0,0.0,,UTA,11025000.0
 Larry Nance Jr.,PF,32,11205000.0,0.0,0.0,0.0,0.0,0.0,0.0,ATL,11205000.0
Cody Williams,SG,20,5469120.0,5742480.0,6015600.0,7669890.0,0.0,0.0,,UTA,11211600.0
Jalen Williams,SF,23,4775760.0,6580997.0,0.0,0.0,0.0,0.0,,OKC,11356757.0
Cason Wallace,PG,21,5555880.0,5820240.0,7420806.0,0.0,0.0,0.0,,OKC,11376120.0
Johnny Juzang,SG,23,3087519.0,2840518.0,2708000.0,2789215.0,0.0,0.0,,UTA,11425252.0
P.J. Tucker,PF,39,11539000.0,0.0,0.0,0.0,0.0,,,LAC,11539000.0
Ousmane Dieng,SF,21,5027040.0,6670882.0,0.0,0.0,0.0,0.0,,OKC,11697922.0
Zach Edey,C,22,5756880.0,6045000.0,6332760.0,8067937.0,0.0,0.0,,MEM,11801880.0
Taylor Hendricks,PF,21,5848680.0,6127080.0,7805900.0,0.0,0.0,0.0,,UTA,11975760.0
Marvin Bagley III,PF,25,12500000.0,0.0,0.0,0.0,0.0,0.0,,WAS,12500000.0
Steven Adams,C,31,12600000.0,0.0,0.0,0.0,0.0,0.0,0.0,HOU,12600000.0
Jeremy Sochan,PF,21,5570040.0,7096231.0,0.0,0.0,0.0,0.0,,SAS,12666271.0
Dean Wade,PF,28,6166667.0,6623456.0,0.0,0.0,0.0,0.0,0.0,CLE,12790123.0
De'Anthony Melton,SG,26,12822000.0,0.0,0.0,0.0,0.0,,,GSW,12822000.0
Rob Dillingham,PG,20,6262920.0,6576120.0,6889320.0,8763216.0,0.0,0.0,,MIN,12839040.0
Miles McBride,PG,24,4710144.0,4333333.0,3956523.0,0.0,0.0,0.0,,NYK,13000000.0
Dennis Schröder,PG,31,13025250.0,0.0,0.0,0.0,0.0,,,BKN,13025250.0
Jarace Walker,PF,21,6362520.0,6665520.0,8478542.0,0.0,0.0,0.0,,IND,13028040.0
 Terrence Shannon Jr.,SG,24,2546640.0,2674080.0,2801640.0,5054159.0,0.0,0.0,,MIN,13076519.0
Jevon Carter,PG,29,6500000.0,6809524.0,0.0,0.0,0.0,0.0,,CHI,13309524.0
 Jaime Jaquez Jr.,SF,23,3685800.0,3861600.0,5939141.0,0.0,0.0,0.0,,MIA,13486541.0
Dyson Daniels,PG,21,6059520.0,7707709.0,0.0,0.0,0.0,0.0,0.0,ATL,13767229.0
Kenrich Williams,PF,30,6669000.0,7163000.0,7163000.0,0.0,0.0,0.0,,OKC,13832000.0
Donovan Clingan,C,20,6836400.0,7178400.0,7519920.0,9550298.0,0.0,,,POR,14014800.0
Jaden Hardy,SG,22,2019699.0,6000000.0,6000000.0,6000000.0,0.0,,,DAL,14019699.0
Bilal Coulibaly,SF,20,6945240.0,7275600.0,9240012.0,0.0,0.0,0.0,,WAS,14220840.0
Ayo Dosunmu,PG,25,7000000.0,7518518.0,0.0,0.0,0.0,0.0,,CHI,14518518.0
Shaedon Sharpe,SG,21,6614160.0,8399983.0,0.0,0.0,0.0,,,POR,15014143.0
Tidjane Salaun,PF,19,7488720.0,7863240.0,8237880.0,10445633.0,0.0,0.0,,CHA,15351960.0
Anthony Black,SG,21,7607760.0,7970280.0,10106316.0,0.0,0.0,0.0,0.0,ORL,15578040.0
Paul Reed,C,25,7723000.0,8109150.0,0.0,0.0,0.0,0.0,0.0,DET,15832150.0
 Kenyon Martin Jr.,SF,24,7975000.0,8025000.0,0.0,0.0,0.0,0.0,,PHI,16000000.0
Jock Landale,C,29,8000000.0,8000000.0,8000000.0,0.0,0.0,0.0,0.0,HOU,16000000.0
Simone Fontecchio,SF,29,7692308.0,8307692.0,0.0,0.0,0.0,0.0,0.0,DET,16000000.0
Josh Okogie,SG,26,8250000.0,7750000.0,0.0,0.0,0.0,0.0,0.0,PHX,16000000.0
 Tim Hardaway Jr.,SG,32,16193183.0,0.0,0.0,0.0,0.0,0.0,0.0,DET,16193183.0
Kris Dunn,PG,30,5168000.0,5426400.0,5684800.0,0.0,0.0,,,LAC,16279200.0
 Kelly Oubre Jr.,SF,29,7983000.0,8382150.0,0.0,0.0,0.0,0.0,,PHI,16365150.0
Bennedict Mathurin,SG,22,7245720.0,9187573.0,0.0,0.0,0.0,0.0,,IND,16433293.0
Caris LeVert,SG,30,16615384.0,0.0,0.0,0.0,0.0,0.0,0.0,CLE,16615384.0
Georges Niang,PF,31,8500000.0,8200000.0,0.0,0.0,0.0,0.0,0.0,CLE,16700000.0
Cody Martin,SF,29,8120000.0,8680000.0,0.0,0.0,0.0,0.0,,CHA,16800000.0
Ron Holland II,SF,19,8245320.0,8657280.0,9069600.0,11491183.0,0.0,0.0,0.0,DET,16902600.0
Ausar Thompson,SG,22,8376000.0,8775000.0,11117925.0,0.0,0.0,0.0,0.0,DET,17151000.0
ilva  Tristan Da Silva,SF,23,3628440.0,3809520.0,3991200.0,6138466.0,0.0,0.0,0.0,ORL,17567626.0
Jaden Ivey,SG,22,7977240.0,10107163.0,0.0,0.0,0.0,0.0,0.0,DET,18084403.0
John Konchar,SG,28,6165000.0,6165000.0,6165000.0,0.0,0.0,0.0,,MEM,18495000.0
Stephon Castle,PG,20,9105120.0,9560520.0,10015920.0,12670139.0,0.0,0.0,,SAS,18665640.0
D'Angelo Russell,PG,28,18692307.0,0.0,0.0,0.0,0.0,,,LAL,18692307.0
Pat Connaughton,SG,32,9423869.0,9423869.0,0.0,0.0,0.0,,,MIL,18847738.0
Amen Thompson,PG,22,9249960.0,9690600.0,12258609.0,0.0,0.0,0.0,0.0,HOU,18940560.0
Saddiq Bey,SF,25,6440678.0,6118644.0,6440678.0,0.0,0.0,0.0,,WAS,19000000.0
Bojan Bogdanovic,SF,35,19032850.0,0.0,0.0,0.0,0.0,,,BKN,19032850.0
Myles Turner,C,28,19928500.0,0.0,0.0,0.0,0.0,0.0,,IND,19928500.0
Keegan Murray,PF,24,8809560.0,11144093.0,0.0,0.0,0.0,,,SAC,19953653.0
Reed Sheppard,SG,20,10098960.0,10603560.0,11108880.0,14041625.0,0.0,0.0,0.0,HOU,20702520.0
Mike Conley,PG,37,9975962.0,10774038.0,0.0,0.0,0.0,0.0,,MIN,20750000.0
Scoot Henderson,PG,20,10259160.0,10748040.0,13585523.0,0.0,0.0,,,POR,21007200.0
Lonzo Ball,PG,27,21395348.0,0.0,0.0,0.0,0.0,0.0,,CHI,21395348.0
Maxi Kleber,PF,33,11000000.0,11000000.0,0.0,0.0,0.0,,,DAL,22000000.0
 Jabari Smith Jr.,PF,21,9770880.0,12350392.0,0.0,0.0,0.0,0.0,0.0,HOU,22121272.0
Clint Capela,C,30,22265280.0,0.0,0.0,0.0,0.0,0.0,0.0,ATL,22265280.0
Gabe Vincent,PG,28,11000000.0,11500000.0,0.0,0.0,0.0,,,LAL,22500000.0
Malcolm Brogdon,PG,32,22500000.0,0.0,0.0,0.0,0.0,0.0,,WAS,22500000.0
Matisse Thybulle,SG,27,11025000.0,11550000.0,0.0,0.0,0.0,,,POR,22575000.0
Brook Lopez,C,36,23000000.0,0.0,0.0,0.0,0.0,,,MIL,23000000.0
 Bruce Brown Jr.,SG,28,23000000.0,0.0,0.0,0.0,0.0,0.0,0.0,TOR,23000000.0
Alex Sarr,PF,19,11245680.0,11808240.0,12370680.0,15611798.0,0.0,0.0,,WAS,23053920.0
Brandon Miller,SF,22,11424600.0,11968800.0,15104626.0,0.0,0.0,0.0,,CHA,23393400.0
Chet Holmgren,C,22,10880640.0,13731368.0,0.0,0.0,0.0,0.0,,OKC,24612008.0
Coby White,PG,24,12000000.0,12888889.0,0.0,0.0,0.0,0.0,,CHI,24888889.0
Goga Bitadze,C,25,9057971.0,8333333.0,7608696.0,0.0,0.0,0.0,0.0,ORL,25000000.0
Robert Williams III,C,27,12428571.0,13285713.0,0.0,0.0,0.0,,,POR,25714284.0
Zaccharie Risacher,SF,19,12569040.0,13197720.0,13826040.0,17434637.0,0.0,0.0,0.0,ATL,25766760.0
Richaun Holmes,C,31,12648321.0,13280737.0,0.0,0.0,0.0,0.0,,WAS,25929058.0
Cole Anthony,PG,24,12900000.0,13100000.0,13100000.0,0.0,0.0,0.0,0.0,ORL,26000000.0
Bobby Portis,PF,29,12578286.0,13445754.0,0.0,0.0,0.0,,,MIL,26024040.0
Victor Wembanyama,C,21,12768960.0,13376880.0,16868246.0,0.0,0.0,0.0,,SAS,26145840.0
Kelly Olynyk,PF,33,12804878.0,13445122.0,0.0,0.0,0.0,0.0,0.0,TOR,26250000.0
Naji Marshall,SF,27,8571429.0,9000000.0,9428571.0,0.0,0.0,,,DAL,27000000.0
Jalen Smith,PF,24,8571429.0,9000000.0,9428571.0,0.0,0.0,0.0,,CHI,27000000.0
Mitchell Robinson,C,26,14318182.0,12954546.0,0.0,0.0,0.0,0.0,,NYK,27272728.0
Paolo Banchero,PF,22,12160800.0,15334769.0,0.0,0.0,0.0,0.0,0.0,ORL,27495569.0
Kyle Anderson,PF,31,8780488.0,9219512.0,9658536.0,0.0,0.0,,,GSW,27658536.0
Daniel Gafford,C,26,13394160.0,14386320.0,0.0,0.0,0.0,,,DAL,27780480.0
Jordan Clarkson,SG,32,14092577.0,14285714.0,0.0,0.0,0.0,0.0,,UTA,28378291.0
Naz Reid,C,25,13986432.0,15022464.0,0.0,0.0,0.0,0.0,,MIN,29008896.0
PJ Washington,PF,26,15500000.0,14152174.0,0.0,0.0,0.0,,,DAL,29652174.0
 Derrick Jones Jr.,SF,27,9523810.0,10000000.0,10476190.0,0.0,0.0,,,LAC,30000000.0
Payton Pritchard,PG,27,6696429.0,7232143.0,7767857.0,8303571.0,0.0,0.0,0.0,BOS,30000000.0
Jonas Valanciunas,C,32,9900000.0,10395000.0,10000000.0,0.0,0.0,0.0,,WAS,30295000.0
Dorian Finney-Smith,PF,31,14924167.0,15378480.0,0.0,0.0,0.0,,,BKN,30302647.0
Max Christie,SG,21,7142857.0,7714286.0,8285714.0,8857143.0,0.0,,,LAL,32000000.0
Zeke Nnaji,PF,24,8888889.0,8177778.0,7466667.0,7466667.0,0.0,0.0,,DEN,32000001.0
Aaron Nesmith,SF,25,11000000.0,11000000.0,11000000.0,0.0,0.0,0.0,,IND,33000000.0
Isaac Okoro,SG,24,10185186.0,11000000.0,11814814.0,0.0,0.0,0.0,0.0,CLE,33000000.0
Luguentz Dort,SG,25,16500000.0,17722222.0,17722222.0,0.0,0.0,0.0,,OKC,34222222.0
Kevin Huerter,SG,26,16830357.0,17991071.0,0.0,0.0,0.0,,,SAC,34821428.0
Zach Collins,C,27,16741200.0,18080496.0,0.0,0.0,0.0,0.0,,SAS,34821696.0
Caleb Martin,SF,29,8149001.0,8556451.0,8963901.0,9371351.0,0.0,0.0,,PHI,35040704.0
Rui Hachimura,PF,26,17000000.0,18259259.0,0.0,0.0,0.0,,,LAL,35259259.0
Donte DiVincenzo,SG,28,11445000.0,11990000.0,12535000.0,0.0,0.0,0.0,,MIN,35970000.0
Brandon Ingram,SF,27,36016200.0,0.0,0.0,0.0,0.0,0.0,,NOP,36016200.0
Isaiah Joe,SG,25,12991650.0,12362338.0,11323006.0,11323006.0,0.0,0.0,,OKC,36676994.0
Harrison Barnes,PF,32,18000000.0,19000000.0,0.0,0.0,0.0,0.0,,SAS,37000000.0
Brandon Clarke,PF,28,12500000.0,12500000.0,12500000.0,0.0,0.0,0.0,,MEM,37500000.0
Jusuf Nurkic,C,30,18125000.0,19375000.0,0.0,0.0,0.0,0.0,0.0,PHX,37500000.0
Collin Sexton,PG,26,18350000.0,19175000.0,0.0,0.0,0.0,0.0,,UTA,37525000.0
Buddy Hield,SG,32,8780488.0,9219512.0,9658536.0,10097560.0,0.0,,,GSW,37756096.0
Duncan Robinson,SF,30,19406000.0,19888000.0,0.0,0.0,0.0,0.0,,MIA,39294000.0
Norman Powell,SG,31,19241379.0,20482758.0,0.0,0.0,0.0,,,LAC,39724137.0
Ben Simmons,PG,28,40338144.0,0.0,0.0,0.0,0.0,,,BKN,40338144.0
Grant Williams,PF,26,13025250.0,13645500.0,14265750.0,0.0,0.0,0.0,,CHA,40936500.0
Josh Green,SG,24,12654321.0,13666667.0,14679012.0,0.0,0.0,0.0,,CHA,41000000.0
Nikola Vucevic,C,34,20000000.0,21481481.0,0.0,0.0,0.0,0.0,,CHI,41481481.0
Marcus Smart,PG,30,20210285.0,21586856.0,0.0,0.0,0.0,0.0,,MEM,41797141.0
Herb Jones,SF,26,12976362.0,13937574.0,14898786.0,0.0,0.0,0.0,,NOP,41812722.0
Austin Reaves,SG,26,12976362.0,13937574.0,14898786.0,0.0,0.0,,,LAL,41812722.0
Andrew Nembhard,PG,25,2019699.0,18102000.0,19550160.0,20998320.0,0.0,0.0,,IND,42568179.0
Fred VanVleet,PG,30,42846615.0,44886930.0,0.0,0.0,0.0,0.0,0.0,HOU,42846615.0
Moses Moody,SG,22,5803269.0,11574075.0,12500000.0,13425925.0,0.0,,,GSW,43303269.0
Royce O'Neale,SF,31,9875000.0,10625000.0,11375000.0,12125000.0,0.0,0.0,0.0,PHX,44000000.0
Aaron Wiggins,SG,26,10514017.0,9672897.0,8831776.0,7990655.0,7990655.0,0.0,,OKC,45000000.0
Isaiah Stewart,C,23,15000000.0,15000000.0,15000000.0,15000000.0,0.0,0.0,0.0,DET,45000000.0
Corey Kispert,SF,25,5705888.0,13975000.0,13975000.0,13025000.0,13025000.0,0.0,,WAS,46680888.0
Sam Hauser,SF,27,2092344.0,10044644.0,10848215.0,11651785.0,12455356.0,0.0,0.0,BOS,47092344.0
Max Strus,SG,28,15212068.0,15936452.0,16660836.0,0.0,0.0,0.0,0.0,CLE,47809356.0
Jarred Vanderbilt,PF,25,10714286.0,11571429.0,12428571.0,13285714.0,0.0,,,LAL,48000000.0
Mikal Bridges,SF,28,23300000.0,24900000.0,0.0,0.0,0.0,0.0,,NYK,48200000.0
 Jaren Jackson Jr.,PF,25,25257798.0,23413395.0,0.0,0.0,0.0,0.0,,MEM,48671193.0
Bogdan Bogdanovic,SG,32,17260000.0,16020000.0,16020000.0,0.0,0.0,0.0,0.0,ATL,49300000.0
Klay Thompson,SG,34,15873016.0,16666667.0,17460317.0,0.0,0.0,,,DAL,50000000.0
Terry Rozier,PG,30,24924126.0,26643031.0,0.0,0.0,0.0,0.0,,MIA,51567157.0
Tobias Harris,PF,32,25365854.0,26634146.0,0.0,0.0,0.0,0.0,0.0,DET,52000000.0
John Collins,PF,27,26580000.0,26580000.0,0.0,0.0,0.0,0.0,,UTA,53160000.0
Anfernee Simons,SG,25,25892857.0,27678571.0,0.0,0.0,0.0,,,POR,53571428.0
Keldon Johnson,SF,25,19000000.0,17500000.0,17500000.0,0.0,0.0,0.0,,SAS,54000000.0
T.J. McConnell,PG,32,9300000.0,10200000.0,11000000.0,11800000.0,11800000.0,0.0,,IND,54100000.0
Deni Avdija,SF,24,15625000.0,14375000.0,13125000.0,11875000.0,0.0,,,POR,55000000.0
Terance Mann,SG,28,11423077.0,15500000.0,15500000.0,16000000.0,0.0,,,LAC,58423077.0
Isaiah Hartenstein,C,26,30000000.0,28500000.0,28500000.0,0.0,0.0,0.0,,OKC,58500000.0
Jakob Poeltl,C,29,19500000.0,19500000.0,19500000.0,0.0,0.0,0.0,0.0,TOR,58500000.0
Josh Hart,SG,29,18144000.0,19472240.0,20923760.0,22375280.0,0.0,0.0,,NYK,58540000.0
Obi Toppin,PF,26,13535000.0,14520000.0,15480000.0,16465000.0,0.0,0.0,,IND,60000000.0
Kristaps Porzingis,PF,29,29268293.0,30731707.0,0.0,0.0,0.0,0.0,0.0,BOS,60000000.0
Onyeka Okongwu,C,24,14000000.0,15000000.0,16100000.0,16880000.0,0.0,0.0,0.0,ATL,61980000.0
Dillon Brooks,SF,29,22255493.0,21124110.0,19992727.0,0.0,0.0,0.0,0.0,HOU,63372330.0
C.J. McCollum,SG,33,33333333.0,30666666.0,0.0,0.0,0.0,0.0,,NOP,63999999.0
Julius Randle,PF,30,33073920.0,30935520.0,0.0,0.0,0.0,0.0,,MIN,64009440.0
Kyle Kuzma,PF,29,23522727.0,21477273.0,19431818.0,0.0,0.0,0.0,,WAS,64431818.0
Khris Middleton,SF,33,31666667.0,34012345.0,0.0,0.0,0.0,,,MIL,65679012.0
Kentavious Caldwell-Pope,SG,31,22757000.0,21621500.0,21621500.0,0.0,0.0,0.0,0.0,ORL,66000000.0
Cameron Johnson,SF,28,23625000.0,21570652.0,23625000.0,0.0,0.0,,,BKN,68820652.0
Deandre Ayton,C,26,34005126.0,35550814.0,0.0,0.0,0.0,,,POR,69555940.0
De'Andre Hunter,SF,27,21696429.0,23303571.0,24910714.0,0.0,0.0,0.0,0.0,ATL,69910714.0
James Harden,SG,35,33653846.0,36346154.0,0.0,0.0,0.0,,,LAC,70000000.0
Grayson Allen,SG,29,15625000.0,16875000.0,18125000.0,19375000.0,0.0,0.0,0.0,PHX,70000000.0
Ivica Zubac,C,27,11743210.0,18102000.0,19550160.0,20998320.0,0.0,,,LAC,70393690.0
De'Aaron Fox,PG,27,34848340.0,37096620.0,0.0,0.0,0.0,,,SAC,71944960.0
DeMar DeRozan,SF,35,23400000.0,24750000.0,25740000.0,0.0,0.0,,,SAC,73890000.0
Miles Bridges,SF,26,27173913.0,25000000.0,22826087.0,0.0,0.0,0.0,,CHA,75000000.0
Draymond Green,PF,34,24107143.0,25892857.0,27678571.0,0.0,0.0,,,GSW,77678571.0
Malik Monk,SG,26,17405203.0,18797619.0,20190035.0,21582451.0,0.0,,,SAC,77975308.0
 Wendell Carter Jr.,C,25,11950000.0,10850000.0,18102000.0,19550160.0,20998320.0,0.0,0.0,ORL,81450480.0
R.J. Barrett,SG,24,25794643.0,27705357.0,29616071.0,0.0,0.0,0.0,0.0,TOR,83116071.0
Jonathan Isaac,PF,27,25000000.0,15000000.0,14500000.0,14500000.0,15000000.0,0.0,0.0,ORL,84000000.0
Andrew Wiggins,SF,29,26276786.0,28223215.0,30169644.0,0.0,0.0,,,GSW,84669645.0
Kyrie Irving,PG,32,41000000.0,43962963.0,0.0,0.0,0.0,,,DAL,84962963.0
Patrick Williams,PF,23,18000000.0,18000000.0,18000000.0,18000000.0,18000000.0,0.0,,CHI,90000000.0
Tyler Herro,SG,25,29000000.0,31000000.0,33000000.0,0.0,0.0,0.0,,MIA,93000000.0
Jordan Poole,SG,25,29651786.0,31848215.0,34044642.0,0.0,0.0,0.0,,WAS,95544643.0
Nicolas Claxton,C,25,28409086.0,26136360.0,23863634.0,21590920.0,0.0,,,BKN,100000000.0
Jimmy Butler,SF,35,48798677.0,52413394.0,0.0,0.0,0.0,0.0,,MIA,101212071.0
LeBron James,PF,40,48728845.0,52627153.0,0.0,0.0,0.0,,,LAL,101355998.0
Kevin Durant,SF,36,51179021.0,54708609.0,0.0,0.0,0.0,0.0,0.0,PHX,105887630.0
Shai Gilgeous-Alexander,PG,26,35859950.0,38333050.0,40806150.0,0.0,0.0,0.0,,OKC,114999150.0
 Michael Porter Jr.,SF,26,35859950.0,38333050.0,40806150.0,0.0,0.0,0.0,,DEN,114999150.0
Trey Murphy III,SF,24,5159855.0,25000000.0,27000000.0,29000000.0,31000000.0,0.0,,NOP,117159855.0
Jalen Green,SG,22,12483048.0,33333333.0,36000000.0,36000000.0,0.0,0.0,0.0,HOU,117816381.0
Jalen Johnson,SF,23,4510905.0,30000000.0,30000000.0,30000000.0,30000000.0,30000000.0,0.0,ATL,124510905.0
Dejounte Murray,PG,28,29517134.0,31557102.0,33597070.0,31619503.0,0.0,0.0,,NOP,126290809.0
Jarrett Allen,C,26,20000000.0,20000000.0,28000000.0,30240000.0,32480000.0,0.0,0.0,CLE,130720000.0
Jerami Grant,PF,30,29793104.0,32000001.0,34206898.0,36413790.0,0.0,,,POR,132413793.0
Jalen Suggs,SG,23,9188385.0,35000000.0,32400000.0,29600000.0,26800000.0,26700000.0,0.0,ORL,132988385.0
Jaden McDaniels,PF,24,23017242.0,24858621.0,26700000.0,28541379.0,30382758.0,447198.0,,MIN,133500000.0
Jrue Holiday,PG,34,30000000.0,32400000.0,34800000.0,37200000.0,0.0,0.0,0.0,BOS,134400000.0
Devin Vassell,SG,24,29347826.0,27000000.0,27000000.0,24652174.0,27000000.0,0.0,,SAS,135000000.0
Trae Young,PG,26,43031940.0,45999660.0,48967380.0,0.0,0.0,0.0,0.0,ATL,137998980.0
Luka Doncic,PG,25,43031940.0,45999660.0,48967380.0,0.0,0.0,,,DAL,137998980.0
Zach LaVine,SG,29,43031940.0,45999660.0,48967380.0,0.0,0.0,0.0,,CHI,137998980.0
Scottie Barnes,PF,23,10130980.0,38661700.0,41754636.0,44847572.0,47940508.0,51033444.0,0.0,TOR,144673696.0
Derrick White,PG,30,20071429.0,28100000.0,30348000.0,32596000.0,34844000.0,0.0,0.0,BOS,145959429.0
Aaron Gordon,PF,29,22841455.0,22841455.0,31978037.0,34536280.0,37094523.0,0.0,,DEN,149291750.0
Kawhi Leonard,SF,33,49205800.0,50000000.0,50300000.0,0.0,0.0,,,LAC,149505800.0
Alperen Sengun,C,22,5424654.0,33944954.0,35642202.0,37339450.0,39036697.0,39036697.0,0.0,HOU,151387957.0
Rudy Gobert,C,32,43827587.0,35000000.0,36500000.0,38000000.0,0.0,0.0,,MIN,153327587.0
Bradley Beal,SG,31,50203930.0,53666270.0,57128610.0,0.0,0.0,0.0,0.0,PHX,160998810.0
Damian Lillard,PG,34,48787676.0,54126380.0,58456490.0,0.0,0.0,,,MIL,161370546.0
Immanuel Quickley,PG,25,32500000.0,32500000.0,32500000.0,32500000.0,32500000.0,0.0,0.0,TOR,162500000.0
Ja Morant,PG,25,36725670.0,39446090.0,42166510.0,44886930.0,0.0,0.0,,MEM,163225200.0
Zion Williamson,PF,24,36725670.0,39446090.0,42166510.0,44886930.0,0.0,0.0,,NOP,163225200.0
Darius Garland,PG,25,36725670.0,39446090.0,42166510.0,44886930.0,0.0,0.0,0.0,CLE,163225200.0
Stephen Curry,PG,36,55761216.0,59606817.0,62587158.0,0.0,0.0,,,GSW,177955191.0
Franz Wagner,SF,23,7007092.0,38661750.0,41754690.0,44847630.0,47940570.0,51033510.0,0.0,ORL,180211732.0
Domantas Sabonis,PF,28,40500000.0,43636000.0,46772000.0,49908000.0,0.0,,,SAC,180816000.0
Jalen Brunson,PG,28,24960001.0,34944001.0,37739521.0,40535041.0,43330561.0,0.0,,NYK,181509125.0
Evan Mobley,PF,23,11227657.0,38661750.0,41754690.0,44847630.0,47940570.0,51033510.0,0.0,CLE,184432297.0
Donovan Mitchell,SG,28,35410310.0,46394100.0,50105628.0,53817156.0,0.0,0.0,0.0,CLE,185727194.0
Cade Cunningham,PG,23,13940809.0,38661750.0,41754690.0,44847630.0,47940570.0,51033510.0,0.0,DET,187145449.0
Pascal Siakam,PF,30,42176400.0,45550512.0,48924624.0,52298736.0,0.0,0.0,,IND,188950272.0
Desmond Bane,SG,26,34005250.0,36725670.0,39446090.0,42166510.0,44886930.0,0.0,,MEM,197230450.0
Tyrese Maxey,PG,24,35147000.0,37958760.0,40770520.0,43582280.0,46394040.0,0.0,,PHI,203852600.0
LaMelo Ball,PG,23,35147000.0,37958760.0,40770520.0,43582280.0,46394040.0,0.0,,CHA,203852600.0
Paul George,SG,34,49205800.0,51666090.0,54126380.0,56586670.0,0.0,0.0,,PHI,211584940.0
OG Anunoby,SF,27,36637932.0,39568966.0,42500000.0,45431034.0,48362068.0,0.0,,NYK,212500000.0
Anthony Davis,C,31,43219440.0,54126380.0,58456490.0,62786601.0,0.0,,,LAL,218588911.0
Karl-Anthony Towns,C,29,49205800.0,53142264.0,57078728.0,61015192.0,0.0,0.0,,NYK,220441984.0
Devin Booker,SG,28,49205800.0,53142264.0,57078728.0,61015192.0,0.0,0.0,0.0,PHX,220441984.0
Giannis Antetokounmpo,PF,30,48787676.0,54126380.0,58456490.0,62786601.0,0.0,,,MIL,224157147.0
Nikola Jokic,C,29,51415938.0,55224526.0,59033114.0,62841702.0,0.0,0.0,,DEN,228515280.0
Bam Adebayo,C,27,34848340.0,37096620.0,51033600.0,55116288.0,59198976.0,0.0,,MIA,237293824.0
Lauri Markkanen,PF,27,42176400.0,46394100.0,46113154.0,49824681.0,53536209.0,0.0,,UTA,238044544.0
Jamal Murray,PG,27,36016200.0,46394100.0,50105628.0,53817156.0,57528684.0,0.0,,DEN,243861768.0
Tyrese Haliburton,PG,24,42176400.0,45550512.0,48924624.0,52298736.0,55672848.0,0.0,,IND,244623120.0
Anthony Edwards,SG,23,42176400.0,45550512.0,48924624.0,52298736.0,55672848.0,0.0,,MIN,244623120.0
Jayson Tatum,PF,26,34848340.0,54126450.0,58456566.0,62786682.0,67116798.0,71446914.0,0.0,BOS,277334836.0
Jaylen Brown,SF,28,49205800.0,53142264.0,57078728.0,61015192.0,64951656.0,0.0,0.0,BOS,285393640.0
Joel Embiid,C,30,51415938.0,55224526.0,59539200.0,64302336.0,69065472.0,0.0,,PHI,299547472.0
