PLAYER_ID,PLAYER,TEAM,GP,W,L,MIN,DRIVES,FGM,FGA,FG%,FTM,FTA,FT%,PTS,PTS%,PASS,PASS%,AST,AST%,TO,TOV%,PF,PF%
1631260,AJ Green,MIL,24,14,10,507.0,6,1,1,100.0,0,0,0.0,2,33.300000000000004,5,83.3,0,0.0,0,0.0,0,0.0
1642358,AJ Johnson,MIL,5,3,2,11.0,5,1,3,33.300000000000004,0,0,0.0,2,40.0,1,20.0,1,20.0,1,20.0,0,0.0
203932,Aaron Gordon,DEN,13,8,5,381.0,27,6,12,50.0,9,12,75.0,23,85.2,8,29.599999999999998,4,14.799999999999999,1,3.6999999999999997,6,22.2
1628988,Aaron Holiday,HOU,16,10,6,151.0,34,4,6,66.7,0,0,0.0,9,26.5,25,73.5,5,14.7,3,8.799999999999999,0,0.0
1630174,Aaron Nesmith,IND,6,2,4,136.0,28,7,14,50.0,2,2,100.0,17,60.699999999999996,10,35.699999999999996,1,3.5999999999999996,1,3.5999999999999996,1,3.5999999999999996
1630598,Aaron Wiggins,OKC,25,20,5,498.0,99,22,48,45.800000000000004,3,4,75.0,48,48.5,41,41.4,9,9.1,6,6.1,2,2.0
1641745,Adam Flagler,OKC,11,10,1,40.0,1,1,1,100.0,0,0,0.0,3,300.0,0,0.0,0,0.0,0,0.0,0,0.0
1641766,Adama Sanogo,CHI,4,2,2,22.0,0,0,0,0.0,0,0,0.0,0,0.0,0,0.0,0,0.0,0,0.0,0,0.0
1641737,Adem Bona,PHI,14,2,12,90.0,1,0,0,0.0,0,0,0.0,0,0.0,1,100.0,0,0.0,0,0.0,0,0.0
1642349,Ajay Mitchell,OKC,25,20,5,392.0,129,27,52,51.9,2,4,50.0,57,44.2,64,49.6,14,10.9,9,7.000000000000001,2,1.6
201143,Al Horford,BOS,19,15,4,532.0,23,2,6,33.300000000000004,2,2,100.0,7,30.4,12,52.2,2,8.7,3,13.0,1,4.3
202692,Alec Burks,MIA,12,7,5,181.0,21,4,9,44.4,4,6,66.7,12,57.099999999999994,6,28.599999999999998,0,0.0,1,4.8,3,14.299999999999999
1627936,Alex Caruso,OKC,17,14,3,340.0,42,3,9,33.300000000000004,2,2,100.0,8,19.0,27,64.3,9,21.4,2,4.8,1,2.4
1642505,Alex Ducas,OKC,4,4,0,7.0,0,0,0,0.0,0,0,0.0,0,0.0,0,0.0,0,0.0,0,0.0,0,0.0
203458,Alex Len,SAC,20,11,9,138.0,0,0,0,0.0,0,0,0.0,0,0.0,0,0.0,0,0.0,0,0.0,0,0.0
1642024,Alex Reese,OKC,1,1,0,2.0,0,0,0,0.0,0,0,0.0,0,0.0,0,0.0,0,0.0,0,0.0,0,0.0
1642259,Alexandre Sarr,WAS,22,2,20,591.0,45,8,26,30.8,4,8,50.0,20,44.4,11,24.4,3,6.7,2,4.3999999999999995,4,8.9
1631214,Alondes Williams,DET,1,0,1,4.0,1,1,1,100.0,0,0,0.0,2,200.0,0,0.0,0,0.0,0,0.0,0,0.0
1630578,Alperen Sengun,HOU,26,17,9,808.0,191,58,111,52.300000000000004,23,32,71.89999999999999,141,73.8,40,20.9,15,7.9,16,8.4,16,8.4
1641708,Amen Thompson,HOU,26,17,9,705.0,130,29,59,49.2,14,18,77.8,73,56.2,44,33.800000000000004,4,3.1,17,13.100000000000001,9,6.9
1629599,Amir Coffey,LAC,26,15,11,639.0,60,17,37,45.9,8,10,80.0,42,70.0,14,23.3,5,8.3,4,6.7,5,8.3
203083,Andre Drummond,PHI,20,7,13,408.0,22,7,15,46.7,0,0,0.0,14,63.6,3,13.600000000000001,1,4.5,2,9.1,1,4.5
1641748,Andre Jackson Jr.,MIL,24,14,10,432.0,30,4,13,30.8,0,0,0.0,8,26.700000000000003,16,53.300000000000004,4,13.3,1,3.3000000000000003,0,0.0
1629614,Andrew Nembhard,IND,12,6,6,300.0,93,19,32,59.4,16,18,88.9,54,58.099999999999994,43,46.2,8,8.6,5,5.4,9,9.700000000000001
203952,Andrew Wiggins,GSW,21,11,10,606.0,121,25,61,41.0,14,18,77.8,67,55.400000000000006,42,34.699999999999996,12,9.9,7,5.800000000000001,9,7.3999999999999995
1629014,Anfernee Simons,POR,23,6,17,710.0,231,57,117,48.699999999999996,30,32,93.8,147,63.6,80,34.599999999999994,19,8.200000000000001,14,6.1,16,6.9
1641710,Anthony Black,ORL,28,17,11,675.0,196,41,88,46.6,19,28,67.9,102,52.0,67,34.2,21,10.7,15,7.7,14,7.1
203076,Anthony Davis,LAL,25,14,11,882.0,138,50,89,56.2,46,56,82.1,152,110.1,12,8.7,2,1.4000000000000001,7,5.1,28,20.3
1630162,Anthony Edwards,MIN,25,14,11,898.0,313,67,147,45.6,48,62,77.4,190,60.699999999999996,106,33.900000000000006,24,7.7,23,7.3,31,9.9
1630264,Anthony Gill,WAS,20,2,18,149.0,14,2,6,33.300000000000004,6,6,100.0,10,71.39999999999999,3,21.4,0,0.0,2,14.299999999999999,3,21.4
1641810,Antonio Reeves,NOP,14,1,13,138.0,20,6,14,42.9,2,2,100.0,14,70.0,5,25.0,3,15.0,0,0.0,1,5.0
1630574,Ariel Hukporti,NYK,11,8,3,97.0,5,1,3,33.300000000000004,0,0,0.0,2,40.0,1,20.0,0,0.0,1,20.0,0,0.0
1642422,Armel Traore,LAL,8,4,4,61.0,2,1,2,50.0,0,0,0.0,2,100.0,0,0.0,0,0.0,0,0.0,0,0.0
1641709,Ausar Thompson,DET,7,3,4,117.0,29,6,13,46.2,1,2,50.0,13,44.800000000000004,11,37.9,3,10.299999999999999,4,13.8,1,3.4000000000000004
1630559,Austin Reaves,LAL,21,12,9,707.0,185,40,80,50.0,25,30,83.3,110,59.5,73,39.5,19,10.299999999999999,15,8.1,15,8.1
1630245,Ayo Dosunmu,CHI,27,12,15,820.0,227,41,75,54.7,13,14,92.9,96,42.3,124,54.6,31,13.700000000000001,13,5.7,7,3.1
1628389,Bam Adebayo,MIA,24,13,11,840.0,125,36,76,47.4,17,24,70.8,91,72.8,27,21.6,6,4.8,4,3.2,12,9.6
1631248,Baylor Scheierman,BOS,5,5,0,34.0,5,0,1,0.0,2,2,100.0,2,40.0,3,60.0,0,0.0,0,0.0,1,20.0
1641767,Ben Sheppard,IND,13,6,7,272.0,9,2,5,40.0,0,0,0.0,4,44.4,4,44.4,3,33.300000000000004,0,0.0,0,0.0
1627732,Ben Simmons,BKN,20,8,12,477.0,75,12,24,50.0,0,0,0.0,25,33.300000000000004,41,54.7,9,12.0,6,8.0,0,0.0
1631097,Bennedict Mathurin,IND,26,11,15,846.0,197,47,94,50.0,44,50,88.0,142,72.1,52,26.400000000000002,9,4.6,18,9.1,25,12.7
1641731,Bilal Coulibaly,WAS,23,3,20,803.0,195,36,84,42.9,26,36,72.2,104,53.300000000000004,68,34.9,13,6.7,17,8.7,18,9.2
1631104,Blake Wesley,SAS,21,10,11,247.0,93,14,30,46.7,11,16,68.8,39,41.9,42,45.2,14,15.1,11,11.799999999999999,8,8.6
1626171,Bobby Portis,MIL,24,13,11,578.0,40,12,26,46.2,1,2,50.0,25,62.5,8,20.0,2,5.0,4,10.0,1,2.5
203992,Bogdan Bogdanović,ATL,12,8,4,301.0,52,9,19,47.4,0,0,0.0,18,34.599999999999994,27,51.9,6,11.5,6,11.5,0,0.0
1629626,Bol Bol,PHX,7,0,7,37.0,4,1,1,100.0,1,2,50.0,3,75.0,1,25.0,0,0.0,1,25.0,1,25.0
1630538,Bones Hyland,LAC,12,5,7,137.0,33,3,10,30.0,7,8,87.5,14,42.4,11,33.300000000000004,4,12.1,6,18.2,4,12.1
203078,Bradley Beal,PHX,15,9,6,502.0,151,36,59,61.0,11,16,68.8,85,56.3,61,40.400000000000006,13,8.6,15,9.9,8,5.3
1642382,Branden Carlson,OKC,5,5,0,18.0,0,0,0,0.0,0,0,0.0,0,0.0,0,0.0,0,0.0,0,0.0,0,0.0
1641764,Brandin Podziemski,GSW,24,13,11,588.0,143,25,54,46.300000000000004,8,10,80.0,58,40.6,75,52.400000000000006,16,11.200000000000001,7,4.9,5,3.5000000000000004
1630527,Brandon Boston,NOP,24,3,21,664.0,157,28,72,38.9,18,20,90.0,74,47.099999999999994,60,38.2,11,7.000000000000001,11,7.000000000000001,10,6.4
1629634,Brandon Clarke,MEM,26,18,8,481.0,44,8,16,50.0,3,4,75.0,19,43.2,24,54.50000000000001,4,9.1,2,4.5,2,4.5
1627742,Brandon Ingram,NOP,18,5,13,595.0,222,46,87,52.900000000000006,29,34,85.3,122,55.00000000000001,90,40.5,23,10.4,20,9.0,17,7.7
1641706,Brandon Miller,CHA,22,6,16,757.0,169,40,97,41.199999999999996,25,26,96.2,108,63.9,47,27.800000000000004,10,5.8999999999999995,9,5.3,13,7.7
1630314,Brandon Williams,DAL,5,5,0,21.0,10,2,7,28.599999999999998,0,0,0.0,4,40.0,3,30.0,1,10.0,0,0.0,0,0.0
1641729,Brice Sensabaugh,UTA,19,2,17,320.0,57,11,23,47.8,7,8,87.5,30,52.6,21,36.8,3,5.3,8,14.000000000000002,4,7.000000000000001
1642355,Bronny James,LAL,7,5,2,18.0,5,0,2,0.0,0,0,0.0,0,0.0,3,60.0,0,0.0,0,0.0,0,0.0
201572,Brook Lopez,MIL,25,14,11,817.0,18,5,11,45.5,0,0,0.0,11,61.1,5,27.800000000000004,1,5.6000000000000005,2,11.1,0,0.0
1628981,Bruno Fernando,TOR,16,2,14,143.0,4,1,3,33.300000000000004,0,0,0.0,2,50.0,0,0.0,0,0.0,1,25.0,0,0.0
1631121,Bryce McGowens,POR,1,0,1,3.0,0,0,0,0.0,0,0,0.0,0,0.0,0,0.0,0,0.0,0,0.0,0,0.0
1627741,Buddy Hield,GSW,25,14,11,601.0,80,17,33,51.5,4,4,100.0,38,47.5,38,47.5,4,5.0,6,7.5,2,2.5
203468,CJ McCollum,NOP,14,3,11,470.0,145,51,93,54.800000000000004,10,16,62.5,114,78.60000000000001,39,26.900000000000002,9,6.2,3,2.1,8,5.5
1630595,Cade Cunningham,DET,23,10,13,831.0,391,97,196,49.5,44,52,84.6,243,62.1,124,31.7,36,9.2,32,8.200000000000001,26,6.6000000000000005
1631216,Caleb Houstan,ORL,18,9,9,99.0,5,0,0,0.0,0,0,0.0,0,0.0,5,100.0,0,0.0,0,0.0,0,0.0
1628997,Caleb Martin,PHI,20,6,14,582.0,129,19,43,44.2,20,32,62.5,59,45.7,58,45.0,17,13.200000000000001,8,6.2,16,12.4
1642353,Cam Christie,LAC,1,0,1,18.0,0,0,0,0.0,0,0,0.0,0,0.0,0,0.0,0,0.0,0,0.0,0,0.0
1629629,Cam Reddish,LAL,19,8,11,377.0,21,2,4,50.0,5,10,50.0,10,47.599999999999994,9,42.9,3,14.299999999999999,2,9.5,5,23.799999999999997
1642285,Cam Spencer,MEM,3,3,0,46.0,4,1,1,100.0,0,0,0.0,3,75.0,3,75.0,1,25.0,0,0.0,0,0.0
1630560,Cam Thomas,BKN,17,7,10,568.0,243,53,109,48.6,48,56,85.7,161,66.3,84,34.599999999999994,28,11.5,14,5.800000000000001,30,12.3
1641715,Cam Whitmore,HOU,8,5,3,79.0,16,3,5,60.0,7,10,70.0,13,81.3,4,25.0,0,0.0,2,12.5,5,31.3
1629661,Cameron Johnson,BKN,25,10,15,813.0,158,25,53,47.199999999999996,17,18,94.39999999999999,69,43.7,79,50.0,23,14.6,12,7.6,9,5.7
1626166,Cameron Payne,NYK,20,14,6,342.0,63,16,35,45.7,4,4,100.0,36,57.099999999999994,22,34.9,5,7.9,3,4.8,2,3.2
1627747,Caris LeVert,CLE,21,19,2,512.0,146,26,48,54.2,15,26,57.699999999999996,67,45.9,73,50.0,23,15.8,11,7.5,13,8.9
1642267,Carlton Carrington,WAS,24,3,21,698.0,116,15,43,34.9,5,6,83.3,36,31.0,61,52.6,7,6.0,8,6.9,3,2.6
1641717,Cason Wallace,OKC,25,20,5,667.0,90,16,38,42.1,1,2,50.0,33,36.7,42,46.7,10,11.1,5,5.6000000000000005,1,1.0999999999999999
1629646,Charles Bassey,SAS,17,10,7,187.0,2,1,2,50.0,0,0,0.0,2,100.0,0,0.0,0,0.0,0,0.0,0,0.0
1631096,Chet Holmgren,OKC,10,8,2,265.0,68,10,26,38.5,12,16,75.0,33,48.5,25,36.8,5,7.3999999999999995,8,11.799999999999999,8,11.799999999999999
1628449,Chris Boucher,TOR,24,7,17,433.0,31,12,20,60.0,1,4,25.0,26,83.89999999999999,5,16.1,1,3.2,3,9.700000000000001,2,6.5
1630537,Chris Duarte,CHI,12,3,9,50.0,10,4,4,100.0,0,0,0.0,10,100.0,4,40.0,0,0.0,1,10.0,1,10.0
1641753,Chris Livingston,MIL,3,3,0,6.0,0,0,0,0.0,0,0,0.0,0,0.0,0,0.0,0,0.0,0,0.0,0,0.0
101108,Chris Paul,SAS,26,13,13,735.0,109,21,36,58.3,6,6,100.0,48,44.0,61,56.00000000000001,25,22.900000000000002,7,6.4,3,2.8000000000000003
1631128,Christian Braun,DEN,23,13,10,797.0,89,22,46,47.8,12,16,75.0,57,64.0,25,28.1,7,7.9,7,7.9,8,9.0
1631132,Christian Koloko,LAL,16,9,7,162.0,0,0,0,0.0,0,0,0.0,0,0.0,0,0.0,0,0.0,0,0.0,0,0.0
203991,Clint Capela,ATL,27,14,13,621.0,10,1,6,16.7,0,0,0.0,2,20.0,3,30.0,0,0.0,1,10.0,0,0.0
1629632,Coby White,CHI,25,10,15,818.0,259,46,87,52.900000000000006,30,36,83.3,124,47.9,131,50.6,29,11.200000000000001,17,6.6000000000000005,18,6.9
1628998,Cody Martin,CHA,26,7,19,683.0,85,18,32,56.3,9,12,75.0,45,52.900000000000006,38,44.7,11,12.9,8,9.4,6,7.1
1642262,Cody Williams,UTA,16,4,12,299.0,38,5,15,33.300000000000004,4,4,100.0,14,36.8,16,42.1,2,5.3,3,7.9,2,5.3
1641732,Colby Jones,SAC,17,9,8,101.0,17,2,6,33.300000000000004,0,0,0.0,4,23.5,11,64.7,2,11.799999999999999,0,0.0,0,0.0
1630175,Cole Anthony,ORL,25,16,9,274.0,111,17,42,40.5,9,12,75.0,45,40.5,52,46.800000000000004,14,12.6,9,8.1,6,5.4
1631306,Cole Swider,DET,2,0,2,13.0,0,0,0,0.0,0,0,0.0,0,0.0,0,0.0,0,0.0,0,0.0,0,0.0
1630658,Colin Castleton,MEM,8,8,0,22.0,2,0,0,0.0,2,2,100.0,2,100.0,1,50.0,0,0.0,0,0.0,1,50.0
1631221,Collin Gillespie,PHX,1,1,0,3.0,1,0,1,0.0,0,0,0.0,0,0.0,0,0.0,0,0.0,0,0.0,0,0.0
1629012,Collin Sexton,UTA,25,5,20,689.0,246,56,114,49.1,46,52,88.5,164,66.7,71,28.9,13,5.3,25,10.2,26,10.6
1630557,Corey Kispert,WAS,19,2,17,525.0,100,25,44,56.8,9,10,90.0,59,59.0,38,38.0,7,7.000000000000001,11,11.0,5,5.0
202709,Cory Joseph,ORL,14,8,6,55.0,5,1,3,33.300000000000004,0,0,0.0,2,40.0,2,40.0,0,0.0,0,0.0,0,0.0
1641854,Craig Porter Jr.,CLE,16,13,3,151.0,24,3,5,60.0,1,2,50.0,7,29.2,14,58.3,7,29.2,4,16.7,1,4.2
1642385,Cui Yongxi,BKN,5,2,3,10.0,1,0,1,0.0,0,0,0.0,0,0.0,0,0.0,0,0.0,0,0.0,0,0.0
1626156,D'Angelo Russell,LAL,25,13,12,666.0,134,36,68,52.900000000000006,21,24,87.5,96,71.6,44,32.800000000000004,16,11.899999999999999,5,3.6999999999999997,12,9.0
1630618,D.J. Carton,TOR,4,1,3,33.0,7,0,3,0.0,0,0,0.0,0,0.0,4,57.099999999999994,1,14.299999999999999,0,0.0,0,0.0
1629610,DaQuan Jeffries,CHA,3,1,2,61.0,6,4,6,66.7,0,0,0.0,8,133.29999999999998,0,0.0,0,0.0,0,0.0,0,0.0
1630227,Daishen Nix,MIN,3,3,0,13.0,2,0,0,0.0,0,0,0.0,0,0.0,1,50.0,1,50.0,1,50.0,0,0.0
1630625,Dalano Banton,POR,24,7,17,400.0,155,31,69,44.9,11,20,55.00000000000001,76,49.0,69,44.5,15,9.700000000000001,6,3.9,10,6.5
1631207,Dalen Terry,CHI,25,10,15,337.0,67,11,20,55.00000000000001,11,14,78.60000000000001,33,49.3,33,49.3,1,1.5,5,7.5,7,10.4
1642261,Dalton Knecht,LAL,26,14,12,614.0,39,13,27,48.1,5,6,83.3,32,82.1,7,17.9,1,2.6,1,2.6,3,7.7
203081,Damian Lillard,MIL,22,12,10,800.0,261,69,121,56.99999999999999,31,34,91.2,173,66.3,98,37.5,35,13.4,18,6.9,17,6.5
1627814,Damion Lee,PHX,4,1,3,38.0,10,3,3,100.0,2,2,100.0,8,80.0,6,60.0,2,20.0,0,0.0,1,10.0
1629655,Daniel Gafford,DAL,25,16,9,517.0,14,8,10,80.0,0,0,0.0,16,114.3,2,14.299999999999999,0,0.0,1,7.1,0,0.0
1628464,Daniel Theis,NOP,19,3,16,270.0,4,3,4,75.0,0,0,0.0,6,150.0,0,0.0,0,0.0,0,0.0,0,0.0
1642450,Daniss Jenkins,DET,2,0,2,5.0,1,0,0,0.0,0,0,0.0,0,0.0,1,100.0,0,0.0,0,0.0,0,0.0
203967,Dario Šarić,DEN,10,4,6,136.0,12,2,6,33.300000000000004,2,2,100.0,6,50.0,4,33.300000000000004,1,8.3,0,0.0,1,8.3
1641727,Dariq Whitehead,BKN,3,1,2,26.0,2,0,1,0.0,0,0,0.0,0,0.0,1,50.0,0,0.0,0,0.0,0,0.0
1629636,Darius Garland,CLE,26,22,4,786.0,366,76,131,57.99999999999999,37,38,97.39999999999999,194,53.0,175,47.8,51,13.900000000000002,26,7.1,19,5.2
1630561,David Duke Jr.,SAS,1,0,1,8.0,5,1,3,33.300000000000004,1,2,50.0,3,60.0,1,20.0,0,0.0,0,0.0,1,20.0
1631223,David Roddy,ATL,14,5,9,204.0,41,11,16,68.8,6,6,100.0,28,68.30000000000001,17,41.5,6,14.6,4,9.8,3,7.3
1630558,Davion Mitchell,TOR,27,7,20,723.0,191,31,61,50.8,8,12,66.7,72,37.7,105,55.00000000000001,30,15.7,14,7.3,6,3.1
1630549,Day'Ron Sharpe,BKN,5,1,4,81.0,3,0,1,0.0,0,0,0.0,0,0.0,2,66.7,1,33.300000000000004,0,0.0,0,0.0
1628368,De'Aaron Fox,SAC,27,13,14,1007.0,448,133,229,58.099999999999994,57,75,76.0,332,74.1,136,30.4,36,8.0,37,8.3,37,8.3
1629631,De'Andre Hunter,ATL,16,11,5,447.0,94,28,56,50.0,14,16,87.5,74,78.7,24,25.5,4,4.3,2,2.1,8,8.5
1629001,De'Anthony Melton,BKN,6,4,2,121.0,29,4,9,44.4,0,0,0.0,8,27.6,16,55.2,5,17.2,1,3.4000000000000004,0,0.0
201599,DeAndre Jordan,DEN,12,8,4,122.0,0,0,0,0.0,0,0,0.0,0,0.0,0,0.0,0,0.0,0,0.0,0,0.0
201942,DeMar DeRozan,SAC,22,11,11,781.0,182,44,83,53.0,34,38,89.5,127,69.8,71,39.0,19,10.4,4,2.1999999999999997,19,10.4
1629731,Dean Wade,CLE,19,18,1,418.0,26,3,6,50.0,2,4,50.0,8,30.8,17,65.4,4,15.4,0,0.0,2,7.7
1629028,Deandre Ayton,POR,17,4,13,513.0,19,7,14,50.0,2,2,100.0,16,84.2,1,5.3,1,5.3,1,5.3,1,5.3
1627749,Dejounte Murray,NOP,10,2,8,330.0,146,29,65,44.6,15,17,88.2,74,50.7,51,34.9,13,8.9,18,12.3,8,5.5
1626153,Delon Wright,MIL,18,10,8,288.0,44,6,17,35.3,3,4,75.0,15,34.1,20,45.5,6,13.600000000000001,4,9.1,2,4.5
1630166,Deni Avdija,POR,26,8,18,692.0,206,35,71,49.3,35,41,85.39999999999999,107,51.9,95,46.1,21,10.2,15,7.3,21,10.2
203471,Dennis Schröder,GSW,23,9,14,772.0,339,66,134,49.3,29,32,90.60000000000001,169,49.9,154,45.4,39,11.5,21,6.2,16,4.7
1641726,Dereck Lively II,DAL,21,15,6,501.0,1,1,1,100.0,0,0,0.0,2,200.0,0,0.0,0,0.0,0,0.0,0,0.0
1627884,Derrick Jones Jr.,LAC,25,14,11,625.0,59,15,38,39.5,10,12,83.3,43,72.89999999999999,10,16.900000000000002,3,5.1,5,8.5,6,10.2
1628401,Derrick White,BOS,25,21,4,862.0,133,36,63,57.099999999999994,16,16,100.0,90,67.7,49,36.8,11,8.3,9,6.800000000000001,8,6.0
1630217,Desmond Bane,MEM,19,12,7,537.0,131,27,58,46.6,3,6,50.0,59,45.0,59,45.0,10,7.6,11,8.4,3,2.3
1626164,Devin Booker,PHX,25,14,11,926.0,308,53,114,46.5,58,64,90.60000000000001,170,55.2,141,45.800000000000004,42,13.600000000000001,12,3.9,32,10.4
1630170,Devin Vassell,SAS,11,5,6,271.0,63,15,34,44.1,7,8,87.5,39,61.9,17,27.0,8,12.7,6,9.5,4,6.3
1628415,Dillon Brooks,HOU,26,17,9,815.0,99,22,60,36.7,6,8,75.0,52,52.5,29,29.299999999999997,7,7.1,6,6.1,4,4.0
1641794,Dillon Jones,OKC,21,17,4,177.0,14,3,7,42.9,0,0,0.0,6,42.9,7,50.0,1,7.1,0,0.0,0,0.0
1627734,Domantas Sabonis,SAC,25,12,13,900.0,89,19,35,54.300000000000004,12,14,85.7,51,57.3,34,38.2,9,10.100000000000001,8,9.0,7,7.9
1631230,Dominick Barlow,ATL,2,1,1,11.0,1,0,1,0.0,0,0,0.0,0,0.0,0,0.0,0,0.0,0,0.0,0,0.0
1642270,Donovan Clingan,POR,19,7,12,324.0,2,0,1,0.0,0,0,0.0,0,0.0,1,50.0,0,0.0,0,0.0,0,0.0
1628378,Donovan Mitchell,CLE,26,22,4,830.0,303,70,140,50.0,31,40,77.5,172,56.8,122,40.300000000000004,30,9.9,12,4.0,20,6.6000000000000005
1628978,Donte DiVincenzo,MIN,25,14,11,619.0,121,13,26,50.0,1,4,25.0,27,22.3,71,58.699999999999996,20,16.5,21,17.4,2,1.7000000000000002
1627827,Dorian Finney-Smith,BKN,18,6,12,520.0,48,7,15,46.7,3,6,50.0,17,35.4,23,47.9,2,4.2,7,14.6,3,6.3
203926,Doug McDermott,SAC,20,10,10,181.0,3,0,2,0.0,0,0,0.0,0,0.0,0,0.0,0,0.0,0,0.0,0,0.0
203110,Draymond Green,GSW,23,13,10,658.0,72,11,28,39.300000000000004,9,10,90.0,33,45.800000000000004,29,40.300000000000004,7,9.700000000000001,7,9.700000000000001,5,6.9
1629234,Drew Eubanks,UTA,20,4,16,271.0,15,5,7,71.39999999999999,3,6,50.0,13,86.7,4,26.700000000000003,1,6.7,0,0.0,3,20.0
1641809,Drew Peterson,BOS,7,6,1,81.0,3,0,0,0.0,0,0,0.0,0,0.0,3,100.0,1,33.300000000000004,0,0.0,0,0.0
1630696,Dru Smith,MIA,11,7,4,205.0,35,7,16,43.8,0,0,0.0,14,40.0,17,48.6,2,5.7,1,2.9000000000000004,0,0.0
1629130,Duncan Robinson,MIA,23,12,11,520.0,101,16,40,40.0,4,4,100.0,36,35.6,45,44.6,11,10.9,9,8.9,2,2.0
1641871,Duop Reath,POR,13,4,9,83.0,3,0,2,0.0,0,0,0.0,0,0.0,1,33.300000000000004,0,0.0,0,0.0,0,0.0
203939,Dwight Powell,DAL,20,13,7,155.0,1,0,0,0.0,1,2,50.0,1,100.0,0,0.0,0,0.0,0,0.0,1,100.0
1630700,Dyson Daniels,ATL,25,14,11,849.0,203,40,91,44.0,7,12,58.3,89,43.8,83,40.9,19,9.4,16,7.9,6,3.0
1630604,E.J. Liddell,CHI,6,2,4,31.0,0,0,0,0.0,0,0,0.0,0,0.0,0,0.0,0,0.0,0,0.0,0,0.0
203901,Elfrid Payton,NOP,7,0,7,144.0,67,18,35,51.4,1,2,50.0,37,55.2,25,37.3,8,11.899999999999999,5,7.5,1,1.5
1642402,Enrique Freeman,IND,15,3,12,111.0,7,2,3,66.7,0,0,0.0,4,57.099999999999994,2,28.599999999999998,0,0.0,2,28.599999999999998,0,0.0
201569,Eric Gordon,PHI,17,5,12,290.0,55,11,25,44.0,12,16,75.0,35,63.6,15,27.3,7,12.7,3,5.5,9,16.400000000000002
1630596,Evan Mobley,CLE,25,21,4,759.0,181,49,92,53.300000000000004,19,22,86.4,121,66.9,50,27.6,10,5.5,20,11.0,11,6.1
1630532,Franz Wagner,ORL,25,16,9,829.0,331,75,168,44.6,64,74,86.5,217,65.60000000000001,97,29.299999999999997,30,9.1,21,6.3,37,11.200000000000001
1627832,Fred VanVleet,HOU,24,15,9,850.0,233,36,72,50.0,19,22,86.4,92,39.5,135,57.9,32,13.700000000000001,6,2.6,11,4.7
1629216,Gabe Vincent,LAL,26,14,12,493.0,56,6,25,24.0,3,4,75.0,15,26.8,26,46.400000000000006,6,10.7,2,3.5999999999999996,2,3.5999999999999996
202066,Garrett Temple,TOR,9,3,6,35.0,4,1,1,100.0,0,0,0.0,2,50.0,2,50.0,0,0.0,1,25.0,0,0.0
1629726,Garrison Mathews,ATL,19,8,11,343.0,24,0,5,0.0,9,10,90.0,9,37.5,11,45.800000000000004,6,25.0,1,4.2,5,20.8
203914,Gary Harris,ORL,17,11,6,282.0,13,2,4,50.0,0,0,0.0,4,30.8,7,53.800000000000004,0,0.0,2,15.4,0,0.0
1627780,Gary Payton II,GSW,25,14,11,336.0,13,5,7,71.39999999999999,0,0,0.0,10,76.9,5,38.5,2,15.4,1,7.7,0,0.0
1629018,Gary Trent Jr.,MIL,23,14,9,593.0,46,11,28,39.300000000000004,11,12,91.7,33,71.7,11,23.9,4,8.7,0,0.0,6,13.0
1627777,Georges Niang,CLE,27,23,4,561.0,70,22,34,64.7,4,6,66.7,49,70.0,24,34.300000000000004,7,10.0,7,10.0,3,4.3
203507,Giannis Antetokounmpo,MIL,23,13,10,810.0,303,90,144,62.5,35,80,43.8,224,73.9,84,27.700000000000003,22,7.3,17,5.6000000000000005,40,13.200000000000001
1629048,Goga Bitadze,ORL,23,16,7,541.0,14,4,7,57.099999999999994,3,4,75.0,11,78.60000000000001,3,21.4,2,14.299999999999999,1,7.1,2,14.299999999999999
1641711,Gradey Dick,TOR,22,4,18,713.0,117,34,66,51.5,22,26,84.6,92,78.60000000000001,30,25.6,8,6.800000000000001,4,3.4000000000000004,13,11.1
1629684,Grant Williams,CHA,16,6,10,479.0,43,2,14,14.299999999999999,10,10,100.0,14,32.6,15,34.9,3,7.000000000000001,6,14.000000000000002,5,11.600000000000001
1628960,Grayson Allen,PHX,21,13,8,501.0,102,16,36,44.4,27,31,87.1,60,58.8,40,39.2,6,5.8999999999999995,8,7.8,16,15.7
1627824,Guerschon Yabusele,PHI,23,8,15,557.0,35,12,18,66.7,2,2,100.0,26,74.3,10,28.599999999999998,4,11.4,5,14.299999999999999,1,2.9000000000000004
1630611,Gui Santos,GSW,6,5,1,22.0,4,0,0,0.0,0,0,0.0,0,0.0,4,100.0,1,25.0,0,0.0,0,0.0
203084,Harrison Barnes,SAS,26,13,13,753.0,97,16,40,40.0,23,28,82.1,57,58.8,35,36.1,10,10.299999999999999,5,5.2,14,14.399999999999999
1631127,Harrison Ingram,SAS,1,0,1,7.0,0,0,0,0.0,0,0,0.0,0,0.0,0,0.0,0,0.0,0,0.0,0,0.0
1629312,Haywood Highsmith,MIA,22,12,10,546.0,46,8,15,53.300000000000004,3,4,75.0,20,43.5,22,47.8,1,2.1999999999999997,5,10.9,2,4.3
1630529,Herbert Jones,NOP,9,3,6,293.0,39,13,22,59.099999999999994,8,10,80.0,35,89.7,10,25.6,3,7.7,2,5.1,5,12.8
1641816,Hunter Tyson,DEN,16,9,7,151.0,4,1,2,50.0,2,2,100.0,4,100.0,1,25.0,0,0.0,0,0.0,1,25.0
1630193,Immanuel Quickley,TOR,3,0,3,68.0,34,8,17,47.099999999999994,4,4,100.0,20,58.8,12,35.3,2,5.8999999999999995,1,2.9000000000000004,2,5.8999999999999995
1642403,Isaac Jones,SAC,16,9,7,148.0,8,4,5,80.0,0,0,0.0,8,100.0,3,37.5,0,0.0,0,0.0,0,0.0
1630171,Isaac Okoro,CLE,23,21,2,483.0,47,6,13,46.2,4,6,66.7,16,34.0,26,55.300000000000004,7,14.899999999999999,3,6.4,3,6.4
1642268,Isaiah Collier,UTA,18,4,14,302.0,82,6,18,33.300000000000004,4,8,50.0,16,19.5,48,58.5,14,17.1,12,14.6,4,4.9
1642384,Isaiah Crawford,SAC,1,1,0,5.0,1,0,0,0.0,0,0,0.0,0,0.0,1,100.0,0,0.0,0,0.0,0,0.0
1628392,Isaiah Hartenstein,OKC,10,9,1,301.0,12,5,9,55.60000000000001,0,0,0.0,10,83.3,2,16.7,0,0.0,1,8.3,0,0.0
1630543,Isaiah Jackson,IND,5,1,4,84.0,0,0,0,0.0,0,0,0.0,0,0.0,0,0.0,0,0.0,0,0.0,0,0.0
1630198,Isaiah Joe,OKC,23,19,4,491.0,48,7,15,46.7,0,0,0.0,15,31.3,31,64.60000000000001,9,18.8,2,4.2,0,0.0
1630191,Isaiah Stewart,DET,27,11,16,579.0,2,1,1,100.0,0,0,0.0,2,100.0,1,50.0,0,0.0,0,0.0,0,0.0
1631209,Isaiah Wong,CHA,4,1,3,64.0,26,5,13,38.5,7,8,87.5,18,69.19999999999999,8,30.8,3,11.5,1,3.8,4,15.4
1627826,Ivica Zubac,LAC,27,15,12,868.0,20,6,14,42.9,3,6,50.0,15,75.0,1,5.0,0,0.0,1,5.0,3,15.0
1631120,JD Davison,BOS,5,5,0,24.0,7,1,2,50.0,1,2,50.0,3,42.9,1,14.299999999999999,0,0.0,2,28.599999999999998,1,14.299999999999999
1630550,JT Thor,CLE,4,3,1,21.0,6,3,4,75.0,2,2,100.0,8,133.29999999999998,1,16.7,0,0.0,0,0.0,1,16.7
1629630,Ja Morant,MEM,16,11,5,458.0,260,63,123,51.2,40,50,80.0,172,66.2,80,30.8,37,14.2,19,7.3,25,9.6
1642266,Ja'Kobe Walter,TOR,13,4,9,251.0,43,15,24,62.5,6,6,100.0,37,86.0,11,25.6,3,7.000000000000001,3,7.000000000000001,3,7.000000000000001
1631095,Jabari Smith Jr.,HOU,26,17,9,797.0,44,10,23,43.5,11,12,91.7,31,70.5,10,22.7,4,9.1,4,9.1,6,13.600000000000001
1631133,Jabari Walker,POR,21,5,16,233.0,25,3,9,33.300000000000004,3,4,75.0,9,36.0,9,36.0,1,4.0,4,16.0,2,8.0
1629098,Jack McVeigh,HOU,6,5,1,21.0,1,0,0,0.0,0,0,0.0,0,0.0,1,100.0,0,0.0,0,0.0,0,0.0
1631210,Jacob Toppin,NYK,7,6,1,21.0,3,0,0,0.0,0,0,0.0,0,0.0,2,66.7,2,66.7,1,33.300000000000004,0,0.0
1630702,Jaden Hardy,DAL,22,15,7,320.0,101,24,49,49.0,10,12,83.3,60,59.4,32,31.7,3,3.0,12,11.899999999999999,6,5.8999999999999995
1631093,Jaden Ivey,DET,25,10,15,759.0,250,47,119,39.5,36,50,72.0,132,52.800000000000004,76,30.4,22,8.799999999999999,26,10.4,25,10.0
1630183,Jaden McDaniels,MIN,25,14,11,755.0,112,28,63,44.4,6,8,75.0,62,55.400000000000006,34,30.4,8,7.1,11,9.8,4,3.5999999999999996
1630531,Jaden Springer,BOS,8,7,1,26.0,8,1,3,33.300000000000004,1,2,50.0,3,37.5,4,50.0,1,12.5,0,0.0,1,12.5
203109,Jae Crowder,SAC,6,2,4,89.0,3,1,2,50.0,0,0,0.0,2,66.7,0,0.0,0,0.0,1,33.300000000000004,0,0.0
1630256,Jae'Sean Tate,HOU,10,8,2,59.0,15,5,8,62.5,2,2,100.0,12,80.0,5,33.300000000000004,1,6.7,0,0.0,1,6.7
1631170,Jaime Jaquez Jr.,MIA,20,12,8,421.0,116,36,63,57.099999999999994,13,20,65.0,87,75.0,32,27.6,6,5.2,9,7.8,10,8.6
1631222,Jake LaRavia,MEM,27,18,9,618.0,164,18,40,45.0,17,20,85.0,54,32.9,99,60.4,29,17.7,13,7.9,10,6.1
1627751,Jakob Poeltl,TOR,26,7,19,835.0,40,10,21,47.599999999999994,9,10,90.0,29,72.5,6,15.0,2,5.0,2,5.0,5,12.5
1641779,Jalen Bridges,PHX,2,0,2,11.0,0,0,0,0.0,0,0,0.0,0,0.0,0,0.0,0,0.0,0,0.0,0,0.0
1628973,Jalen Brunson,NYK,26,16,10,895.0,477,96,191,50.3,61,74,82.39999999999999,265,55.60000000000001,219,45.9,53,11.1,18,3.8,37,7.8
1631105,Jalen Duren,DET,24,10,14,582.0,38,8,18,44.4,13,16,81.3,29,76.3,7,18.4,1,2.6,4,10.5,8,21.099999999999998
1630224,Jalen Green,HOU,26,17,9,847.0,242,54,118,45.800000000000004,41,44,93.2,153,63.2,71,29.299999999999997,11,4.5,19,7.9,22,9.1
1641720,Jalen Hood-Schifino,LAL,2,2,0,14.0,5,1,1,100.0,2,2,100.0,4,80.0,2,40.0,0,0.0,1,20.0,1,20.0
1630552,Jalen Johnson,ATL,25,13,12,916.0,227,52,111,46.800000000000004,28,36,77.8,134,59.0,73,32.2,22,9.700000000000001,19,8.4,18,7.9
1629618,Jalen Pickett,DEN,5,3,2,41.0,6,1,1,100.0,0,0,0.0,2,33.300000000000004,5,83.3,0,0.0,0,0.0,0,0.0
1630188,Jalen Smith,CHI,24,11,13,369.0,18,4,10,40.0,2,2,100.0,11,61.1,6,33.300000000000004,1,5.6000000000000005,0,0.0,1,5.6000000000000005
1630591,Jalen Suggs,ORL,27,16,11,822.0,217,46,98,46.9,26,28,92.9,123,56.699999999999996,82,37.8,20,9.2,16,7.3999999999999995,14,6.5
1631114,Jalen Williams,OKC,25,20,5,802.0,310,71,160,44.4,35,44,79.5,183,59.0,102,32.9,29,9.4,18,5.800000000000001,22,7.1
1630592,Jalen Wilson,BKN,25,9,16,633.0,144,19,50,38.0,17,18,94.39999999999999,57,39.6,76,52.800000000000004,18,12.5,7,4.9,9,6.3
1631288,Jamal Cain,NOP,16,2,14,225.0,23,7,13,53.800000000000004,2,2,100.0,17,73.9,8,34.8,2,8.7,1,4.3,1,4.3
1627750,Jamal Murray,DEN,19,10,9,682.0,190,38,85,44.7,17,18,94.39999999999999,97,51.1,86,45.300000000000004,21,11.1,3,1.6,9,4.7
1642347,Jamal Shead,TOR,25,7,18,350.0,114,21,53,39.6,2,2,100.0,47,41.199999999999996,50,43.9,16,14.000000000000002,8,7.000000000000001,1,0.8999999999999999
201935,James Harden,LAC,26,15,11,876.0,376,71,163,43.6,59,67,88.1,203,54.0,143,38.0,44,11.700000000000001,29,7.7,33,8.799999999999999
201949,James Johnson,IND,3,0,3,10.0,3,1,1,100.0,0,0,0.0,2,66.7,2,66.7,1,33.300000000000004,0,0.0,0,0.0
1630164,James Wiseman,IND,1,1,0,5.0,0,0,0,0.0,0,0,0.0,0,0.0,0,0.0,0,0.0,0,0.0,0,0.0
1642419,Jamison Battle,TOR,24,7,17,326.0,20,4,8,50.0,0,0,0.0,8,40.0,9,45.0,5,25.0,1,5.0,0,0.0
1641716,Jarace Walker,IND,26,11,15,477.0,65,12,28,42.9,7,10,70.0,33,50.8,23,35.4,8,12.3,6,9.2,5,7.7
1630215,Jared Butler,WAS,19,2,17,212.0,120,24,50,48.0,0,2,0.0,52,43.3,62,51.7,20,16.7,5,4.2,1,0.8
1642272,Jared McCain,PHI,22,7,15,563.0,195,52,102,51.0,27,30,90.0,134,68.7,57,29.2,9,4.6,16,8.200000000000001,15,7.7
1631197,Jared Rhoden,CHA,4,1,3,12.0,5,1,3,33.300000000000004,0,0,0.0,2,40.0,0,0.0,0,0.0,1,20.0,0,0.0
1628991,Jaren Jackson Jr.,MEM,25,17,8,706.0,220,77,142,54.2,35,44,79.5,196,89.1,29,13.200000000000001,6,2.7,16,7.3,22,10.0
1628386,Jarrett Allen,CLE,27,23,4,802.0,17,8,9,88.9,1,2,50.0,17,100.0,5,29.4,0,0.0,2,11.799999999999999,1,5.8999999999999995
1629750,Javonte Green,NOP,25,5,20,574.0,30,6,18,33.300000000000004,4,8,50.0,16,53.300000000000004,4,13.3,0,0.0,3,10.0,4,13.3
1629637,Jaxson Hayes,LAL,11,6,5,192.0,2,0,0,0.0,2,2,100.0,2,100.0,1,50.0,0,0.0,0,0.0,1,50.0
1630643,Jay Huff,MEM,27,18,9,410.0,61,10,17,58.8,10,16,62.5,31,50.8,29,47.5,7,11.5,4,6.6000000000000005,8,13.100000000000001
1627759,Jaylen Brown,BOS,21,18,3,742.0,283,66,136,48.5,24,32,75.0,158,55.800000000000004,100,35.3,35,12.4,21,7.3999999999999995,16,5.7
1641798,Jaylen Martin,BKN,2,2,0,3.0,0,0,0,0.0,0,0,0.0,0,0.0,0,0.0,0,0.0,0,0.0,0,0.0
1629669,Jaylen Nowell,NOP,8,1,7,168.0,51,10,29,34.5,3,4,75.0,24,47.099999999999994,13,25.5,4,7.8,5,9.8,2,3.9
1642377,Jaylen Wells,MEM,27,18,9,663.0,136,26,44,59.099999999999994,17,18,94.39999999999999,72,52.900000000000006,64,47.099999999999994,17,12.5,13,9.6,9,6.6000000000000005
1642281,Jaylon Tyson,CLE,14,11,3,108.0,21,2,6,33.300000000000004,1,2,50.0,5,23.799999999999997,11,52.400000000000006,2,9.5,3,14.299999999999999,1,4.8
1628369,Jayson Tatum,BOS,24,19,5,873.0,238,62,115,53.900000000000006,42,50,84.0,173,72.7,77,32.4,19,8.0,11,4.6,25,10.5
1641789,Jazian Gortman,DAL,7,5,2,15.0,3,0,1,0.0,0,0,0.0,0,0.0,1,33.300000000000004,0,0.0,0,0.0,0,0.0
1630288,Jeff Dowtin Jr.,PHI,8,1,7,80.0,15,5,8,62.5,0,0,0.0,10,66.7,7,46.7,3,20.0,0,0.0,0,0.0
201145,Jeff Green,HOU,7,4,3,40.0,2,1,1,100.0,0,0,0.0,2,100.0,1,50.0,0,0.0,0,0.0,0,0.0
203924,Jerami Grant,POR,24,7,17,789.0,188,41,96,42.699999999999996,18,20,90.0,104,55.300000000000004,61,32.4,20,10.6,13,6.9,10,5.3
1630526,Jeremiah Robinson-Earl,NOP,25,5,20,507.0,41,6,19,31.6,2,2,100.0,14,34.1,18,43.9,4,9.8,3,7.3,1,2.4
1631110,Jeremy Sochan,SAS,13,5,8,366.0,58,14,31,45.2,7,12,58.3,36,62.1,16,27.6,3,5.2,5,8.6,6,10.299999999999999
1630579,Jericho Sims,NYK,24,14,10,299.0,8,1,2,50.0,0,0,0.0,2,25.0,2,25.0,0,0.0,4,50.0,0,0.0
1641724,Jett Howard,ORL,26,15,11,273.0,22,4,9,44.4,2,2,100.0,10,45.5,12,54.50000000000001,0,0.0,0,0.0,1,4.5
1628975,Jevon Carter,CHI,11,4,7,53.0,10,2,5,40.0,0,0,0.0,4,40.0,4,40.0,0,0.0,1,10.0,0,0.0
202710,Jimmy Butler,MIA,19,11,8,619.0,254,45,81,55.60000000000001,39,52,75.0,133,52.400000000000006,135,53.1,34,13.4,6,2.4,26,10.2
1629111,Jock Landale,HOU,14,9,5,156.0,3,1,2,50.0,0,0,0.0,2,66.7,0,0.0,0,0.0,0,0.0,0,0.0
204060,Joe Ingles,MIN,7,5,2,26.0,2,0,0,0.0,0,0,0.0,0,0.0,2,100.0,1,50.0,0,0.0,0,0.0
203954,Joel Embiid,PHI,5,1,4,158.0,15,3,5,60.0,4,4,100.0,10,66.7,6,40.0,0,0.0,2,13.3,2,13.3
1628381,John Collins,UTA,24,5,19,708.0,127,37,70,52.900000000000006,19,22,86.4,100,78.7,33,26.0,10,7.9,9,7.1,11,8.7
1629723,John Konchar,MEM,13,9,4,155.0,8,0,0,0.0,0,0,0.0,0,0.0,6,75.0,0,0.0,0,0.0,0,0.0
1631098,Johnny Davis,WAS,19,2,17,182.0,22,7,15,46.7,3,6,50.0,17,77.3,3,13.600000000000001,1,4.5,1,4.5,3,13.600000000000001
1642277,Johnny Furphy,IND,16,5,11,162.0,5,0,1,0.0,0,0,0.0,0,0.0,2,40.0,0,0.0,2,40.0,0,0.0
1630548,Johnny Juzang,UTA,21,5,16,363.0,26,5,14,35.699999999999996,0,0,0.0,11,42.3,10,38.5,2,7.7,2,7.7,0,0.0
202685,Jonas Valančiūnas,WAS,24,3,21,473.0,22,7,13,53.800000000000004,8,8,100.0,22,100.0,2,9.1,0,0.0,2,9.1,4,18.2
1628371,Jonathan Isaac,ORL,22,14,8,370.0,7,0,4,0.0,0,0,0.0,0,0.0,2,28.599999999999998,0,0.0,1,14.299999999999999,0,0.0
1630228,Jonathan Kuminga,GSW,23,14,9,580.0,185,49,104,47.099999999999994,25,40,62.5,124,67.0,50,27.0,5,2.7,9,4.9,21,11.4
1642367,Jonathan Mogbo,TOR,27,7,20,467.0,53,5,20,25.0,2,2,100.0,12,22.6,27,50.9,5,9.4,3,5.7,1,1.9
203903,Jordan Clarkson,UTA,15,3,12,392.0,181,39,79,49.4,15,18,83.3,96,53.0,74,40.9,18,9.9,15,8.3,10,5.5
1641722,Jordan Hawkins,NOP,11,3,8,302.0,48,9,30,30.0,4,4,100.0,23,47.9,11,22.900000000000002,3,6.3,2,4.2,3,6.3
1629162,Jordan McLaughlin,SAC,20,11,9,158.0,45,4,11,36.4,2,2,100.0,10,22.2,31,68.89999999999999,3,6.7,2,4.3999999999999995,1,2.1999999999999997
1641757,Jordan Miller,LAC,16,8,8,263.0,77,22,42,52.400000000000006,10,12,83.3,55,71.39999999999999,19,24.7,4,5.2,8,10.4,6,7.8
1629673,Jordan Poole,WAS,22,3,19,678.0,216,38,95,40.0,18,24,75.0,95,44.0,77,35.6,24,11.1,23,10.6,12,5.6000000000000005
1641775,Jordan Walsh,BOS,18,15,3,157.0,6,1,3,33.300000000000004,0,0,0.0,2,33.300000000000004,3,50.0,0,0.0,0,0.0,0,0.0
1630631,Jose Alvarado,NOP,11,3,8,282.0,75,11,29,37.9,9,10,90.0,31,41.3,38,50.7,12,16.0,2,2.7,5,6.7
1630581,Josh Giddey,CHI,27,12,15,732.0,224,44,82,53.7,15,20,75.0,103,46.0,114,50.9,35,15.6,13,5.800000000000001,10,4.5
1630182,Josh Green,CHA,24,6,18,669.0,76,8,27,29.599999999999998,4,8,50.0,21,27.6,33,43.4,5,6.6000000000000005,4,5.3,4,5.3
1628404,Josh Hart,NYK,26,16,10,957.0,107,30,42,71.39999999999999,10,12,83.3,74,69.19999999999999,52,48.6,15,14.000000000000002,5,4.7,6,5.6000000000000005
1631169,Josh Minott,MIN,12,7,5,85.0,10,5,5,100.0,1,2,50.0,11,110.00000000000001,2,20.0,0,0.0,2,20.0,1,10.0
1629006,Josh Okogie,PHX,15,5,10,203.0,49,12,24,50.0,5,6,83.3,30,61.199999999999996,14,28.599999999999998,1,2.0,3,6.1,3,6.1
1626196,Josh Richardson,MIA,8,4,4,149.0,25,2,7,28.599999999999998,2,2,100.0,6,24.0,14,56.00000000000001,0,0.0,3,12.0,1,4.0
201950,Jrue Holiday,BOS,23,18,5,705.0,126,28,48,58.3,15,16,93.8,74,58.699999999999996,58,46.0,15,11.899999999999999,10,7.9,8,6.3
1630577,Julian Champagnie,SAS,26,13,13,771.0,61,18,30,60.0,6,6,100.0,42,68.89999999999999,24,39.300000000000004,6,9.8,3,4.9,3,4.9
1641763,Julian Phillips,CHI,26,12,14,365.0,32,3,9,33.300000000000004,1,4,25.0,7,21.9,19,59.4,4,12.5,2,6.3,2,6.3
1631124,Julian Strawther,DEN,24,14,10,506.0,78,22,47,46.800000000000004,10,12,83.3,54,69.19999999999999,22,28.199999999999996,4,5.1,2,2.6,6,7.7
203944,Julius Randle,MIN,25,14,11,824.0,294,61,123,49.6,51,60,85.0,177,60.199999999999996,109,37.1,22,7.5,25,8.5,30,10.2
1630551,Justin Champagnie,WAS,7,1,6,180.0,20,3,7,42.9,0,2,0.0,6,30.0,11,55.00000000000001,4,20.0,1,5.0,1,5.0
1642348,Justin Edwards,PHI,2,1,1,9.0,1,0,0,0.0,0,0,0.0,0,0.0,1,100.0,1,100.0,0,0.0,0,0.0
1631303,Justin Minaya,POR,1,0,1,6.0,0,0,0,0.0,0,0,0.0,0,0.0,0,0.0,0,0.0,0,0.0,0,0.0
203994,Jusuf Nurkić,PHX,18,11,7,443.0,9,2,5,40.0,1,2,50.0,5,55.60000000000001,0,0.0,0,0.0,2,22.2,1,11.1
1630231,KJ Martin,PHI,20,7,13,380.0,24,5,8,62.5,5,6,83.3,16,66.7,12,50.0,2,8.3,1,4.2,3,12.5
1642354,KJ Simpson,CHA,9,1,8,120.0,25,4,13,30.8,2,2,100.0,10,40.0,8,32.0,1,4.0,3,12.0,2,8.0
1630539,Kai Jones,LAC,18,9,9,150.0,3,1,1,100.0,2,2,100.0,5,166.70000000000002,1,33.300000000000004,1,33.300000000000004,0,0.0,1,33.300000000000004
1626157,Karl-Anthony Towns,NYK,24,15,9,824.0,184,59,110,53.6,55,64,85.9,181,98.4,27,14.7,8,4.3,11,6.0,31,16.8
1631255,Karlo Matković,NOP,5,1,4,39.0,0,0,0,0.0,0,0,0.0,0,0.0,0,0.0,0,0.0,0,0.0,0,0.0
1630811,Keaton Wallace,ATL,12,4,8,194.0,47,10,23,43.5,2,2,100.0,22,46.800000000000004,21,44.7,2,4.3,2,4.3,1,2.1
1631099,Keegan Murray,SAC,26,13,13,944.0,118,32,69,46.400000000000006,10,12,83.3,74,62.7,35,29.7,8,6.800000000000001,8,6.800000000000001,6,5.1
1642276,Kel'el Ware,MIA,10,5,5,69.0,0,0,0,0.0,0,0,0.0,0,0.0,0,0.0,0,0.0,0,0.0,0,0.0
1629640,Keldon Johnson,SAS,23,11,12,583.0,155,45,87,51.7,22,28,78.60000000000001,114,73.5,46,29.7,8,5.2,7,4.5,14,9.0
203482,Kelly Olynyk,TOR,4,0,4,54.0,13,1,6,16.7,1,2,50.0,3,23.1,5,38.5,1,7.7,0,0.0,1,7.7
1626162,Kelly Oubre Jr.,PHI,23,8,15,731.0,127,32,73,43.8,12,20,60.0,78,61.4,30,23.599999999999998,8,6.3,11,8.7,10,7.9
1629026,Kenrich Williams,OKC,15,12,3,196.0,24,7,9,77.8,4,4,100.0,18,75.0,13,54.2,3,12.5,0,0.0,2,8.3
203484,Kentavious Caldwell-Pope,ORL,27,16,11,819.0,31,5,12,41.699999999999996,2,2,100.0,13,41.9,15,48.4,5,16.1,2,6.5,1,3.2
1631165,Keon Ellis,SAC,25,12,13,524.0,34,3,8,37.5,5,6,83.3,11,32.4,21,61.8,5,14.7,2,5.8999999999999995,3,8.799999999999999
1630553,Keon Johnson,BKN,24,10,14,420.0,79,10,27,37.0,3,4,75.0,23,29.099999999999998,43,54.400000000000006,8,10.100000000000001,6,7.6,2,2.5
1642352,Keshad Johnson,MIA,2,1,1,12.0,0,0,0,0.0,0,0,0.0,0,0.0,0,0.0,0,0.0,0,0.0,0,0.0
1630556,Kessler Edwards,DAL,6,4,2,10.0,0,0,0,0.0,0,0,0.0,0,0.0,0,0.0,0,0.0,0,0.0,0,0.0
201142,Kevin Durant,PHX,15,13,2,534.0,137,48,87,55.2,21,24,87.5,122,89.1,28,20.4,8,5.800000000000001,8,5.800000000000001,13,9.5
1628989,Kevin Huerter,SAC,23,12,11,589.0,65,19,29,65.5,8,10,80.0,47,72.3,26,40.0,8,12.3,4,6.2,5,7.7
201567,Kevin Love,MIA,14,9,5,165.0,9,1,2,50.0,2,2,100.0,4,44.4,6,66.7,3,33.300000000000004,0,0.0,1,11.1
1629645,Kevin Porter Jr.,LAC,24,13,11,479.0,220,46,95,48.4,17,28,60.699999999999996,110,50.0,92,41.8,24,10.9,13,5.8999999999999995,14,6.4
1626172,Kevon Looney,GSW,23,13,10,382.0,16,5,11,45.5,0,0,0.0,10,62.5,5,31.3,2,12.5,0,0.0,0,0.0
1641718,Keyonte George,UTA,24,4,20,759.0,200,42,98,42.9,30,37,81.10000000000001,118,59.0,67,33.5,22,11.0,16,8.0,19,9.5
203114,Khris Middleton,MIL,4,3,1,85.0,13,2,8,25.0,0,0,0.0,4,30.8,4,30.8,2,15.4,1,7.7,0,0.0
202691,Klay Thompson,DAL,22,13,9,609.0,76,14,35,40.0,5,6,83.3,33,43.4,31,40.8,10,13.200000000000001,6,7.9,3,3.9
1641738,Kobe Brown,LAC,7,3,4,47.0,13,3,7,42.9,0,0,0.0,6,46.2,6,46.2,2,15.4,0,0.0,0,0.0
1641723,Kobe Bufkin,ATL,10,6,4,124.0,35,10,18,55.60000000000001,4,4,100.0,24,68.60000000000001,11,31.4,3,8.6,2,5.7,2,5.7
1627739,Kris Dunn,LAC,27,15,12,610.0,78,20,42,47.599999999999994,2,4,50.0,42,53.800000000000004,27,34.599999999999994,8,10.299999999999999,4,5.1,2,2.6
1631200,Kris Murray,POR,21,7,14,267.0,44,7,19,36.8,2,8,25.0,18,40.9,17,38.6,5,11.4,4,9.1,4,9.1
204001,Kristaps Porziņģis,BOS,7,5,2,184.0,10,3,4,75.0,6,6,100.0,13,130.0,3,30.0,0,0.0,0,0.0,3,30.0
203937,Kyle Anderson,GSW,23,13,10,327.0,40,10,27,37.0,2,2,100.0,22,55.00000000000001,10,25.0,0,0.0,0,0.0,1,2.5
1642271,Kyle Filipowski,UTA,17,3,14,306.0,35,10,17,58.8,1,4,25.0,21,60.0,12,34.300000000000004,1,2.9000000000000004,3,8.6,2,5.7
1628398,Kyle Kuzma,WAS,12,1,11,330.0,112,27,63,42.9,10,14,71.39999999999999,65,57.99999999999999,30,26.8,4,3.5999999999999996,10,8.9,7,6.3
200768,Kyle Lowry,PHI,17,6,11,368.0,41,5,11,45.5,1,2,50.0,11,26.8,26,63.4,5,12.2,1,2.4,1,2.4
202681,Kyrie Irving,DAL,24,16,8,848.0,254,78,149,52.300000000000004,31,32,96.89999999999999,193,76.0,71,28.000000000000004,23,9.1,14,5.5,16,6.3
1642273,Kyshawn George,WAS,19,2,17,497.0,54,7,19,36.8,11,14,78.60000000000001,26,48.1,24,44.4,7,13.0,4,7.3999999999999995,7,13.0
1630163,LaMelo Ball,CHA,19,6,13,640.0,313,86,167,51.5,46,52,88.5,226,72.2,89,28.4,25,8.0,23,7.3,26,8.3
1626204,Larry Nance Jr.,ATL,10,3,7,165.0,6,1,2,50.0,0,0,0.0,2,33.300000000000004,2,33.300000000000004,0,0.0,1,16.7,0,0.0
1628374,Lauri Markkanen,UTA,20,3,17,631.0,79,18,34,52.900000000000006,23,26,88.5,60,75.9,22,27.800000000000004,4,5.1,7,8.9,13,16.5
2544,LeBron James,LAL,24,13,11,840.0,240,56,108,51.9,21,31,67.7,137,57.099999999999994,88,36.7,26,10.8,18,7.5,16,6.7
1631311,Lester Quinones,PHI,4,1,3,17.0,2,1,1,100.0,0,0,0.0,2,100.0,1,50.0,0,0.0,0,0.0,0,0.0
1641857,Liam Robbins,MIL,5,2,3,20.0,0,0,0,0.0,0,0,0.0,0,0.0,0,0.0,0,0.0,0,0.0,0,0.0
1630322,Lindy Waters III,GSW,21,11,10,377.0,25,5,15,33.300000000000004,0,0,0.0,10,40.0,8,32.0,0,0.0,1,4.0,0,0.0
1628366,Lonzo Ball,CHI,10,4,6,176.0,15,3,7,42.9,0,0,0.0,6,40.0,6,40.0,1,6.7,1,6.7,0,0.0
1629652,Luguentz Dort,OKC,25,20,5,736.0,88,8,26,30.8,7,8,87.5,23,26.1,53,60.199999999999996,13,14.799999999999999,5,5.7,4,4.5
1629029,Luka Dončić,DAL,20,12,8,739.0,306,81,140,57.9,48,58,82.8,216,70.6,103,33.7,29,9.5,20,6.5,28,9.2
1630568,Luka Garza,MIN,8,7,1,36.0,1,0,0,0.0,2,2,100.0,2,200.0,0,0.0,0,0.0,0,0.0,1,100.0
1628379,Luke Kennard,MEM,15,10,5,295.0,47,6,13,46.2,0,0,0.0,12,25.5,32,68.10000000000001,8,17.0,2,4.3,0,0.0
1628436,Luke Kornet,BOS,20,15,5,346.0,3,1,1,100.0,0,0,0.0,2,66.7,1,33.300000000000004,0,0.0,0,0.0,0,0.0
1631247,Luke Travers,CLE,6,5,1,42.0,5,0,1,0.0,2,2,100.0,2,40.0,2,40.0,2,40.0,0,0.0,1,20.0
1630644,Mac McClung,ORL,1,0,1,5.0,5,0,0,0.0,0,0,0.0,0,0.0,4,80.0,1,20.0,0,0.0,0,0.0
1631103,Malaki Branham,SAS,20,9,11,251.0,54,15,31,48.4,7,8,87.5,37,68.5,14,25.900000000000002,6,11.1,2,3.6999999999999997,4,7.3999999999999995
1627763,Malcolm Brogdon,WAS,9,0,9,214.0,114,29,48,60.4,13,16,81.3,72,63.2,47,41.199999999999996,6,5.3,8,7.000000000000001,8,7.000000000000001
1642502,Malevy Leons,OKC,6,6,0,21.0,0,0,0,0.0,0,0,0.0,0,0.0,0,0.0,0,0.0,0,0.0,0,0.0
1627736,Malik Beasley,DET,27,11,16,768.0,86,21,45,46.7,5,8,62.5,48,55.800000000000004,30,34.9,10,11.600000000000001,5,5.800000000000001,4,4.7
1628370,Malik Monk,SAC,20,11,9,579.0,217,43,77,55.800000000000004,14,16,87.5,103,47.5,117,53.900000000000006,34,15.7,7,3.2,8,3.6999999999999997
1630699,MarJon Beauchamp,MIL,11,6,5,35.0,10,1,3,33.300000000000004,2,2,100.0,4,40.0,4,40.0,0,0.0,2,20.0,1,10.0
1631204,Marcus Sasser,DET,18,6,12,248.0,57,16,24,66.7,0,0,0.0,32,56.10000000000001,25,43.9,5,8.799999999999999,5,8.799999999999999,0,0.0
203935,Marcus Smart,MEM,17,10,7,373.0,93,14,34,41.199999999999996,10,12,83.3,38,40.9,38,40.9,9,9.700000000000001,8,8.6,6,6.5
1631109,Mark Williams,CHA,5,0,5,64.0,4,0,4,0.0,0,0,0.0,0,0.0,0,0.0,0,0.0,0,0.0,0,0.0
202693,Markieff Morris,DAL,3,3,0,18.0,2,0,2,0.0,0,0,0.0,0,0.0,0,0.0,0,0.0,0,0.0,0,0.0
1628963,Marvin Bagley III,WAS,18,3,15,151.0,17,6,13,46.2,0,4,0.0,12,70.6,0,0.0,0,0.0,0,0.0,3,17.599999999999998
1630222,Mason Jones,SAC,3,2,1,13.0,2,0,0,0.0,0,0,0.0,0,0.0,2,100.0,2,100.0,0,0.0,0,0.0
203486,Mason Plumlee,PHX,24,14,10,420.0,22,1,7,14.299999999999999,2,6,33.300000000000004,4,18.2,12,54.50000000000001,4,18.2,0,0.0,3,13.600000000000001
1641824,Matas Buzelis,CHI,26,12,14,336.0,42,6,20,30.0,14,18,77.8,26,61.9,9,21.4,2,4.8,4,9.5,9,21.4
1630346,Matt Ryan,NYK,8,7,1,41.0,6,1,3,33.300000000000004,0,0,0.0,2,33.300000000000004,2,33.300000000000004,0,0.0,1,16.7,0,0.0
1631108,Max Christie,LAL,25,13,12,508.0,59,7,24,29.2,16,18,88.9,31,52.5,21,35.6,6,10.2,4,6.800000000000001,9,15.299999999999999
1628467,Maxi Kleber,DAL,14,11,3,238.0,15,2,9,22.2,0,0,0.0,4,26.700000000000003,5,33.300000000000004,2,13.3,1,6.7,0,0.0
1641721,Maxwell Lewis,LAL,7,4,3,29.0,6,0,3,0.0,0,0,0.0,0,0.0,3,50.0,1,16.7,0,0.0,0,0.0
1630695,Micah Potter,UTA,5,1,4,101.0,6,0,1,0.0,0,0,0.0,0,0.0,5,83.3,2,33.300000000000004,0,0.0,0,0.0
1629008,Michael Porter Jr.,DEN,24,14,10,844.0,80,28,43,65.10000000000001,4,8,50.0,60,75.0,23,28.799999999999997,5,6.3,7,8.799999999999999,4,5.0
1628969,Mikal Bridges,NYK,26,16,10,999.0,131,32,63,50.8,3,4,75.0,67,51.1,54,41.199999999999996,13,9.9,9,6.9,2,1.5
201144,Mike Conley,MIN,21,14,7,541.0,119,10,36,27.800000000000004,9,10,90.0,29,24.4,60,50.4,22,18.5,12,10.100000000000001,5,4.2
1628970,Miles Bridges,CHA,13,4,9,384.0,111,23,57,40.400000000000006,20,24,83.3,69,62.2,35,31.5,5,4.5,5,4.5,12,10.8
1630540,Miles McBride,NYK,21,12,9,529.0,79,12,31,38.7,10,10,100.0,34,43.0,34,43.0,8,10.100000000000001,5,6.3,5,6.3
1628964,Mo Bamba,LAC,12,9,3,162.0,2,0,0,0.0,0,0,0.0,0,0.0,2,100.0,1,50.0,0,0.0,0,0.0
1628420,Monté Morris,PHX,20,11,9,245.0,55,15,29,51.7,8,8,100.0,38,69.1,20,36.4,1,1.7999999999999998,1,1.7999999999999998,4,7.3
1629021,Moritz Wagner,ORL,28,17,11,544.0,78,25,44,56.8,20,24,83.3,71,91.0,11,14.099999999999998,3,3.8,7,9.0,12,15.4
1629650,Moses Brown,IND,9,3,6,46.0,1,0,0,0.0,1,2,50.0,1,100.0,0,0.0,0,0.0,0,0.0,1,100.0
1630541,Moses Moody,GSW,23,14,9,358.0,62,11,25,44.0,9,14,64.3,31,50.0,22,35.5,6,9.700000000000001,4,6.5,7,11.3
1631243,Mouhamed Gueye,ATL,2,0,2,11.0,0,0,0,0.0,0,0,0.0,0,0.0,0,0.0,0,0.0,0,0.0,0,0.0
1631217,Moussa Diabate,CHA,24,6,18,463.0,6,1,3,33.300000000000004,0,0,0.0,2,33.300000000000004,0,0.0,0,0.0,2,33.300000000000004,0,0.0
1626167,Myles Turner,IND,24,10,14,762.0,42,7,25,28.000000000000004,6,8,75.0,22,52.400000000000006,6,14.299999999999999,1,2.4,6,14.299999999999999,4,9.5
1630230,Naji Marshall,DAL,21,12,9,511.0,125,40,68,58.8,21,24,87.5,103,82.39999999999999,32,25.6,6,4.8,10,8.0,12,9.6
1631466,Nate Williams,HOU,3,3,0,10.0,2,1,1,100.0,0,0,0.0,2,100.0,1,50.0,0,0.0,0,0.0,0,0.0
1629675,Naz Reid,MIN,25,14,11,621.0,97,27,61,44.3,17,20,85.0,75,77.3,21,21.6,8,8.200000000000001,5,5.2,10,10.299999999999999
1629674,Neemias Queta,BOS,22,18,4,385.0,9,3,4,75.0,0,0,0.0,6,66.7,5,55.60000000000001,1,11.1,0,0.0,0,0.0
1629651,Nic Claxton,BKN,20,6,14,505.0,37,10,22,45.5,4,6,66.7,24,64.9,8,21.6,2,5.4,3,8.1,3,8.1
1630208,Nick Richards,CHA,11,3,8,272.0,7,4,4,100.0,3,4,75.0,11,157.1,0,0.0,0,0.0,1,14.299999999999999,2,28.599999999999998
1641733,Nick Smith Jr.,CHA,13,2,11,121.0,28,5,14,35.699999999999996,0,0,0.0,10,35.699999999999996,13,46.400000000000006,1,3.5999999999999996,1,3.5999999999999996,0,0.0
1629638,Nickeil Alexander-Walker,MIN,25,14,11,596.0,97,20,40,50.0,11,14,78.60000000000001,53,54.6,39,40.2,8,8.200000000000001,9,9.3,7,7.199999999999999
201587,Nicolas Batum,LAC,27,15,12,488.0,2,0,1,0.0,2,2,100.0,2,100.0,0,0.0,0,0.0,0,0.0,1,50.0
203999,Nikola Jokić,DEN,21,13,8,783.0,126,29,60,48.3,17,20,85.0,75,59.5,40,31.7,9,7.1,9,7.1,10,7.9
1631107,Nikola Jović,MIA,15,8,7,279.0,36,11,21,52.400000000000006,1,4,25.0,23,63.9,11,30.599999999999998,2,5.6000000000000005,1,2.8000000000000003,2,5.6000000000000005
202696,Nikola Vučević,CHI,26,11,15,825.0,98,29,44,65.9,10,10,100.0,71,72.39999999999999,39,39.800000000000004,4,4.1000000000000005,4,4.1000000000000005,5,5.1
1641730,Noah Clowney,BKN,17,6,11,283.0,23,1,6,16.7,3,4,75.0,5,21.7,10,43.5,1,4.3,4,17.4,2,8.7
1626181,Norman Powell,LAC,20,11,9,644.0,192,47,100,47.0,18,20,90.0,113,58.9,62,32.300000000000004,16,8.3,14,7.3,10,5.2
1628384,OG Anunoby,NYK,26,16,10,957.0,138,22,60,36.7,20,24,83.3,65,47.099999999999994,59,42.8,17,12.3,5,3.5999999999999996,12,8.7
1630167,Obi Toppin,IND,25,10,15,503.0,42,12,18,66.7,0,0,0.0,25,59.5,22,52.400000000000006,7,16.7,1,2.4,0,0.0
1630534,Ochai Agbaji,TOR,27,7,20,832.0,72,17,33,51.5,4,6,66.7,39,54.2,29,40.300000000000004,7,9.700000000000001,3,4.2,3,4.2
1641765,Olivier-Maxence Prosper,DAL,16,12,4,110.0,16,3,7,42.9,2,4,50.0,8,50.0,5,31.3,1,6.3,0,0.0,2,12.5
1630168,Onyeka Okongwu,ATL,25,13,12,594.0,13,1,7,14.299999999999999,7,8,87.5,9,69.19999999999999,1,7.7,0,0.0,0,0.0,4,30.8
1631115,Orlando Robinson,SAC,6,4,2,45.0,1,0,1,0.0,0,0,0.0,0,0.0,0,0.0,0,0.0,0,0.0,0,0.0
1631131,Oscar Tshiebwe,UTA,1,0,1,16.0,0,0,0,0.0,0,0,0.0,0,0.0,0,0.0,0,0.0,0,0.0,0,0.0
1642345,Oso Ighodaro,PHX,20,9,11,332.0,16,4,5,80.0,2,2,100.0,10,62.5,6,37.5,1,6.3,1,6.3,1,6.3
1631172,Ousmane Dieng,OKC,16,12,4,186.0,16,2,6,33.300000000000004,4,4,100.0,8,50.0,8,50.0,3,18.8,0,0.0,2,12.5
1629023,P.J. Washington,DAL,20,16,4,654.0,92,18,50,36.0,11,14,78.60000000000001,49,53.300000000000004,21,22.8,11,12.0,10,10.9,7,7.6
1628408,PJ Dozier,MIN,8,7,1,33.0,4,0,0,0.0,0,2,0.0,0,0.0,3,75.0,1,25.0,0,0.0,1,25.0
1641790,PJ Hall,DEN,5,3,2,11.0,0,0,0,0.0,0,0,0.0,0,0.0,0,0.0,0,0.0,0,0.0,0,0.0
1642359,Pacôme Dadiet,NYK,11,9,2,77.0,6,0,1,0.0,2,2,100.0,2,33.300000000000004,4,66.7,0,0.0,0,0.0,1,16.7
1631094,Paolo Banchero,ORL,5,3,2,182.0,61,10,25,40.0,22,28,78.60000000000001,42,68.89999999999999,17,27.900000000000002,2,3.3000000000000003,2,3.3000000000000003,14,23.0
1627783,Pascal Siakam,IND,26,11,15,897.0,154,34,67,50.7,9,12,75.0,83,53.900000000000006,70,45.5,11,7.1,10,6.5,6,3.9
1626192,Pat Connaughton,MIL,15,5,10,256.0,48,7,15,46.7,6,8,75.0,20,41.699999999999996,27,56.3,8,16.7,2,4.2,4,8.3
1630311,Pat Spencer,GSW,9,4,5,45.0,12,3,5,60.0,0,0,0.0,6,50.0,7,58.3,2,16.7,0,0.0,0,0.0
1631116,Patrick Baldwin Jr.,WAS,12,1,11,57.0,1,0,1,0.0,0,0,0.0,0,0.0,0,0.0,0,0.0,0,0.0,0,0.0
1630172,Patrick Williams,CHI,17,8,9,468.0,80,8,31,25.8,13,15,86.7,29,36.3,34,42.5,6,7.5,6,7.5,8,10.0
201988,Patty Mills,UTA,9,2,7,138.0,5,0,0,0.0,0,0,0.0,0,0.0,5,100.0,0,0.0,0,0.0,0,0.0
202331,Paul George,PHI,13,6,7,407.0,123,20,35,57.099999999999994,14,18,77.8,58,47.199999999999996,70,56.89999999999999,21,17.1,4,3.3000000000000003,9,7.3
1630194,Paul Reed,DET,13,3,10,137.0,10,1,5,20.0,3,4,75.0,5,50.0,3,30.0,0,0.0,0,0.0,2,20.0
1630202,Payton Pritchard,BOS,26,21,5,745.0,117,27,37,73.0,7,8,87.5,62,53.0,67,57.3,20,17.1,9,7.7,4,3.4000000000000004
1641796,Pelle Larsson,MIA,15,7,8,245.0,34,8,12,66.7,4,10,40.0,22,64.7,15,44.1,5,14.7,1,2.9000000000000004,5,14.7
1631212,Peyton Watson,DEN,24,14,10,590.0,51,13,21,61.9,7,8,87.5,34,66.7,23,45.1,3,5.8999999999999995,3,5.8999999999999995,4,7.8
1630173,Precious Achiuwa,NYK,5,3,2,92.0,5,1,2,50.0,0,2,0.0,2,40.0,2,40.0,0,0.0,0,0.0,1,20.0
1629656,Quentin Grimes,DAL,24,16,8,487.0,52,11,26,42.3,12,12,100.0,37,71.2,14,26.900000000000002,4,7.7,5,9.6,6,11.5
1631245,Quenton Jackson,IND,14,5,9,240.0,51,11,24,45.800000000000004,3,4,75.0,26,51.0,21,41.199999999999996,7,13.700000000000001,3,5.8999999999999995,2,3.9
1642439,Quincy Olivari,LAL,1,1,0,8.0,0,0,0,0.0,0,0,0.0,0,0.0,0,0.0,0,0.0,0,0.0,0,0.0
1629628,RJ Barrett,TOR,24,6,18,824.0,377,81,172,47.099999999999994,57,76,75.0,224,59.4,130,34.5,42,11.1,27,7.199999999999999,38,10.100000000000001
1641712,Rayan Rupert,POR,21,7,14,223.0,36,5,12,41.699999999999996,3,4,75.0,13,36.1,19,52.800000000000004,6,16.7,3,8.3,2,5.6000000000000005
1641736,Reece Beekman,BKN,2,2,0,4.0,1,1,1,100.0,0,0,0.0,2,200.0,0,0.0,0,0.0,0,0.0,0,0.0
1642263,Reed Sheppard,HOU,24,16,8,282.0,40,9,18,50.0,0,0,0.0,18,45.0,20,50.0,3,7.5,2,5.0,0,0.0
202704,Reggie Jackson,PHI,10,1,9,119.0,19,3,8,37.5,0,0,0.0,6,31.6,6,31.6,2,10.5,4,21.099999999999998,0,0.0
1626158,Richaun Holmes,WAS,3,0,3,20.0,1,0,1,0.0,0,0,0.0,0,0.0,0,0.0,0,0.0,0,0.0,0,0.0
1641741,Ricky Council IV,PHI,18,4,14,209.0,28,5,13,38.5,5,6,83.3,15,53.6,10,35.699999999999996,3,10.7,1,3.5999999999999996,3,10.7
1642434,Riley Minix,SAS,1,0,1,7.0,0,0,0,0.0,0,0,0.0,0,0.0,0,0.0,0,0.0,0,0.0,0,0.0
1642265,Rob Dillingham,MIN,13,7,6,109.0,32,7,15,46.7,0,0,0.0,14,43.8,11,34.4,3,9.4,5,15.6,0,0.0
1629057,Robert Williams III,POR,8,2,6,148.0,1,0,1,0.0,0,0,0.0,0,0.0,0,0.0,0,0.0,0,0.0,0,0.0
1641842,Ronald Holland II,DET,27,11,16,441.0,75,18,34,52.900000000000006,12,16,75.0,49,65.3,20,26.700000000000003,2,2.7,9,12.0,8,10.7
1626220,Royce O'Neale,PHX,25,14,11,656.0,66,9,36,25.0,3,4,75.0,21,31.8,27,40.9,4,6.1,1,1.5,2,3.0
203497,Rudy Gobert,MIN,25,14,11,861.0,17,3,10,30.0,0,0,0.0,6,35.3,4,23.5,2,11.799999999999999,2,11.799999999999999,0,0.0
1629060,Rui Hachimura,LAL,21,11,10,693.0,64,13,34,38.2,13,16,81.3,40,62.5,17,26.6,5,7.8,4,6.3,8,12.5
201566,Russell Westbrook,DEN,24,14,10,604.0,215,32,66,48.5,18,26,69.19999999999999,84,39.1,109,50.7,30,14.000000000000002,18,8.4,13,6.0
1642346,Ryan Dunn,PHX,21,13,8,367.0,40,7,12,58.3,1,4,25.0,15,37.5,20,50.0,1,2.5,3,7.5,2,5.0
1631157,Ryan Rollins,MIL,11,4,7,72.0,18,3,8,37.5,2,2,100.0,8,44.4,8,44.4,3,16.7,1,5.6000000000000005,1,5.6000000000000005
1630573,Sam Hauser,BOS,21,16,5,471.0,22,9,11,81.8,0,0,0.0,19,86.4,11,50.0,1,4.5,0,0.0,0,0.0
1630241,Sam Merrill,CLE,23,19,4,465.0,31,3,4,75.0,4,4,100.0,10,32.300000000000004,24,77.4,6,19.400000000000002,0,0.0,2,6.5
1630572,Sandro Mamukelashvili,SAS,19,8,11,182.0,18,1,2,50.0,5,6,83.3,7,38.9,11,61.1,3,16.7,2,11.1,3,16.7
1630583,Santi Aldama,MEM,27,18,9,717.0,130,27,55,49.1,17,18,94.39999999999999,71,54.6,59,45.4,15,11.5,5,3.8,9,6.9
1630703,Scoot Henderson,POR,19,6,13,486.0,242,40,87,46.0,22,27,81.5,103,42.6,115,47.5,29,12.0,19,7.9,14,5.800000000000001
1630567,Scottie Barnes,TOR,14,5,9,465.0,164,34,69,49.3,8,12,66.7,77,47.0,75,45.7,20,12.2,10,6.1,6,3.6999999999999997
1630590,Scotty Pippen Jr.,MEM,27,18,9,607.0,244,30,68,44.1,13,18,72.2,75,30.7,141,57.8,38,15.6,17,7.000000000000001,9,3.6999999999999997
203552,Seth Curry,CHA,24,7,17,289.0,36,8,17,47.099999999999994,3,4,75.0,19,52.800000000000004,15,41.699999999999996,3,8.3,1,2.8000000000000003,2,5.6000000000000005
1631101,Shaedon Sharpe,POR,18,5,13,554.0,133,36,71,50.7,19,22,86.4,96,72.2,35,26.3,9,6.800000000000001,11,8.3,11,8.3
1628983,Shai Gilgeous-Alexander,OKC,25,20,5,861.0,531,146,249,58.599999999999994,78,92,84.8,377,71.0,197,37.1,54,10.2,26,4.9,46,8.7
1629003,Shake Milton,BKN,22,8,14,360.0,99,23,44,52.300000000000004,6,8,75.0,55,55.60000000000001,44,44.4,9,9.1,7,7.1,4,4.0
1631321,Sidy Cissoko,SAS,11,4,7,33.0,9,0,3,0.0,0,2,0.0,0,0.0,4,44.4,1,11.1,0,0.0,1,11.1
1631323,Simone Fontecchio,DET,25,10,15,456.0,42,7,17,41.199999999999996,1,2,50.0,15,35.699999999999996,16,38.1,3,7.1,7,16.7,1,2.4
203915,Spencer Dinwiddie,DAL,24,16,8,513.0,113,13,40,32.5,28,32,87.5,55,48.699999999999996,47,41.6,17,15.0,6,5.3,16,14.2
1642461,Spencer Jones,DEN,2,2,0,4.0,0,0,0,0.0,0,0,0.0,0,0.0,0,0.0,0,0.0,0,0.0,0,0.0
1630649,Stanley Umude,MIL,6,4,2,17.0,1,0,0,0.0,0,2,0.0,0,0.0,0,0.0,0,0.0,0,0.0,1,100.0
201939,Stephen Curry,GSW,20,10,10,618.0,174,32,70,45.7,16,16,100.0,83,47.699999999999996,76,43.7,16,9.2,16,9.2,8,4.6
1642264,Stephon Castle,SAS,25,12,13,681.0,186,28,74,37.8,30,38,78.9,88,47.3,69,37.1,22,11.799999999999999,19,10.2,19,10.2
203500,Steven Adams,HOU,14,9,5,150.0,4,0,0,0.0,0,0,0.0,0,0.0,3,75.0,2,50.0,1,25.0,0,0.0
1629004,Svi Mykhailiuk,UTA,6,1,5,81.0,12,1,2,50.0,3,4,75.0,5,41.699999999999996,6,50.0,2,16.7,1,8.3,2,16.7
204456,T.J. McConnell,IND,25,11,14,500.0,319,84,143,58.699999999999996,9,12,75.0,179,56.10000000000001,147,46.1,33,10.299999999999999,16,5.0,6,1.9
201959,Taj Gibson,CHA,14,4,10,151.0,3,1,3,33.300000000000004,0,0,0.0,2,66.7,0,0.0,0,0.0,0,0.0,0,0.0
1629659,Talen Horton-Tucker,CHI,21,6,15,245.0,91,25,39,64.1,8,13,61.5,60,65.9,42,46.2,13,14.299999999999999,2,2.1999999999999997,7,7.7
1631106,Tari Eason,HOU,24,16,8,546.0,79,20,46,43.5,6,8,75.0,47,59.5,23,29.099999999999998,2,2.5,4,5.1,4,5.1
1627752,Taurean Prince,MIL,25,14,11,664.0,74,10,30,33.300000000000004,0,0,0.0,20,27.0,40,54.1,13,17.599999999999998,1,1.4000000000000001,0,0.0
1641707,Taylor Hendricks,UTA,3,0,3,75.0,7,0,2,0.0,2,2,100.0,2,28.599999999999998,4,57.099999999999994,1,14.299999999999999,0,0.0,1,14.299999999999999
1631386,Taze Moore,POR,2,0,2,20.0,6,0,4,0.0,0,0,0.0,0,0.0,2,33.300000000000004,0,0.0,0,0.0,0,0.0
1629611,Terance Mann,LAC,23,14,9,484.0,58,9,22,40.9,3,6,50.0,21,36.199999999999996,30,51.7,9,15.5,2,3.4000000000000004,3,5.2
1630545,Terrence Shannon Jr.,MIN,8,7,1,33.0,7,2,5,40.0,0,0,0.0,4,57.099999999999994,2,28.599999999999998,0,0.0,0,0.0,0,0.0
1626179,Terry Rozier,MIA,22,11,11,631.0,122,27,64,42.199999999999996,10,10,100.0,67,54.900000000000006,48,39.300000000000004,12,9.8,4,3.3000000000000003,5,4.1000000000000005
1628418,Thomas Bryant,IND,11,6,5,126.0,2,0,0,0.0,2,2,100.0,2,100.0,1,50.0,0,0.0,0,0.0,1,50.0
1642275,Tidjane Salaün,CHA,22,5,17,418.0,28,4,16,25.0,4,4,100.0,12,42.9,8,28.599999999999998,4,14.299999999999999,2,7.1,2,7.1
203501,Tim Hardaway Jr.,DET,24,9,15,663.0,40,13,22,59.099999999999994,14,16,87.5,41,102.49999999999999,6,15.0,2,5.0,2,5.0,8,20.0
202699,Tobias Harris,DET,25,10,15,807.0,89,22,57,38.6,11,14,78.60000000000001,57,64.0,17,19.1,5,5.6000000000000005,6,6.7,7,7.9
1628470,Torrey Craig,CHI,6,1,5,67.0,1,1,1,100.0,0,0,0.0,2,200.0,0,0.0,0,0.0,0,0.0,0,0.0
1641739,Toumani Camara,POR,26,8,18,790.0,87,14,31,45.2,6,10,60.0,34,39.1,35,40.2,9,10.299999999999999,12,13.8,5,5.7
1629027,Trae Young,ATL,26,13,13,939.0,418,64,148,43.2,45,52,86.5,180,43.1,197,47.099999999999994,60,14.399999999999999,31,7.3999999999999995,26,6.2
1631218,Trayce Jackson-Davis,GSW,24,13,11,402.0,21,5,12,41.699999999999996,0,2,0.0,10,47.599999999999994,8,38.1,2,9.5,0,0.0,1,4.8
1630200,Tre Jones,SAS,8,5,3,140.0,42,0,9,0.0,4,4,100.0,4,9.5,29,69.0,9,21.4,1,2.4,2,4.8
1630544,Tre Mann,CHA,13,6,7,319.0,161,37,79,46.800000000000004,7,8,87.5,82,50.9,67,41.6,13,8.1,8,5.0,4,2.5
1630570,Trendon Watford,BKN,13,5,8,209.0,58,14,29,48.3,11,14,78.60000000000001,43,74.1,16,27.6,4,6.9,5,8.6,7,12.1
1642280,Trentyn Flowers,LAC,1,0,1,14.0,5,2,3,66.7,0,0,0.0,4,80.0,1,20.0,0,0.0,1,20.0,0,0.0
1630243,Trevelin Queen,ORL,3,1,2,7.0,2,0,1,0.0,0,0,0.0,0,0.0,0,0.0,0,0.0,1,50.0,0,0.0
1641725,Trey Alexander,DEN,9,5,4,44.0,9,2,4,50.0,0,0,0.0,4,44.4,5,55.60000000000001,0,0.0,0,0.0,0,0.0
1641998,Trey Jemison III,NOP,15,1,14,152.0,9,4,7,57.099999999999994,0,0,0.0,8,88.9,2,22.2,0,0.0,0,0.0,0,0.0
1626168,Trey Lyles,SAC,18,8,10,353.0,20,2,6,33.300000000000004,2,6,33.300000000000004,6,30.0,9,45.0,1,5.0,1,5.0,3,15.0
1630530,Trey Murphy III,NOP,14,2,12,474.0,102,21,49,42.9,17,18,94.39999999999999,62,60.8,40,39.2,11,10.8,4,3.9,9,8.799999999999999
202684,Tristan Thompson,CLE,10,10,0,76.0,6,2,5,40.0,0,0,0.0,4,66.7,0,0.0,0,0.0,1,16.7,0,0.0
1641783,Tristan da Silva,ORL,24,15,9,555.0,42,10,22,45.5,2,2,100.0,23,54.800000000000004,15,35.699999999999996,5,11.899999999999999,3,7.1,1,2.4
1641803,Tristen Newton,IND,5,0,5,8.0,4,1,3,33.300000000000004,0,0,0.0,2,50.0,1,25.0,1,25.0,0,0.0,0,0.0
1629660,Ty Jerome,CLE,26,22,4,467.0,204,49,80,61.3,22,24,91.7,126,61.8,96,47.099999999999994,33,16.2,9,4.3999999999999995,12,5.8999999999999995
1631102,TyTy Washington Jr.,PHX,3,0,3,27.0,5,1,3,33.300000000000004,0,0,0.0,2,40.0,2,40.0,0,0.0,0,0.0,0,0.0
1629639,Tyler Herro,MIA,24,13,11,838.0,309,75,132,56.8,25,30,83.3,180,58.3,142,46.0,41,13.3,18,5.800000000000001,15,4.9
1642278,Tyler Kolek,NYK,16,10,6,110.0,34,5,13,38.5,0,0,0.0,10,29.4,19,55.900000000000006,2,5.8999999999999995,2,5.8999999999999995,0,0.0
1641890,Tyler Smith,MIL,10,5,5,34.0,1,1,1,100.0,0,0,0.0,2,200.0,0,0.0,0,0.0,0,0.0,0,0.0
1630169,Tyrese Haliburton,IND,26,11,15,919.0,290,54,94,57.4,20,22,90.9,133,45.9,169,58.3,36,12.4,12,4.1000000000000005,11,3.8
1631213,Tyrese Martin,BKN,10,3,7,150.0,15,0,4,0.0,0,0,0.0,0,0.0,9,60.0,6,40.0,2,13.3,0,0.0
1630178,Tyrese Maxey,PHI,17,7,10,627.0,258,72,156,46.2,22,26,84.6,173,67.10000000000001,69,26.700000000000003,12,4.7,13,5.0,13,5.0
1626145,Tyus Jones,PHX,25,14,11,806.0,155,43,79,54.400000000000006,9,10,90.0,95,61.3,62,40.0,12,7.7,1,0.6,5,3.2
1642279,Ulrich Chomche,TOR,1,0,1,5.0,0,0,0,0.0,0,0,0.0,0,0.0,0,0.0,0,0.0,0,0.0,0,0.0
203995,Vasilije Micić,CHA,15,2,13,324.0,110,18,50,36.0,4,4,100.0,40,36.4,47,42.699999999999996,13,11.799999999999999,7,6.4,2,1.7999999999999998
1641705,Victor Wembanyama,SAS,21,11,10,678.0,82,19,31,61.3,13,16,81.3,53,64.60000000000001,24,29.299999999999997,8,9.8,14,17.1,8,9.8
1631246,Vince Williams Jr.,MEM,3,1,2,45.0,11,1,3,33.300000000000004,0,0,0.0,2,18.2,7,63.6,0,0.0,1,9.1,0,0.0
1628427,Vlatko Čančar,DEN,4,1,3,34.0,0,0,0,0.0,0,0,0.0,0,0.0,0,0.0,0,0.0,0,0.0,0,0.0
1630249,Vít Krejčí,ATL,13,6,7,145.0,17,2,5,40.0,1,4,25.0,5,29.4,9,52.900000000000006,1,5.8999999999999995,0,0.0,2,11.799999999999999
1631117,Walker Kessler,UTA,19,4,15,552.0,3,0,2,0.0,0,0,0.0,0,0.0,1,33.300000000000004,0,0.0,0,0.0,0,0.0
1628976,Wendell Carter Jr.,ORL,15,8,7,390.0,13,5,5,100.0,1,2,50.0,11,84.6,2,15.4,1,7.7,3,23.1,1,7.7
1631111,Wendell Moore Jr.,DET,12,3,9,171.0,21,5,11,45.5,8,8,100.0,18,85.7,4,19.0,0,0.0,2,9.5,4,19.0
1630214,Xavier Tillman,BOS,17,16,1,147.0,10,0,4,0.0,0,0,0.0,0,0.0,3,30.0,0,0.0,2,20.0,0,0.0
1642530,Yuki Kawamura,MEM,14,12,2,41.0,14,1,3,33.300000000000004,3,4,75.0,5,35.699999999999996,8,57.099999999999994,2,14.299999999999999,1,7.1,2,14.299999999999999
1642274,Yves Missi,NOP,26,5,21,668.0,47,12,26,46.2,11,14,78.60000000000001,36,76.6,9,19.1,2,4.3,4,8.5,7,14.899999999999999
1642258,Zaccharie Risacher,ATL,27,14,13,640.0,84,25,57,43.9,6,8,75.0,57,67.9,17,20.200000000000003,3,3.5999999999999996,5,6.0,4,4.8
1628380,Zach Collins,SAS,24,12,12,341.0,23,7,15,46.7,0,0,0.0,14,60.9,6,26.1,0,0.0,2,8.7,0,0.0
1641744,Zach Edey,MEM,15,8,7,306.0,0,0,0,0.0,0,0,0.0,0,0.0,0,0.0,0,0.0,0,0.0,0,0.0
203897,Zach LaVine,CHI,23,11,12,767.0,178,28,65,43.1,19,24,79.2,77,43.3,68,38.2,15,8.4,18,10.100000000000001,12,6.7
1630192,Zeke Nnaji,DEN,16,11,5,79.0,3,0,2,0.0,0,0,0.0,0,0.0,1,33.300000000000004,0,0.0,0,0.0,0,0.0
1630533,Ziaire Williams,BKN,21,9,12,459.0,54,9,28,32.1,10,12,83.3,28,51.9,13,24.099999999999998,3,5.6000000000000005,3,5.6000000000000005,7,13.0
1629627,Zion Williamson,NOP,6,2,4,186.0,118,22,59,37.3,26,40,65.0,72,61.0,26,22.0,5,4.2,12,10.2,20,16.900000000000002
