PLAYER,TEAM,GP,W,L,MIN,Touches,PostUps,FGM,FGA,FG%,FTM,FTA,FT%,PTS,PTS%,PASS,PASS%,AST,AST%,TO,TOV%,PF,PF%,PLAYER_ID,TEAM_ID
AJ Green,MIL,23,13,10,488.0,621,10,1,5,20.0,0,0,0.0,2,20.0,5,50.0,2,20.0,0,0.0,0,0.0,1631260,1610612749
AJ Johnson,MIL,5,3,2,11.0,25,1,0,0,0.0,0,0,0.0,0,0.0,0,0.0,0,0.0,1,100.0,0,0.0,1642358,1610612749
Aaron Gordon,DEN,12,7,5,350.0,506,76,26,37,70.3,19,22,86.4,74,97.39999999999999,22,28.9,5,6.6000000000000005,4,5.3,10,13.200000000000001,203932,1610612743
Aaron Holiday,HOU,15,10,5,145.0,226,0,0,0,0.0,0,0,0.0,0,0.0,0,0.0,0,0.0,0,0.0,0,0.0,1628988,1610612745
Aaron Nesmith,IND,6,2,4,136.0,213,6,4,4,100.0,1,2,50.0,9,150.0,1,16.7,0,0.0,0,0.0,1,16.7,1630174,1610612754
Aaron Wiggins,OKC,24,19,5,489.0,705,46,15,22,68.2,5,6,83.3,35,76.1,15,32.6,2,4.3,5,10.9,3,6.5,1630598,1610612760
Adam Flagler,OKC,11,10,1,40.0,57,1,0,0,0.0,0,0,0.0,0,0.0,1,100.0,0,0.0,0,0.0,0,0.0,1641745,1610612760
Adama Sanogo,CHI,4,2,2,22.0,21,12,3,6,50.0,0,0,0.0,6,50.0,3,25.0,0,0.0,2,16.7,0,0.0,1641766,1610612741
Adem Bona,PHI,14,2,12,90.0,84,17,6,10,60.0,0,0,0.0,13,76.5,6,35.3,0,0.0,0,0.0,0,0.0,1641737,1610612755
Ajay Mitchell,OKC,24,19,5,383.0,600,24,11,17,64.7,2,2,100.0,25,104.2,5,20.8,0,0.0,1,4.2,1,4.2,1642349,1610612760
Al Horford,BOS,19,15,4,532.0,718,40,16,21,76.2,2,2,100.0,35,87.5,12,30.0,1,2.5,3,7.5,1,2.5,201143,1610612738
Alec Burks,MIA,12,7,5,181.0,256,1,0,0,0.0,0,0,0.0,0,0.0,1,100.0,0,0.0,0,0.0,0,0.0,202692,1610612748
Alex Caruso,OKC,16,13,3,320.0,592,26,9,15,60.0,0,0,0.0,18,69.19999999999999,9,34.599999999999994,2,7.7,1,3.8,0,0.0,1627936,1610612760
Alex Ducas,OKC,4,4,0,7.0,7,0,0,0,0.0,0,0,0.0,0,0.0,0,0.0,0,0.0,0,0.0,0,0.0,1642505,1610612760
Alex Len,SAC,19,11,8,135.0,227,33,10,12,83.3,2,4,50.0,22,66.7,15,45.5,5,15.2,2,6.1,2,6.1,203458,1610612758
Alex Reese,OKC,1,1,0,2.0,1,1,1,1,100.0,0,0,0.0,2,200.0,0,0.0,0,0.0,0,0.0,0,0.0,1642024,1610612760
Alexandre Sarr,WAS,21,2,19,563.0,970,96,33,56,58.9,11,14,78.60000000000001,77,80.2,23,24.0,3,3.1,8,8.3,7,7.3,1642259,1610612764
Alondes Williams,DET,1,0,1,4.0,4,0,0,0,0.0,0,0,0.0,0,0.0,0,0.0,0,0.0,0,0.0,0,0.0,1631214,1610612765
Alperen Sengun,HOU,25,17,8,776.0,1557,154,54,96,56.3,11,14,78.60000000000001,122,79.2,42,27.3,13,8.4,2,1.3,6,3.9,1630578,1610612745
Amen Thompson,HOU,25,17,8,675.0,1071,116,35,54,64.8,10,14,71.39999999999999,82,70.7,43,37.1,5,4.3,5,4.3,7,6.0,1641708,1610612745
Amir Coffey,LAC,25,14,11,605.0,649,12,4,7,57.099999999999994,2,2,100.0,10,83.3,3,25.0,0,0.0,0,0.0,1,8.3,1629599,1610612746
Andre Drummond,PHI,19,6,13,380.0,524,108,39,70,55.7,18,28,64.3,97,89.8,15,13.900000000000002,0,0.0,8,7.3999999999999995,14,13.0,203083,1610612755
Andre Jackson Jr.,MIL,23,13,10,407.0,506,51,4,14,28.599999999999998,3,6,50.0,11,21.6,24,47.099999999999994,5,9.8,9,17.599999999999998,3,5.8999999999999995,1641748,1610612749
Andrew Nembhard,IND,11,5,6,272.0,512,4,0,2,0.0,0,0,0.0,0,0.0,2,50.0,0,0.0,0,0.0,0,0.0,1629614,1610612754
Andrew Wiggins,GSW,20,11,9,572.0,873,59,21,32,65.60000000000001,19,22,86.4,61,103.4,12,20.3,4,6.800000000000001,2,3.4000000000000004,11,18.6,203952,1610612744
Anfernee Simons,POR,22,6,16,673.0,1439,2,1,1,100.0,0,0,0.0,2,100.0,1,50.0,0,0.0,0,0.0,0,0.0,1629014,1610612757
Anthony Black,ORL,27,17,10,655.0,1328,23,5,13,38.5,0,0,0.0,10,43.5,7,30.4,0,0.0,2,8.7,0,0.0,1641710,1610612753
Anthony Davis,LAL,24,13,11,849.0,1877,188,93,132,70.5,27,38,71.1,222,118.10000000000001,13,6.9,5,2.7,13,6.9,14,7.3999999999999995,203076,1610612747
Anthony Edwards,MIN,24,13,11,869.0,1732,19,5,11,45.5,6,6,100.0,18,94.69999999999999,2,10.5,0,0.0,1,5.3,2,10.5,1630162,1610612750
Anthony Gill,WAS,19,2,17,138.0,150,12,5,6,83.3,0,2,0.0,10,83.3,5,41.699999999999996,2,16.7,0,0.0,1,8.3,1630264,1610612764
Antonio Reeves,NOP,14,1,13,138.0,155,7,1,3,33.300000000000004,3,4,75.0,5,71.39999999999999,2,28.599999999999998,1,14.299999999999999,0,0.0,1,14.299999999999999,1641810,1610612740
Ariel Hukporti,NYK,11,8,3,97.0,124,17,7,9,77.8,1,2,50.0,15,88.2,5,29.4,0,0.0,2,11.799999999999999,0,0.0,1630574,1610612752
Armel Traore,LAL,8,4,4,61.0,97,6,2,5,40.0,0,0,0.0,4,66.7,1,16.7,0,0.0,0,0.0,0,0.0,1642422,1610612747
Ausar Thompson,DET,6,2,4,90.0,157,11,6,7,85.7,0,2,0.0,12,109.1,3,27.3,2,18.2,0,0.0,1,9.1,1641709,1610612765
Austin Reaves,LAL,20,11,9,671.0,1489,32,11,16,68.8,2,2,100.0,24,75.0,10,31.3,1,3.1,0,0.0,1,3.1,1630559,1610612747
Ayo Dosunmu,CHI,26,11,15,780.0,1470,22,15,18,83.3,0,0,0.0,30,136.4,4,18.2,1,4.5,0,0.0,0,0.0,1630245,1610612741
Bam Adebayo,MIA,23,13,10,799.0,1516,147,46,87,52.900000000000006,12,16,75.0,105,71.39999999999999,40,27.200000000000003,5,3.4000000000000004,6,4.1000000000000005,8,5.4,1628389,1610612748
Baylor Scheierman,BOS,5,5,0,34.0,40,3,1,2,50.0,0,0,0.0,2,66.7,1,33.300000000000004,0,0.0,0,0.0,0,0.0,1631248,1610612738
Ben Sheppard,IND,13,6,7,272.0,390,8,2,3,66.7,0,0,0.0,4,50.0,4,50.0,1,12.5,0,0.0,0,0.0,1641767,1610612754
Ben Simmons,BKN,19,8,11,447.0,1128,66,22,31,71.0,0,0,0.0,44,66.7,28,42.4,8,12.1,5,7.6,0,0.0,1627732,1610612751
Bennedict Mathurin,IND,25,10,15,818.0,1401,49,19,27,70.39999999999999,13,14,92.9,52,106.1,10,20.4,2,4.1000000000000005,5,10.2,7,14.299999999999999,1631097,1610612754
Bilal Coulibaly,WAS,22,3,19,766.0,1053,46,17,23,73.9,5,6,83.3,40,87.0,17,37.0,5,10.9,1,2.1999999999999997,4,8.7,1641731,1610612764
Blake Wesley,SAS,20,10,10,238.0,429,9,1,3,33.300000000000004,1,2,50.0,3,33.300000000000004,3,33.300000000000004,1,11.1,2,22.2,1,11.1,1631104,1610612759
Bobby Portis,MIL,23,12,11,555.0,1003,70,32,54,59.3,3,4,75.0,69,98.6,9,12.9,1,1.4000000000000001,5,7.1,2,2.9000000000000004,1626171,1610612749
Bogdan Bogdanović,ATL,11,8,3,277.0,414,14,2,7,28.599999999999998,0,0,0.0,4,28.599999999999998,3,21.4,0,0.0,3,21.4,0,0.0,203992,1610612737
Bol Bol,PHX,7,0,7,37.0,53,3,2,3,66.7,0,0,0.0,4,133.29999999999998,0,0.0,0,0.0,0,0.0,0,0.0,1629626,1610612756
Bones Hyland,LAC,11,4,7,125.0,265,2,0,1,0.0,0,0,0.0,0,0.0,0,0.0,0,0.0,0,0.0,0,0.0,1630538,1610612746
Bradley Beal,PHX,15,9,6,502.0,842,18,3,7,42.9,6,6,100.0,12,66.7,7,38.9,1,5.6000000000000005,0,0.0,3,16.7,203078,1610612756
Branden Carlson,OKC,5,5,0,18.0,31,2,0,0,0.0,2,2,100.0,2,100.0,1,50.0,0,0.0,0,0.0,1,50.0,1642382,1610612760
Brandin Podziemski,GSW,23,13,10,572.0,1231,44,11,20,55.00000000000001,0,0,0.0,24,54.50000000000001,19,43.2,3,6.800000000000001,3,6.800000000000001,0,0.0,1641764,1610612744
Brandon Boston,NOP,23,3,20,633.0,1282,19,5,8,62.5,4,4,100.0,14,73.7,8,42.1,1,5.3,0,0.0,2,10.5,1630527,1610612740
Brandon Clarke,MEM,25,18,7,468.0,604,117,58,75,77.3,0,4,0.0,121,103.4,37,31.6,3,2.6,1,0.8999999999999999,2,1.7000000000000002,1629634,1610612763
Brandon Ingram,NOP,18,5,13,595.0,1269,27,9,16,56.3,0,0,0.0,18,66.7,9,33.300000000000004,5,18.5,1,3.6999999999999997,0,0.0,1627742,1610612740
Brandon Miller,CHA,21,6,15,725.0,1541,33,20,23,87.0,2,2,100.0,42,127.3,7,21.2,0,0.0,2,6.1,1,3.0,1641706,1610612766
Brandon Williams,DAL,5,5,0,21.0,44,1,0,0,0.0,0,0,0.0,0,0.0,1,100.0,1,100.0,0,0.0,0,0.0,1630314,1610612742
Brice Sensabaugh,UTA,18,2,16,295.0,425,9,4,6,66.7,0,0,0.0,9,100.0,2,22.2,0,0.0,1,11.1,0,0.0,1641729,1610612762
Bronny James,LAL,7,5,2,18.0,33,2,0,1,0.0,0,0,0.0,0,0.0,1,50.0,1,50.0,0,0.0,0,0.0,1642355,1610612747
Brook Lopez,MIL,24,13,11,784.0,847,77,33,43,76.7,12,16,75.0,79,102.60000000000001,17,22.1,1,1.3,2,2.6,8,10.4,201572,1610612749
Bruno Fernando,TOR,16,2,14,143.0,261,46,21,28,75.0,3,4,75.0,45,97.8,10,21.7,2,4.3,4,8.7,2,4.3,1628981,1610612761
Bryce McGowens,POR,1,0,1,3.0,4,1,1,1,100.0,0,0,0.0,2,200.0,0,0.0,0,0.0,0,0.0,0,0.0,1631121,1610612757
Buddy Hield,GSW,24,14,10,574.0,999,20,8,13,61.5,0,0,0.0,18,90.0,6,30.0,0,0.0,1,5.0,0,0.0,1627741,1610612744
CJ McCollum,NOP,13,3,10,439.0,849,9,4,5,80.0,3,4,75.0,11,122.2,2,22.2,0,0.0,0,0.0,2,22.2,203468,1610612740
Cade Cunningham,DET,22,9,13,789.0,2069,28,8,17,47.099999999999994,2,2,100.0,18,64.3,9,32.1,3,10.7,0,0.0,1,3.5999999999999996,1630595,1610612765
Caleb Houstan,ORL,17,9,8,93.0,83,2,1,1,100.0,0,0,0.0,2,100.0,0,0.0,0,0.0,1,50.0,0,0.0,1631216,1610612753
Caleb Martin,PHI,20,6,14,582.0,895,20,5,8,62.5,5,6,83.3,15,75.0,9,45.0,2,10.0,0,0.0,1,5.0,1628997,1610612755
Cam Christie,LAC,1,0,1,18.0,20,1,0,1,0.0,0,0,0.0,0,0.0,0,0.0,0,0.0,0,0.0,0,0.0,1642353,1610612746
Cam Reddish,LAL,18,7,11,363.0,294,14,4,7,57.099999999999994,0,0,0.0,8,57.099999999999994,4,28.599999999999998,0,0.0,3,21.4,0,0.0,1629629,1610612747
Cam Spencer,MEM,3,3,0,46.0,89,6,2,3,66.7,0,0,0.0,5,83.3,3,50.0,1,16.7,0,0.0,0,0.0,1642285,1610612763
Cam Thomas,BKN,17,7,10,568.0,1013,11,1,5,20.0,2,2,100.0,4,36.4,2,18.2,0,0.0,2,18.2,1,9.1,1630560,1610612751
Cam Whitmore,HOU,8,5,3,79.0,101,7,3,5,60.0,0,0,0.0,6,85.7,0,0.0,0,0.0,0,0.0,0,0.0,1641715,1610612745
Cameron Johnson,BKN,24,10,14,786.0,1137,25,7,13,53.800000000000004,3,4,75.0,18,72.0,6,24.0,1,4.0,2,8.0,2,8.0,1629661,1610612751
Cameron Payne,NYK,19,13,6,332.0,655,9,0,3,0.0,0,0,0.0,0,0.0,5,55.60000000000001,1,11.1,0,0.0,0,0.0,1626166,1610612752
Caris LeVert,CLE,20,18,2,493.0,761,27,6,12,50.0,4,4,100.0,16,59.3,10,37.0,2,7.3999999999999995,2,7.3999999999999995,2,7.3999999999999995,1627747,1610612739
Carlton Carrington,WAS,23,3,20,658.0,1398,18,5,9,55.60000000000001,0,0,0.0,10,55.60000000000001,7,38.9,1,5.6000000000000005,2,11.1,0,0.0,1642267,1610612764
Cason Wallace,OKC,24,19,5,635.0,766,52,19,24,79.2,0,0,0.0,40,76.9,24,46.2,7,13.5,1,1.9,0,0.0,1641717,1610612760
Charles Bassey,SAS,16,10,6,172.0,287,67,25,44,56.8,7,12,58.3,58,86.6,13,19.400000000000002,1,1.5,2,3.0,4,6.0,1629646,1610612759
Chet Holmgren,OKC,10,8,2,265.0,495,42,18,26,69.19999999999999,5,8,62.5,43,102.4,4,9.5,2,4.8,7,16.7,4,9.5,1631096,1610612760
Chris Boucher,TOR,23,7,16,412.0,537,70,29,47,61.7,20,22,90.9,79,112.9,9,12.9,1,1.4000000000000001,0,0.0,10,14.299999999999999,1628449,1610612761
Chris Duarte,CHI,12,3,9,50.0,85,2,0,1,0.0,0,0,0.0,0,0.0,1,50.0,0,0.0,0,0.0,0,0.0,1630537,1610612741
Chris Livingston,MIL,3,3,0,6.0,10,1,1,1,100.0,0,0,0.0,2,200.0,0,0.0,0,0.0,0,0.0,0,0.0,1641753,1610612749
Chris Paul,SAS,25,13,12,704.0,1646,12,1,2,50.0,0,0,0.0,2,16.7,9,75.0,0,0.0,0,0.0,0,0.0,101108,1610612759
Christian Braun,DEN,23,13,10,797.0,1001,74,30,41,73.2,12,14,85.7,73,98.6,19,25.7,4,5.4,5,6.800000000000001,5,6.800000000000001,1631128,1610612743
Christian Koloko,LAL,15,8,7,150.0,186,31,9,14,64.3,0,0,0.0,18,58.099999999999994,14,45.2,0,0.0,2,6.5,0,0.0,1631132,1610612747
Clint Capela,ATL,26,14,12,593.0,742,256,105,178,59.0,15,30,50.0,228,89.1,40,15.6,11,4.3,10,3.9,15,5.8999999999999995,203991,1610612737
Coby White,CHI,24,9,15,783.0,1459,4,1,2,50.0,0,0,0.0,2,50.0,2,50.0,0,0.0,0,0.0,0,0.0,1629632,1610612741
Cody Martin,CHA,25,7,18,654.0,973,42,11,17,64.7,3,6,50.0,25,59.5,16,38.1,4,9.5,5,11.899999999999999,3,7.1,1628998,1610612766
Cody Williams,UTA,16,4,12,299.0,355,10,2,3,66.7,1,4,25.0,5,50.0,4,40.0,0,0.0,1,10.0,2,20.0,1642262,1610612762
Colby Jones,SAC,16,9,7,83.0,105,3,0,1,0.0,0,0,0.0,0,0.0,1,33.300000000000004,1,33.300000000000004,1,33.300000000000004,0,0.0,1641732,1610612758
Cole Anthony,ORL,24,16,8,265.0,523,10,0,0,0.0,2,2,100.0,2,20.0,6,60.0,1,10.0,3,30.0,0,0.0,1630175,1610612753
Cole Swider,DET,2,0,2,13.0,18,0,0,0,0.0,0,0,0.0,0,0.0,0,0.0,0,0.0,0,0.0,0,0.0,1631306,1610612765
Colin Castleton,MEM,8,8,0,22.0,26,2,1,1,100.0,2,2,100.0,4,200.0,0,0.0,0,0.0,0,0.0,0,0.0,1630658,1610612763
Collin Gillespie,PHX,1,1,0,3.0,7,0,0,0,0.0,0,0,0.0,0,0.0,0,0.0,0,0.0,0,0.0,0,0.0,1631221,1610612756
Collin Sexton,UTA,24,5,19,665.0,1307,26,9,18,50.0,0,0,0.0,18,69.19999999999999,4,15.4,0,0.0,2,7.7,0,0.0,1629012,1610612762
Corey Kispert,WAS,19,2,17,525.0,639,13,7,9,77.8,0,0,0.0,16,123.10000000000001,3,23.1,1,7.7,1,7.7,0,0.0,1630557,1610612764
Cory Joseph,ORL,13,8,5,46.0,105,4,0,1,0.0,0,0,0.0,0,0.0,3,75.0,1,25.0,0,0.0,0,0.0,202709,1610612753
Craig Porter Jr.,CLE,16,13,3,151.0,234,3,2,2,100.0,0,0,0.0,4,133.29999999999998,1,33.300000000000004,0,0.0,0,0.0,0,0.0,1641854,1610612739
Cui Yongxi,BKN,5,2,3,10.0,14,1,0,1,0.0,0,0,0.0,0,0.0,0,0.0,0,0.0,0,0.0,0,0.0,1642385,1610612751
D'Angelo Russell,LAL,24,12,12,649.0,1470,19,5,9,55.60000000000001,1,2,50.0,11,57.9,7,36.8,2,10.5,0,0.0,1,5.3,1626156,1610612747
D.J. Carton,TOR,4,1,3,33.0,54,1,0,1,0.0,0,0,0.0,0,0.0,0,0.0,0,0.0,0,0.0,0,0.0,1630618,1610612761
DaQuan Jeffries,CHA,3,1,2,61.0,75,5,2,3,66.7,1,2,50.0,5,100.0,1,20.0,0,0.0,0,0.0,1,20.0,1629610,1610612766
Daishen Nix,MIN,3,3,0,13.0,27,0,0,0,0.0,0,0,0.0,0,0.0,0,0.0,0,0.0,0,0.0,0,0.0,1630227,1610612750
Dalano Banton,POR,23,7,16,386.0,890,13,4,7,57.099999999999994,0,0,0.0,8,61.5,4,30.8,0,0.0,0,0.0,0,0.0,1630625,1610612757
Dalen Terry,CHI,25,10,15,337.0,571,21,7,11,63.6,2,2,100.0,16,76.2,7,33.300000000000004,0,0.0,1,4.8,1,4.8,1631207,1610612741
Dalton Knecht,LAL,25,13,12,601.0,786,31,17,21,81.0,0,2,0.0,34,109.7,7,22.6,2,6.5,1,3.2,1,3.2,1642261,1610612747
Damian Lillard,MIL,21,11,10,763.0,1864,11,2,3,66.7,2,2,100.0,6,54.50000000000001,4,36.4,0,0.0,2,18.2,1,9.1,203081,1610612749
Damion Lee,PHX,4,1,3,38.0,56,1,0,1,0.0,0,0,0.0,0,0.0,0,0.0,0,0.0,0,0.0,0,0.0,1627814,1610612756
Daniel Gafford,DAL,24,15,9,500.0,723,195,102,135,75.6,19,33,57.599999999999994,229,117.39999999999999,28,14.399999999999999,6,3.1,8,4.1000000000000005,16,8.200000000000001,1629655,1610612742
Daniel Theis,NOP,18,3,15,257.0,394,40,9,17,52.900000000000006,5,6,83.3,23,57.49999999999999,15,37.5,3,7.5,3,7.5,3,7.5,1628464,1610612740
Daniss Jenkins,DET,2,0,2,5.0,5,0,0,0,0.0,0,0,0.0,0,0.0,0,0.0,0,0.0,0,0.0,0,0.0,1642450,1610612765
Dario Šarić,DEN,10,4,6,136.0,242,30,5,10,50.0,3,4,75.0,13,43.3,16,53.300000000000004,1,3.3000000000000003,1,3.3000000000000003,2,6.7,203967,1610612743
Dariq Whitehead,BKN,3,1,2,26.0,37,0,0,0,0.0,0,0,0.0,0,0.0,0,0.0,0,0.0,0,0.0,0,0.0,1641727,1610612751
Darius Garland,CLE,25,21,4,762.0,1571,17,5,9,55.60000000000001,0,0,0.0,10,58.8,8,47.099999999999994,1,5.8999999999999995,0,0.0,0,0.0,1629636,1610612739
David Duke Jr.,SAS,1,0,1,8.0,17,0,0,0,0.0,0,0,0.0,0,0.0,0,0.0,0,0.0,0,0.0,0,0.0,1630561,1610612759
David Roddy,ATL,14,5,9,204.0,325,9,3,3,100.0,0,0,0.0,6,66.7,6,66.7,3,33.300000000000004,0,0.0,0,0.0,1631223,1610612737
Davion Mitchell,TOR,26,7,19,707.0,1481,10,1,3,33.300000000000004,0,0,0.0,3,30.0,6,60.0,2,20.0,0,0.0,0,0.0,1630558,1610612761
Day'Ron Sharpe,BKN,4,1,3,61.0,89,19,8,11,72.7,2,2,100.0,18,94.69999999999999,6,31.6,1,5.3,1,5.3,1,5.3,1630549,1610612751
De'Aaron Fox,SAC,26,13,13,968.0,2146,50,24,34,70.6,4,4,100.0,53,106.0,10,20.0,3,6.0,4,8.0,2,4.0,1628368,1610612758
De'Andre Hunter,ATL,15,11,4,417.0,601,29,14,21,66.7,4,4,100.0,32,110.3,6,20.7,0,0.0,0,0.0,2,6.9,1629631,1610612737
De'Anthony Melton,GSW,6,4,2,121.0,259,5,1,3,33.300000000000004,0,0,0.0,2,40.0,0,0.0,0,0.0,1,20.0,0,0.0,1629001,1610612744
DeAndre Jordan,DEN,11,7,4,112.0,152,33,12,21,57.099999999999994,2,5,40.0,24,72.7,4,12.1,1,3.0,4,12.1,3,9.1,201599,1610612743
DeMar DeRozan,SAC,21,11,10,747.0,1088,22,10,13,76.9,4,4,100.0,26,118.19999999999999,5,22.7,0,0.0,0,0.0,2,9.1,201942,1610612758
Dean Wade,CLE,18,17,1,395.0,535,28,4,7,57.099999999999994,0,2,0.0,8,28.599999999999998,20,71.39999999999999,3,10.7,0,0.0,1,3.5999999999999996,1629731,1610612739
Deandre Ayton,POR,17,4,13,513.0,873,160,67,96,69.8,7,10,70.0,143,89.4,32,20.0,2,1.3,18,11.3,3,1.9,1629028,1610612757
Dejounte Murray,NOP,9,2,7,295.0,719,5,1,2,50.0,2,2,100.0,4,80.0,2,40.0,0,0.0,0,0.0,0,0.0,1627749,1610612740
Delon Wright,MIL,18,10,8,288.0,552,12,1,2,50.0,1,2,50.0,3,25.0,9,75.0,3,25.0,0,0.0,1,8.3,1626153,1610612749
Deni Avdija,POR,25,8,17,664.0,1353,46,10,17,58.8,9,10,90.0,29,63.0,19,41.3,7,15.2,4,8.7,5,10.9,1630166,1610612757
Dennis Schröder,BKN,23,9,14,772.0,2011,6,0,1,0.0,0,0,0.0,0,0.0,5,83.3,1,16.7,0,0.0,0,0.0,203471,1610612751
Dereck Lively II,DAL,20,14,6,470.0,684,174,61,87,70.1,25,38,65.8,146,83.89999999999999,57,32.800000000000004,15,8.6,7,4.0,18,10.299999999999999,1641726,1610612742
Derrick Jones Jr.,LAC,25,14,11,625.0,813,59,32,44,72.7,2,2,100.0,66,111.9,11,18.6,2,3.4000000000000004,3,5.1,1,1.7000000000000002,1627884,1610612746
Derrick White,BOS,24,20,4,827.0,1780,29,6,9,66.7,1,2,50.0,14,48.3,13,44.800000000000004,3,10.299999999999999,1,3.4000000000000004,1,3.4000000000000004,1628401,1610612738
Desmond Bane,MEM,18,12,6,509.0,1082,22,11,16,68.8,0,0,0.0,22,100.0,3,13.600000000000001,2,9.1,3,13.600000000000001,0,0.0,1630217,1610612763
Devin Booker,PHX,24,13,11,888.0,1609,35,9,17,52.900000000000006,13,14,92.9,31,88.6,10,28.599999999999998,4,11.4,0,0.0,7,20.0,1626164,1610612756
Devin Vassell,SAS,10,5,5,246.0,426,3,2,2,100.0,0,0,0.0,4,133.29999999999998,0,0.0,0,0.0,1,33.300000000000004,0,0.0,1630170,1610612759
Dillon Brooks,HOU,25,17,8,782.0,879,45,15,32,46.9,3,4,75.0,33,73.3,10,22.2,2,4.3999999999999995,0,0.0,2,4.3999999999999995,1628415,1610612745
Dillon Jones,OKC,21,17,4,177.0,305,21,7,13,53.800000000000004,0,2,0.0,14,66.7,5,23.799999999999997,1,4.8,1,4.8,1,4.8,1641794,1610612760
Domantas Sabonis,SAC,24,12,12,859.0,1739,264,103,145,71.0,47,54,87.0,258,97.7,59,22.3,12,4.5,22,8.3,26,9.8,1627734,1610612758
Dominick Barlow,ATL,2,1,1,11.0,6,0,0,0,0.0,0,0,0.0,0,0.0,0,0.0,0,0.0,0,0.0,0,0.0,1631230,1610612737
Donovan Clingan,POR,18,7,11,304.0,498,118,38,67,56.699999999999996,13,18,72.2,91,77.10000000000001,27,22.900000000000002,0,0.0,9,7.6,9,7.6,1642270,1610612757
Donovan Mitchell,CLE,25,21,4,800.0,1516,13,5,8,62.5,0,0,0.0,10,76.9,5,38.5,2,15.4,0,0.0,0,0.0,1628378,1610612739
Donte DiVincenzo,MIN,24,13,11,599.0,1112,12,2,5,40.0,2,2,100.0,6,50.0,5,41.699999999999996,0,0.0,0,0.0,1,8.3,1628978,1610612750
Dorian Finney-Smith,BKN,17,6,11,496.0,700,36,10,17,58.8,0,0,0.0,21,58.3,16,44.4,2,5.6000000000000005,1,2.8000000000000003,0,0.0,1627827,1610612751
Doug McDermott,SAC,19,10,9,155.0,178,3,1,1,100.0,1,2,50.0,3,100.0,0,0.0,0,0.0,1,33.300000000000004,1,33.300000000000004,203926,1610612758
Draymond Green,GSW,22,13,9,629.0,1421,33,9,12,75.0,2,4,50.0,21,63.6,15,45.5,5,15.2,2,6.1,1,3.0,203110,1610612744
Drew Eubanks,UTA,20,4,16,271.0,356,69,21,38,55.300000000000004,7,14,50.0,49,71.0,14,20.3,1,1.4000000000000001,8,11.600000000000001,7,10.100000000000001,1629234,1610612762
Drew Peterson,BOS,7,6,1,81.0,100,2,0,0,0.0,2,2,100.0,2,100.0,1,50.0,0,0.0,0,0.0,1,50.0,1641809,1610612738
Dru Smith,MIA,10,7,3,174.0,282,12,3,4,75.0,0,0,0.0,6,50.0,8,66.7,2,16.7,0,0.0,0,0.0,1630696,1610612748
Duncan Robinson,MIA,22,12,10,496.0,707,23,12,16,75.0,1,2,50.0,26,112.99999999999999,4,17.4,1,4.3,0,0.0,1,4.3,1629130,1610612748
Duop Reath,POR,13,4,9,83.0,121,10,3,5,60.0,0,0,0.0,6,60.0,3,30.0,0,0.0,2,20.0,0,0.0,1641871,1610612757
Dwight Powell,DAL,19,12,7,154.0,189,33,7,8,87.5,9,12,75.0,23,69.69999999999999,15,45.5,1,3.0,3,9.1,6,18.2,203939,1610612742
Dyson Daniels,ATL,24,14,10,811.0,1212,97,34,63,54.0,8,10,80.0,76,78.4,24,24.7,6,6.2,4,4.1000000000000005,5,5.2,1630700,1610612737
E.J. Liddell,CHI,6,2,4,31.0,43,4,1,1,100.0,0,0,0.0,2,50.0,3,75.0,0,0.0,0,0.0,0,0.0,1630604,1610612741
Elfrid Payton,NOP,7,0,7,144.0,373,4,1,1,100.0,0,0,0.0,2,50.0,3,75.0,1,25.0,0,0.0,0,0.0,203901,1610612740
Enrique Freeman,IND,15,3,12,111.0,109,18,4,8,50.0,2,6,33.300000000000004,10,55.60000000000001,3,16.7,1,5.6000000000000005,1,5.6000000000000005,2,11.1,1642402,1610612754
Eric Gordon,PHI,16,4,12,264.0,325,3,1,2,50.0,0,0,0.0,2,66.7,1,33.300000000000004,0,0.0,0,0.0,0,0.0,201569,1610612755
Evan Mobley,CLE,24,20,4,736.0,1426,154,72,97,74.2,17,22,77.3,168,109.1,39,25.3,9,5.800000000000001,4,2.6,11,7.1,1630596,1610612739
Franz Wagner,ORL,25,16,9,829.0,1687,73,36,47,76.6,1,2,50.0,76,104.1,15,20.5,3,4.1000000000000005,5,6.800000000000001,1,1.4000000000000001,1630532,1610612753
Fred VanVleet,HOU,23,15,8,808.0,1803,6,0,0,0.0,0,0,0.0,0,0.0,6,100.0,1,16.7,0,0.0,0,0.0,1627832,1610612745
Gabe Vincent,LAL,25,13,12,479.0,644,16,5,6,83.3,0,2,0.0,10,62.5,9,56.3,3,18.8,0,0.0,1,6.3,1629216,1610612747
Garrett Temple,TOR,8,3,5,31.0,54,1,0,1,0.0,0,0,0.0,0,0.0,0,0.0,0,0.0,0,0.0,0,0.0,202066,1610612761
Garrison Mathews,ATL,19,8,11,343.0,363,5,2,3,66.7,0,0,0.0,4,80.0,2,40.0,2,40.0,0,0.0,0,0.0,1629726,1610612737
Gary Harris,ORL,17,11,6,282.0,237,9,1,2,50.0,0,0,0.0,2,22.2,6,66.7,0,0.0,1,11.1,0,0.0,203914,1610612753
Gary Payton II,GSW,24,14,10,325.0,465,57,22,33,66.7,3,4,75.0,47,82.5,18,31.6,3,5.3,3,5.3,2,3.5000000000000004,1627780,1610612744
Gary Trent Jr.,MIL,22,13,9,571.0,522,4,1,1,100.0,0,0,0.0,3,75.0,2,50.0,0,0.0,0,0.0,0,0.0,1629018,1610612749
Georges Niang,CLE,26,22,4,537.0,802,29,9,14,64.3,0,0,0.0,18,62.1,13,44.800000000000004,5,17.2,0,0.0,0,0.0,1627777,1610612739
Giannis Antetokounmpo,MIL,22,12,10,772.0,1944,130,60,84,71.39999999999999,17,26,65.4,137,105.4,24,18.5,3,2.3,3,2.3,11,8.5,203507,1610612749
Goga Bitadze,ORL,22,16,6,516.0,837,137,63,89,70.8,14,20,70.0,141,102.89999999999999,25,18.2,4,2.9000000000000004,8,5.800000000000001,10,7.3,1629048,1610612753
Gradey Dick,TOR,21,4,17,680.0,886,32,12,22,54.50000000000001,2,2,100.0,26,81.3,6,18.8,1,3.1,1,3.1,1,3.1,1641711,1610612761
Grant Williams,CHA,16,6,10,479.0,588,33,9,12,75.0,3,4,75.0,22,66.7,17,51.5,7,21.2,2,6.1,2,6.1,1629684,1610612766
Grayson Allen,PHX,20,12,8,477.0,717,15,0,1,0.0,0,0,0.0,0,0.0,13,86.7,4,26.700000000000003,1,6.7,0,0.0,1628960,1610612756
Guerschon Yabusele,PHI,22,7,15,538.0,823,62,13,27,48.1,9,16,56.3,34,54.800000000000004,23,37.1,6,9.700000000000001,3,4.8,7,11.3,1627824,1610612755
Gui Santos,GSW,6,5,1,22.0,36,3,0,1,0.0,0,0,0.0,0,0.0,1,33.300000000000004,0,0.0,0,0.0,0,0.0,1630611,1610612744
Harrison Barnes,SAS,25,13,12,722.0,919,45,14,23,60.9,7,10,70.0,36,80.0,14,31.1,0,0.0,1,2.1999999999999997,4,8.9,203084,1610612759
Harrison Ingram,SAS,1,0,1,7.0,4,0,0,0,0.0,0,0,0.0,0,0.0,0,0.0,0,0.0,0,0.0,0,0.0,1631127,1610612759
Haywood Highsmith,MIA,21,12,9,527.0,634,38,11,20,55.00000000000001,4,4,100.0,27,71.1,10,26.3,3,7.9,5,13.200000000000001,2,5.3,1629312,1610612748
Herbert Jones,NOP,8,3,5,255.0,358,6,4,5,80.0,0,0,0.0,8,133.29999999999998,1,16.7,0,0.0,0,0.0,0,0.0,1630529,1610612740
Hunter Tyson,DEN,15,8,7,134.0,142,13,3,3,100.0,5,6,83.3,11,84.6,6,46.2,1,7.7,1,7.7,3,23.1,1641816,1610612743
Immanuel Quickley,TOR,3,0,3,68.0,181,3,2,2,100.0,0,0,0.0,5,166.70000000000002,0,0.0,0,0.0,1,33.300000000000004,0,0.0,1630193,1610612761
Isaac Jones,SAC,15,9,6,142.0,147,36,16,23,69.6,6,8,75.0,39,108.3,6,16.7,0,0.0,2,5.6000000000000005,4,11.1,1642403,1610612758
Isaac Okoro,CLE,22,20,2,463.0,466,40,9,14,64.3,2,2,100.0,20,50.0,23,57.49999999999999,7,17.5,0,0.0,1,2.5,1630171,1610612739
Isaiah Collier,UTA,17,4,13,291.0,715,1,0,0,0.0,0,0,0.0,0,0.0,1,100.0,1,100.0,0,0.0,0,0.0,1642268,1610612762
Isaiah Crawford,SAC,1,1,0,5.0,7,0,0,0,0.0,0,0,0.0,0,0.0,0,0.0,0,0.0,0,0.0,0,0.0,1642384,1610612758
Isaiah Hartenstein,OKC,9,8,1,267.0,548,79,29,49,59.199999999999996,6,8,75.0,65,82.3,16,20.3,3,3.8,6,7.6,4,5.1,1628392,1610612760
Isaiah Jackson,IND,5,1,4,84.0,120,29,11,18,61.1,6,12,50.0,26,89.7,5,17.2,1,3.4000000000000004,1,3.4000000000000004,5,17.2,1630543,1610612754
Isaiah Joe,OKC,22,18,4,473.0,591,12,2,4,50.0,0,0,0.0,4,33.300000000000004,6,50.0,0,0.0,0,0.0,0,0.0,1630198,1610612760
Isaiah Stewart,DET,26,10,16,572.0,697,132,47,76,61.8,17,20,85.0,115,87.1,32,24.2,9,6.800000000000001,7,5.3,10,7.6,1630191,1610612765
Isaiah Wong,CHA,3,1,2,51.0,93,6,1,1,100.0,0,0,0.0,2,33.300000000000004,4,66.7,1,16.7,1,16.7,0,0.0,1631209,1610612766
Ivica Zubac,LAC,26,14,12,843.0,1470,275,104,168,61.9,12,26,46.2,225,81.8,66,24.0,10,3.5999999999999996,18,6.5,12,4.3999999999999995,1627826,1610612746
JD Davison,BOS,5,5,0,24.0,58,0,0,0,0.0,0,0,0.0,0,0.0,0,0.0,0,0.0,0,0.0,0,0.0,1631120,1610612738
JT Thor,CLE,3,2,1,16.0,30,1,0,0,0.0,2,2,100.0,2,200.0,0,0.0,0,0.0,0,0.0,1,100.0,1630550,1610612739
Ja Morant,MEM,15,11,4,426.0,1011,18,4,8,50.0,2,2,100.0,10,55.60000000000001,8,44.4,2,11.1,0,0.0,1,5.6000000000000005,1629630,1610612763
Ja'Kobe Walter,TOR,12,4,8,227.0,300,14,3,8,37.5,0,0,0.0,7,50.0,4,28.599999999999998,1,7.1,1,7.1,0,0.0,1642266,1610612761
Jabari Smith Jr.,HOU,25,17,8,758.0,881,60,22,37,59.5,11,14,78.60000000000001,58,96.7,14,23.3,3,5.0,2,3.3000000000000003,7,11.700000000000001,1631095,1610612745
Jabari Walker,POR,20,5,15,227.0,283,38,13,25,52.0,4,4,100.0,32,84.2,7,18.4,2,5.3,2,5.3,2,5.3,1631133,1610612757
Jack McVeigh,HOU,6,5,1,21.0,24,2,0,1,0.0,0,0,0.0,0,0.0,1,50.0,1,50.0,0,0.0,0,0.0,1629098,1610612745
Jacob Toppin,NYK,7,6,1,21.0,34,0,0,0,0.0,0,0,0.0,0,0.0,0,0.0,0,0.0,0,0.0,0,0.0,1631210,1610612752
Jaden Hardy,DAL,22,15,7,320.0,524,9,2,5,40.0,3,4,75.0,8,88.9,2,22.2,0,0.0,0,0.0,2,22.2,1630702,1610612742
Jaden Ivey,DET,25,10,15,759.0,1521,31,17,20,85.0,7,8,87.5,41,132.29999999999998,5,16.1,1,3.2,1,3.2,4,12.9,1631093,1610612765
Jaden McDaniels,MIN,24,13,11,727.0,945,39,17,23,73.9,3,4,75.0,38,97.39999999999999,12,30.8,3,7.7,0,0.0,1,2.6,1630183,1610612750
Jaden Springer,BOS,7,6,1,24.0,31,3,0,1,0.0,0,0,0.0,0,0.0,0,0.0,0,0.0,0,0.0,0,0.0,1630531,1610612738
Jae Crowder,SAC,5,2,3,84.0,100,4,1,2,50.0,0,0,0.0,2,50.0,0,0.0,0,0.0,2,50.0,0,0.0,203109,1610612758
Jae'Sean Tate,HOU,10,8,2,59.0,94,6,2,4,50.0,0,0,0.0,4,66.7,2,33.300000000000004,1,16.7,0,0.0,0,0.0,1630256,1610612745
Jaime Jaquez Jr.,MIA,19,12,7,402.0,704,46,13,25,52.0,6,8,75.0,32,69.6,14,30.4,2,4.3,1,2.1999999999999997,4,8.7,1631170,1610612748
Jake LaRavia,MEM,26,18,8,604.0,1125,65,22,31,71.0,5,8,62.5,49,75.4,23,35.4,5,7.7,5,7.7,4,6.2,1631222,1610612763
Jakob Poeltl,TOR,25,7,18,813.0,1559,279,116,181,64.1,21,36,58.3,260,93.2,66,23.7,11,3.9,7,2.5,18,6.5,1627751,1610612761
Jalen Bridges,PHX,2,0,2,11.0,8,0,0,0,0.0,0,0,0.0,0,0.0,0,0.0,0,0.0,0,0.0,0,0.0,1641779,1610612756
Jalen Brunson,NYK,25,15,10,857.0,2054,11,3,7,42.9,0,2,0.0,6,54.50000000000001,2,18.2,0,0.0,0,0.0,1,9.1,1628973,1610612752
Jalen Duren,DET,23,9,14,550.0,879,154,60,83,72.3,15,28,53.6,138,89.60000000000001,35,22.7,2,1.3,11,7.1,13,8.4,1631105,1610612765
Jalen Green,HOU,25,17,8,813.0,1467,24,9,15,60.0,3,4,75.0,21,87.5,7,29.2,1,4.2,0,0.0,2,8.3,1630224,1610612745
Jalen Hood-Schifino,LAL,2,2,0,14.0,19,1,0,0,0.0,0,0,0.0,0,0.0,1,100.0,0,0.0,0,0.0,0,0.0,1641720,1610612747
Jalen Johnson,ATL,24,13,11,877.0,2230,81,37,56,66.10000000000001,1,2,50.0,74,91.4,18,22.2,2,2.5,2,2.5,1,1.2,1630552,1610612737
Jalen Pickett,DEN,5,3,2,41.0,86,0,0,0,0.0,0,0,0.0,0,0.0,0,0.0,0,0.0,0,0.0,0,0.0,1629618,1610612743
Jalen Smith,CHI,23,10,13,353.0,601,68,24,37,64.9,10,14,71.39999999999999,60,88.2,19,27.900000000000002,1,1.5,2,2.9000000000000004,6,8.799999999999999,1630188,1610612741
Jalen Suggs,ORL,26,16,10,789.0,1818,27,12,16,75.0,2,2,100.0,26,96.3,8,29.599999999999998,1,3.6999999999999997,1,3.6999999999999997,1,3.6999999999999997,1630591,1610612753
Jalen Williams,OKC,24,19,5,764.0,1710,47,23,27,85.2,0,0,0.0,48,102.1,17,36.199999999999996,5,10.6,3,6.4,0,0.0,1631114,1610612760
Jalen Wilson,BKN,24,9,15,604.0,791,37,14,20,70.0,9,10,90.0,37,100.0,10,27.0,3,8.1,1,2.7,5,13.5,1630592,1610612751
Jamal Cain,NOP,15,2,13,217.0,225,16,5,8,62.5,3,6,50.0,13,81.3,4,25.0,0,0.0,1,6.3,3,18.8,1631288,1610612740
Jamal Murray,DEN,18,9,9,644.0,1274,22,9,12,75.0,4,4,100.0,23,104.5,4,18.2,2,9.1,2,9.1,1,4.5,1627750,1610612743
Jamal Shead,TOR,24,7,17,338.0,793,4,0,1,0.0,0,0,0.0,0,0.0,2,50.0,1,25.0,1,25.0,0,0.0,1642347,1610612761
James Harden,LAC,25,14,11,845.0,2024,15,3,7,42.9,2,2,100.0,8,53.300000000000004,5,33.300000000000004,1,6.7,1,6.7,1,6.7,201935,1610612746
James Johnson,IND,3,0,3,10.0,20,1,1,1,100.0,0,0,0.0,2,200.0,0,0.0,0,0.0,0,0.0,0,0.0,201949,1610612754
James Wiseman,IND,1,1,0,5.0,9,2,1,1,100.0,2,2,100.0,4,200.0,0,0.0,0,0.0,0,0.0,1,50.0,1630164,1610612754
Jamison Battle,TOR,24,7,17,326.0,357,18,7,10,70.0,4,4,100.0,19,105.60000000000001,5,27.800000000000004,1,5.6000000000000005,1,5.6000000000000005,2,11.1,1642419,1610612761
Jarace Walker,IND,25,10,15,456.0,717,28,5,9,55.60000000000001,0,2,0.0,10,35.699999999999996,14,50.0,1,3.5999999999999996,3,10.7,1,3.5999999999999996,1641716,1610612754
Jared Butler,WAS,18,2,16,198.0,450,8,3,4,75.0,1,2,50.0,7,87.5,3,37.5,0,0.0,0,0.0,1,12.5,1630215,1610612764
Jared McCain,PHI,22,7,15,563.0,1009,9,4,5,80.0,0,0,0.0,8,88.9,4,44.4,2,22.2,0,0.0,0,0.0,1642272,1610612755
Jared Rhoden,CHA,4,1,3,12.0,27,4,1,2,50.0,0,0,0.0,2,50.0,2,50.0,0,0.0,0,0.0,0,0.0,1631197,1610612766
Jaren Jackson Jr.,MEM,24,17,7,677.0,1143,60,29,41,70.7,11,12,91.7,71,118.30000000000001,4,6.7,0,0.0,4,6.7,6,10.0,1628991,1610612763
Jarrett Allen,CLE,26,22,4,778.0,1025,219,95,128,74.2,36,48,75.0,229,104.60000000000001,51,23.3,10,4.6,8,3.6999999999999997,24,11.0,1628386,1610612739
Javonte Green,NOP,24,5,19,561.0,814,38,10,18,55.60000000000001,10,10,100.0,31,81.6,10,26.3,2,5.3,2,5.3,5,13.200000000000001,1629750,1610612740
Jaxson Hayes,LAL,11,6,5,192.0,268,53,22,28,78.60000000000001,8,10,80.0,52,98.1,13,24.5,2,3.8,4,7.5,5,9.4,1629637,1610612747
Jay Huff,MEM,26,18,8,404.0,541,60,26,32,81.3,7,12,58.3,59,98.3,17,28.299999999999997,2,3.3000000000000003,5,8.3,5,8.3,1630643,1610612763
Jaylen Brown,BOS,20,17,3,716.0,1200,58,18,30,60.0,16,18,88.9,54,93.10000000000001,14,24.099999999999998,1,1.7000000000000002,2,3.4000000000000004,9,15.5,1627759,1610612738
Jaylen Martin,BKN,2,2,0,3.0,3,0,0,0,0.0,0,0,0.0,0,0.0,0,0.0,0,0.0,0,0.0,0,0.0,1641798,1610612751
Jaylen Nowell,NOP,8,1,7,168.0,319,7,2,4,50.0,0,0,0.0,4,57.099999999999994,2,28.599999999999998,0,0.0,0,0.0,0,0.0,1629669,1610612740
Jaylen Wells,MEM,26,18,8,645.0,727,43,16,24,66.7,2,2,100.0,34,79.10000000000001,15,34.9,2,4.7,0,0.0,1,2.3,1642377,1610612763
Jaylon Tyson,CLE,14,11,3,108.0,148,12,4,4,100.0,1,2,50.0,9,75.0,6,50.0,2,16.7,0,0.0,1,8.3,1642281,1610612739
Jayson Tatum,BOS,23,18,5,839.0,1966,38,15,22,68.2,1,2,50.0,31,81.6,9,23.7,2,5.3,2,5.3,1,2.6,1628369,1610612738
Jazian Gortman,DAL,6,4,2,14.0,21,0,0,0,0.0,0,0,0.0,0,0.0,0,0.0,0,0.0,0,0.0,0,0.0,1641789,1610612742
Jeff Dowtin Jr.,PHI,8,1,7,80.0,142,0,0,0,0.0,0,0,0.0,0,0.0,0,0.0,0,0.0,0,0.0,0,0.0,1630288,1610612755
Jeff Green,HOU,7,4,3,40.0,45,1,0,0,0.0,0,0,0.0,0,0.0,1,100.0,0,0.0,0,0.0,0,0.0,201145,1610612745
Jerami Grant,POR,23,7,16,753.0,973,16,4,9,44.4,6,6,100.0,14,87.5,3,18.8,0,0.0,0,0.0,3,18.8,203924,1610612757
Jeremiah Robinson-Earl,NOP,25,5,20,507.0,756,70,20,37,54.1,6,8,75.0,46,65.7,24,34.300000000000004,5,7.1,3,4.3,5,7.1,1630526,1610612740
Jeremy Sochan,SAS,12,5,7,336.0,586,78,27,45,60.0,3,6,50.0,60,76.9,19,24.4,5,6.4,5,6.4,3,3.8,1631110,1610612759
Jericho Sims,NYK,24,14,10,299.0,378,58,14,21,66.7,0,2,0.0,28,48.3,29,50.0,4,6.9,4,6.9,1,1.7000000000000002,1630579,1610612752
Jett Howard,ORL,25,15,10,268.0,309,8,4,5,80.0,0,0,0.0,8,100.0,3,37.5,0,0.0,0,0.0,0,0.0,1641724,1610612753
Jevon Carter,CHI,11,4,7,53.0,77,1,1,1,100.0,0,0,0.0,2,200.0,0,0.0,0,0.0,0,0.0,0,0.0,1628975,1610612741
Jimmy Butler,MIA,18,11,7,575.0,1063,104,27,45,60.0,20,24,83.3,77,74.0,38,36.5,7,6.7,5,4.8,11,10.6,202710,1610612748
Jock Landale,HOU,14,9,5,156.0,201,50,9,28,32.1,7,12,58.3,25,50.0,13,26.0,3,6.0,2,4.0,6,12.0,1629111,1610612745
Joe Ingles,MIN,7,5,2,26.0,45,1,0,0,0.0,0,0,0.0,0,0.0,1,100.0,1,100.0,0,0.0,0,0.0,204060,1610612750
Joel Embiid,PHI,5,1,4,158.0,314,25,7,13,53.800000000000004,16,16,100.0,31,124.0,2,8.0,0,0.0,2,8.0,7,28.000000000000004,203954,1610612755
John Collins,UTA,23,5,18,670.0,1223,123,57,84,67.9,8,8,100.0,127,103.3,21,17.1,1,0.8,5,4.1000000000000005,4,3.3000000000000003,1628381,1610612762
John Konchar,MEM,13,9,4,155.0,276,15,3,3,100.0,0,0,0.0,6,40.0,11,73.3,2,13.3,1,6.7,0,0.0,1629723,1610612763
Johnny Davis,WAS,18,2,16,169.0,169,10,3,5,60.0,0,0,0.0,6,60.0,5,50.0,1,10.0,0,0.0,0,0.0,1631098,1610612764
Johnny Furphy,IND,15,4,11,150.0,198,17,4,9,44.4,2,2,100.0,11,64.7,5,29.4,1,5.8999999999999995,2,11.799999999999999,1,5.8999999999999995,1642277,1610612754
Johnny Juzang,UTA,20,5,15,341.0,470,5,1,4,25.0,0,0,0.0,2,40.0,1,20.0,0,0.0,0,0.0,0,0.0,1630548,1610612762
Jonas Valančiūnas,WAS,23,3,20,464.0,1020,149,58,93,62.4,27,30,90.0,144,96.6,26,17.4,3,2.0,8,5.4,13,8.7,202685,1610612764
Jonathan Isaac,ORL,21,14,7,355.0,487,56,29,39,74.4,7,14,50.0,68,121.39999999999999,7,12.5,0,0.0,2,3.5999999999999996,5,8.9,1628371,1610612753
Jonathan Kuminga,GSW,22,14,8,550.0,1035,48,17,32,53.1,6,8,75.0,40,83.3,11,22.900000000000002,3,6.3,0,0.0,4,8.3,1630228,1610612744
Jonathan Mogbo,TOR,26,7,19,439.0,681,116,30,49,61.199999999999996,7,14,50.0,68,58.599999999999994,48,41.4,13,11.200000000000001,6,5.2,7,6.0,1642367,1610612761
Jordan Clarkson,UTA,14,3,11,368.0,726,11,3,5,60.0,0,0,0.0,6,54.50000000000001,6,54.50000000000001,0,0.0,0,0.0,0,0.0,203903,1610612762
Jordan Hawkins,NOP,11,3,8,302.0,467,3,1,1,100.0,0,0,0.0,2,66.7,1,33.300000000000004,0,0.0,1,33.300000000000004,0,0.0,1641722,1610612740
Jordan McLaughlin,SAC,20,11,9,158.0,346,5,0,0,0.0,0,0,0.0,0,0.0,4,80.0,0,0.0,0,0.0,0,0.0,1629162,1610612758
Jordan Miller,LAC,15,7,8,243.0,381,22,11,15,73.3,0,0,0.0,22,100.0,6,27.3,1,4.5,1,4.5,0,0.0,1641757,1610612746
Jordan Poole,WAS,21,3,18,642.0,1349,12,5,9,55.60000000000001,0,0,0.0,10,83.3,1,8.3,0,0.0,1,8.3,0,0.0,1629673,1610612764
Jordan Walsh,BOS,17,14,3,154.0,169,5,1,2,50.0,0,0,0.0,2,40.0,2,40.0,1,20.0,1,20.0,0,0.0,1641775,1610612738
Jose Alvarado,NOP,11,3,8,282.0,617,3,0,1,0.0,0,0,0.0,0,0.0,2,66.7,0,0.0,0,0.0,0,0.0,1630631,1610612740
Josh Giddey,CHI,26,11,15,708.0,1838,49,16,23,69.6,3,6,50.0,35,71.39999999999999,20,40.8,4,8.200000000000001,3,6.1,3,6.1,1630581,1610612741
Josh Green,CHA,23,6,17,639.0,676,29,7,9,77.8,1,2,50.0,15,51.7,14,48.3,1,3.4000000000000004,0,0.0,0,0.0,1630182,1610612766
Josh Hart,NYK,25,15,10,924.0,1718,77,30,41,73.2,3,4,75.0,63,81.8,25,32.5,7,9.1,5,6.5,2,2.6,1628404,1610612752
Josh Minott,MIN,11,6,5,82.0,79,2,1,1,100.0,2,2,100.0,4,200.0,0,0.0,0,0.0,0,0.0,1,50.0,1631169,1610612750
Josh Okogie,PHX,14,4,10,200.0,274,25,10,12,83.3,5,7,71.39999999999999,23,92.0,5,20.0,0,0.0,3,12.0,4,16.0,1629006,1610612756
Josh Richardson,MIA,8,4,4,149.0,275,6,1,3,33.300000000000004,2,2,100.0,4,66.7,2,33.300000000000004,0,0.0,0,0.0,1,16.7,1626196,1610612748
Jrue Holiday,BOS,22,17,5,681.0,1076,50,18,26,69.19999999999999,0,0,0.0,37,74.0,21,42.0,4,8.0,2,4.0,0,0.0,201950,1610612738
Julian Champagnie,SAS,25,13,12,742.0,1099,28,14,19,73.7,2,2,100.0,30,107.1,7,25.0,0,0.0,1,3.5999999999999996,1,3.5999999999999996,1630577,1610612759
Julian Phillips,CHI,25,11,14,354.0,453,30,10,14,71.39999999999999,5,6,83.3,26,86.7,9,30.0,0,0.0,2,6.7,3,10.0,1641763,1610612741
Julian Strawther,DEN,23,13,10,483.0,642,12,7,7,100.0,5,6,83.3,19,158.29999999999998,2,16.7,1,8.3,0,0.0,3,25.0,1631124,1610612743
Julius Randle,MIN,24,13,11,796.0,1355,74,25,41,61.0,14,16,87.5,65,87.8,16,21.6,1,1.4000000000000001,3,4.1000000000000005,7,9.5,203944,1610612750
Justin Champagnie,WAS,6,1,5,141.0,209,15,6,8,75.0,1,2,50.0,13,86.7,5,33.300000000000004,0,0.0,1,6.7,1,6.7,1630551,1610612764
Justin Edwards,PHI,2,1,1,9.0,10,1,0,0,0.0,0,0,0.0,0,0.0,0,0.0,0,0.0,1,100.0,0,0.0,1642348,1610612755
Justin Minaya,POR,1,0,1,6.0,3,0,0,0,0.0,0,0,0.0,0,0.0,0,0.0,0,0.0,0,0.0,0,0.0,1631303,1610612757
Jusuf Nurkić,PHX,17,10,7,417.0,835,85,21,34,61.8,14,20,70.0,58,68.2,34,40.0,1,1.2,6,7.1,10,11.799999999999999,203994,1610612756
KJ Martin,PHI,19,6,13,359.0,469,40,22,26,84.6,5,6,83.3,49,122.50000000000001,9,22.5,1,2.5,2,5.0,2,5.0,1630231,1610612755
KJ Simpson,CHA,9,1,8,120.0,270,6,3,4,75.0,2,2,100.0,8,133.29999999999998,1,16.7,0,0.0,0,0.0,0,0.0,1642354,1610612766
Kai Jones,LAC,17,8,9,144.0,193,32,10,14,71.39999999999999,4,6,66.7,25,78.10000000000001,8,25.0,2,6.3,6,18.8,3,9.4,1630539,1610612746
Karl-Anthony Towns,NYK,23,14,9,781.0,1410,126,58,83,69.89999999999999,18,18,100.0,140,111.1,19,15.1,7,5.6000000000000005,9,7.1,9,7.1,1626157,1610612752
Karlo Matković,NOP,5,1,4,39.0,37,8,2,3,66.7,0,0,0.0,4,50.0,4,50.0,0,0.0,1,12.5,0,0.0,1631255,1610612740
Keaton Wallace,ATL,12,4,8,194.0,378,3,1,2,50.0,0,0,0.0,2,66.7,0,0.0,0,0.0,1,33.300000000000004,0,0.0,1630811,1610612737
Keegan Murray,SAC,26,13,13,944.0,1276,77,23,34,67.60000000000001,6,6,100.0,53,68.8,36,46.800000000000004,3,3.9,2,2.6,3,3.9,1631099,1610612758
Kel'el Ware,MIA,10,5,5,69.0,89,13,5,12,41.699999999999996,0,0,0.0,10,76.9,0,0.0,0,0.0,1,7.7,0,0.0,1642276,1610612748
Keldon Johnson,SAS,23,11,12,583.0,946,54,16,26,61.5,6,6,100.0,39,72.2,20,37.0,4,7.3999999999999995,2,3.6999999999999997,2,3.6999999999999997,1629640,1610612759
Kelly Olynyk,TOR,3,0,3,41.0,104,8,1,2,50.0,2,2,100.0,4,50.0,3,37.5,0,0.0,0,0.0,1,12.5,203482,1610612761
Kelly Oubre Jr.,PHI,22,7,15,691.0,946,52,22,34,64.7,6,8,75.0,52,100.0,9,17.299999999999997,1,1.9,4,7.7,4,7.7,1626162,1610612755
Kenrich Williams,OKC,14,11,3,185.0,281,28,10,12,83.3,2,2,100.0,22,78.60000000000001,13,46.400000000000006,3,10.7,0,0.0,1,3.5999999999999996,1629026,1610612760
Kentavious Caldwell-Pope,ORL,26,16,10,786.0,885,14,7,7,100.0,0,0,0.0,14,100.0,6,42.9,2,14.299999999999999,1,7.1,0,0.0,203484,1610612753
Keon Ellis,SAC,24,12,12,491.0,693,20,5,7,71.39999999999999,2,2,100.0,13,65.0,12,60.0,2,10.0,0,0.0,1,5.0,1631165,1610612758
Keon Johnson,BKN,23,10,13,396.0,579,18,5,10,50.0,2,2,100.0,13,72.2,5,27.800000000000004,1,5.6000000000000005,1,5.6000000000000005,1,5.6000000000000005,1630553,1610612751
Keshad Johnson,MIA,2,1,1,12.0,9,1,0,0,0.0,0,0,0.0,0,0.0,1,100.0,0,0.0,0,0.0,0,0.0,1642352,1610612748
Kessler Edwards,DAL,5,3,2,10.0,14,0,0,0,0.0,0,0,0.0,0,0.0,0,0.0,0,0.0,0,0.0,0,0.0,1630556,1610612742
Kevin Durant,PHX,14,12,2,498.0,882,16,8,12,66.7,2,2,100.0,18,112.5,2,12.5,0,0.0,1,6.3,1,6.3,201142,1610612756
Kevin Huerter,SAC,23,12,11,589.0,973,20,11,16,68.8,0,0,0.0,22,110.00000000000001,2,10.0,1,5.0,0,0.0,0,0.0,1628989,1610612758
Kevin Love,MIA,13,9,4,153.0,343,32,6,20,30.0,5,6,83.3,18,56.3,7,21.9,1,3.1,1,3.1,2,6.3,201567,1610612748
Kevin Porter Jr.,LAC,23,12,11,453.0,929,19,7,8,87.5,0,0,0.0,14,73.7,6,31.6,2,10.5,5,26.3,0,0.0,1629645,1610612746
Kevon Looney,GSW,22,13,9,360.0,693,105,34,58,58.599999999999994,5,18,27.800000000000004,74,70.5,34,32.4,6,5.7,3,2.9000000000000004,8,7.6,1626172,1610612744
Keyonte George,UTA,23,4,19,725.0,1891,7,3,4,75.0,0,0,0.0,6,85.7,2,28.599999999999998,1,14.299999999999999,1,14.299999999999999,0,0.0,1641718,1610612762
Khris Middleton,MIL,3,2,1,63.0,121,1,0,0,0.0,0,0,0.0,0,0.0,1,100.0,0,0.0,0,0.0,0,0.0,203114,1610612749
Klay Thompson,DAL,21,12,9,579.0,674,18,2,10,20.0,4,4,100.0,8,44.4,5,27.800000000000004,0,0.0,0,0.0,2,11.1,202691,1610612742
Kobe Brown,LAC,7,3,4,47.0,70,9,3,6,50.0,1,2,50.0,7,77.8,2,22.2,1,11.1,0,0.0,1,11.1,1641738,1610612746
Kobe Bufkin,ATL,10,6,4,124.0,267,5,0,2,0.0,0,0,0.0,0,0.0,3,60.0,0,0.0,0,0.0,0,0.0,1641723,1610612737
Kris Dunn,LAC,26,14,12,586.0,1176,25,7,10,70.0,2,2,100.0,16,64.0,13,52.0,1,4.0,1,4.0,1,4.0,1627739,1610612746
Kris Murray,POR,21,7,14,267.0,273,31,9,13,69.19999999999999,2,4,50.0,20,64.5,13,41.9,2,6.5,3,9.700000000000001,2,6.5,1631200,1610612757
Kristaps Porziņģis,BOS,6,4,2,173.0,252,35,16,24,66.7,7,8,87.5,39,111.4,6,17.1,0,0.0,0,0.0,4,11.4,204001,1610612738
Kyle Anderson,GSW,23,13,10,327.0,716,26,7,13,53.800000000000004,5,8,62.5,19,73.1,6,23.1,1,3.8,1,3.8,3,11.5,203937,1610612744
Kyle Filipowski,UTA,16,3,13,291.0,418,40,16,23,69.6,5,8,62.5,38,95.0,12,30.0,2,5.0,0,0.0,4,10.0,1642271,1610612762
Kyle Kuzma,WAS,12,1,11,330.0,504,21,8,12,66.7,1,2,50.0,17,81.0,6,28.599999999999998,1,4.8,2,9.5,1,4.8,1628398,1610612764
Kyle Lowry,PHI,16,5,11,350.0,729,7,1,1,100.0,2,2,100.0,4,57.099999999999994,2,28.599999999999998,0,0.0,3,42.9,1,14.299999999999999,200768,1610612755
Kyrie Irving,DAL,23,15,8,813.0,1563,46,17,25,68.0,2,2,100.0,38,82.6,17,37.0,4,8.7,1,2.1999999999999997,1,2.1999999999999997,202681,1610612742
Kyshawn George,WAS,19,2,17,497.0,824,17,6,8,75.0,2,4,50.0,14,82.39999999999999,7,41.199999999999996,0,0.0,0,0.0,2,11.799999999999999,1642273,1610612764
LaMelo Ball,CHA,18,6,12,614.0,1674,15,5,9,55.60000000000001,1,2,50.0,11,73.3,5,33.300000000000004,2,13.3,0,0.0,1,6.7,1630163,1610612766
Larry Nance Jr.,ATL,10,3,7,165.0,203,32,10,14,71.39999999999999,3,4,75.0,23,71.89999999999999,13,40.6,3,9.4,1,3.1,1,3.1,1626204,1610612737
Lauri Markkanen,UTA,19,3,16,606.0,941,54,22,37,59.5,8,8,100.0,54,100.0,8,14.799999999999999,1,1.9,4,7.3999999999999995,4,7.3999999999999995,1628374,1610612762
LeBron James,LAL,23,12,11,806.0,1957,64,30,40,75.0,5,6,83.3,67,104.69999999999999,14,21.9,3,4.7,2,3.1,3,4.7,2544,1610612747
Lester Quinones,PHI,4,1,3,17.0,27,4,3,3,100.0,0,0,0.0,7,175.0,1,25.0,0,0.0,0,0.0,0,0.0,1631311,1610612755
Liam Robbins,MIL,5,2,3,20.0,14,4,2,2,100.0,1,2,50.0,5,125.0,1,25.0,0,0.0,0,0.0,1,25.0,1641857,1610612749
Lindy Waters III,GSW,20,11,9,356.0,545,10,3,5,60.0,2,2,100.0,8,80.0,4,40.0,0,0.0,0,0.0,1,10.0,1630322,1610612744
Lonzo Ball,CHI,9,3,6,153.0,320,3,0,0,0.0,0,0,0.0,0,0.0,3,100.0,1,33.300000000000004,0,0.0,0,0.0,1628366,1610612741
Luguentz Dort,OKC,24,19,5,705.0,734,47,10,17,58.8,6,8,75.0,31,66.0,25,53.2,2,4.3,1,2.1,4,8.5,1629652,1610612760
Luka Dončić,DAL,19,11,8,701.0,1577,23,12,16,75.0,1,2,50.0,26,112.99999999999999,3,13.0,1,4.3,2,8.7,1,4.3,1629029,1610612742
Luka Garza,MIN,7,6,1,33.0,76,13,6,8,75.0,0,2,0.0,13,100.0,2,15.4,0,0.0,2,15.4,1,7.7,1630568,1610612750
Luke Kennard,MEM,14,10,4,276.0,452,12,1,2,50.0,2,2,100.0,4,33.300000000000004,9,75.0,2,16.7,0,0.0,0,0.0,1628379,1610612763
Luke Kornet,BOS,19,14,5,320.0,330,104,33,49,67.30000000000001,19,22,86.4,88,84.6,40,38.5,11,10.6,3,2.9000000000000004,11,10.6,1628436,1610612738
Luke Travers,CLE,6,5,1,42.0,55,4,3,3,100.0,0,0,0.0,6,150.0,1,25.0,0,0.0,0,0.0,0,0.0,1631247,1610612739
Mac McClung,ORL,1,0,1,5.0,10,0,0,0,0.0,0,0,0.0,0,0.0,0,0.0,0,0.0,0,0.0,0,0.0,1630644,1610612753
Malaki Branham,SAS,19,9,10,248.0,397,10,5,7,71.39999999999999,0,0,0.0,10,100.0,1,10.0,0,0.0,2,20.0,0,0.0,1631103,1610612759
Malcolm Brogdon,WAS,9,0,9,214.0,461,14,4,7,57.099999999999994,0,0,0.0,8,57.099999999999994,5,35.699999999999996,0,0.0,2,14.299999999999999,0,0.0,1627763,1610612764
Malevy Leons,OKC,6,6,0,21.0,26,3,0,1,0.0,1,2,50.0,1,33.300000000000004,1,33.300000000000004,0,0.0,0,0.0,1,33.300000000000004,1642502,1610612760
Malik Beasley,DET,26,10,16,727.0,1002,10,5,7,71.39999999999999,0,0,0.0,11,110.00000000000001,2,20.0,0,0.0,0,0.0,0,0.0,1627736,1610612765
Malik Monk,SAC,19,11,8,545.0,1061,9,3,6,50.0,0,0,0.0,6,66.7,2,22.2,0,0.0,0,0.0,0,0.0,1628370,1610612758
MarJon Beauchamp,MIL,11,6,5,35.0,56,1,0,0,0.0,0,0,0.0,0,0.0,1,100.0,1,100.0,0,0.0,0,0.0,1630699,1610612749
Marcus Sasser,DET,17,5,12,227.0,438,4,1,1,100.0,0,0,0.0,2,50.0,3,75.0,1,25.0,0,0.0,0,0.0,1631204,1610612765
Marcus Smart,MEM,16,10,6,344.0,622,15,2,5,40.0,2,2,100.0,6,40.0,7,46.7,4,26.700000000000003,2,13.3,1,6.7,203935,1610612763
Mark Williams,CHA,4,0,4,47.0,80,19,13,13,100.0,5,6,83.3,31,163.2,2,10.5,0,0.0,0,0.0,3,15.8,1631109,1610612766
Markieff Morris,DAL,3,3,0,18.0,30,0,0,0,0.0,0,0,0.0,0,0.0,0,0.0,0,0.0,0,0.0,0,0.0,202693,1610612742
Marvin Bagley III,WAS,17,3,14,139.0,217,33,20,27,74.1,4,4,100.0,45,136.4,2,6.1,0,0.0,2,6.1,2,6.1,1628963,1610612764
Mason Jones,SAC,3,2,1,13.0,29,0,0,0,0.0,0,0,0.0,0,0.0,0,0.0,0,0.0,0,0.0,0,0.0,1630222,1610612758
Mason Plumlee,PHX,23,13,10,408.0,620,94,27,44,61.4,8,16,50.0,62,66.0,33,35.099999999999994,6,6.4,4,4.3,6,6.4,203486,1610612756
Matas Buzelis,CHI,25,11,14,324.0,391,22,9,17,52.900000000000006,0,0,0.0,18,81.8,3,13.600000000000001,0,0.0,2,9.1,0,0.0,1641824,1610612741
Matt Ryan,NYK,8,7,1,41.0,54,1,0,0,0.0,0,0,0.0,0,0.0,1,100.0,0,0.0,0,0.0,0,0.0,1630346,1610612752
Max Christie,LAL,24,12,12,479.0,570,24,9,12,75.0,6,8,75.0,25,104.2,6,25.0,0,0.0,2,8.3,4,16.7,1631108,1610612747
Maxi Kleber,DAL,14,11,3,238.0,249,11,3,6,50.0,0,0,0.0,6,54.50000000000001,3,27.3,0,0.0,1,9.1,0,0.0,1628467,1610612742
Maxwell Lewis,LAL,7,4,3,29.0,30,1,1,1,100.0,0,0,0.0,2,200.0,0,0.0,0,0.0,0,0.0,0,0.0,1641721,1610612747
Micah Potter,UTA,5,1,4,101.0,141,8,1,2,50.0,0,0,0.0,2,25.0,4,50.0,2,25.0,2,25.0,0,0.0,1630695,1610612762
Michael Porter Jr.,DEN,23,13,10,813.0,1230,89,45,67,67.2,9,14,64.3,101,113.5,9,10.100000000000001,2,2.1999999999999997,4,4.5,6,6.7,1629008,1610612743
Mikal Bridges,NYK,25,15,10,958.0,1270,81,42,53,79.2,2,4,50.0,86,106.2,17,21.0,4,4.9,6,7.3999999999999995,2,2.5,1628969,1610612752
Mike Conley,MIN,20,13,7,513.0,1107,3,0,0,0.0,0,0,0.0,0,0.0,3,100.0,0,0.0,0,0.0,0,0.0,201144,1610612750
Miles Bridges,CHA,12,4,8,356.0,616,28,13,19,68.4,3,4,75.0,29,103.60000000000001,6,21.4,1,3.5999999999999996,1,3.5999999999999996,2,7.1,1628970,1610612766
Miles McBride,NYK,20,11,9,508.0,778,20,3,8,37.5,0,0,0.0,6,30.0,11,55.00000000000001,6,30.0,0,0.0,0,0.0,1630540,1610612752
Mo Bamba,LAC,11,8,3,146.0,214,22,10,16,62.5,1,2,50.0,23,104.5,3,13.600000000000001,1,4.5,2,9.1,1,4.5,1628964,1610612746
Monté Morris,PHX,19,10,9,229.0,483,1,0,0,0.0,0,0,0.0,0,0.0,1,100.0,0,0.0,0,0.0,0,0.0,1628420,1610612756
Moritz Wagner,ORL,27,17,10,518.0,878,136,52,76,68.4,19,24,79.2,128,94.1,33,24.3,6,4.3999999999999995,13,9.6,12,8.799999999999999,1629021,1610612753
Moses Brown,IND,9,3,6,46.0,70,24,12,18,66.7,0,0,0.0,24,100.0,4,16.7,0,0.0,1,4.2,0,0.0,1629650,1610612754
Moses Moody,GSW,23,14,9,358.0,465,20,7,10,70.0,2,2,100.0,17,85.0,7,35.0,0,0.0,2,10.0,1,5.0,1630541,1610612744
Mouhamed Gueye,ATL,2,0,2,11.0,16,1,0,1,0.0,0,0,0.0,0,0.0,0,0.0,0,0.0,0,0.0,0,0.0,1631243,1610612737
Moussa Diabate,CHA,23,6,17,448.0,426,130,24,43,55.800000000000004,2,6,33.300000000000004,51,39.2,70,53.800000000000004,8,6.2,9,6.9,3,2.3,1631217,1610612766
Myles Turner,IND,23,9,14,734.0,1020,128,49,79,62.0,15,26,57.699999999999996,117,91.4,20,15.6,1,0.8,9,7.000000000000001,13,10.2,1626167,1610612754
Naji Marshall,DAL,21,12,9,511.0,869,34,13,20,65.0,1,2,50.0,27,79.4,13,38.2,1,2.9000000000000004,0,0.0,1,2.9000000000000004,1630230,1610612742
Nate Williams,HOU,3,3,0,10.0,15,1,0,0,0.0,0,0,0.0,0,0.0,1,100.0,0,0.0,0,0.0,0,0.0,1631466,1610612745
Naz Reid,MIN,24,13,11,594.0,913,39,22,28,78.60000000000001,4,4,100.0,49,125.6,5,12.8,1,2.6,3,7.7,2,5.1,1629675,1610612750
Neemias Queta,BOS,21,17,4,375.0,358,114,46,69,66.7,16,20,80.0,108,94.69999999999999,29,25.4,4,3.5000000000000004,4,3.5000000000000004,10,8.799999999999999,1629674,1610612738
Nic Claxton,BKN,19,6,13,483.0,828,149,59,84,70.19999999999999,4,10,40.0,124,83.2,47,31.5,6,4.0,6,4.0,5,3.4000000000000004,1629651,1610612751
Nick Richards,CHA,10,3,7,256.0,302,74,25,41,61.0,23,32,71.89999999999999,76,102.69999999999999,8,10.8,2,2.7,7,9.5,16,21.6,1630208,1610612766
Nick Smith Jr.,CHA,13,2,11,121.0,224,2,1,1,100.0,0,0,0.0,2,100.0,1,50.0,0,0.0,0,0.0,0,0.0,1641733,1610612766
Nickeil Alexander-Walker,MIN,24,13,11,571.0,1053,15,7,9,77.8,1,2,50.0,15,100.0,5,33.300000000000004,2,13.3,0,0.0,1,6.7,1629638,1610612750
Nicolas Batum,LAC,26,14,12,472.0,653,23,3,8,37.5,4,6,66.7,10,43.5,10,43.5,6,26.1,1,4.3,3,13.0,201587,1610612746
Nikola Jokić,DEN,20,12,8,744.0,2246,226,92,143,64.3,28,38,73.7,216,95.6,47,20.8,15,6.6000000000000005,11,4.9,17,7.5,203999,1610612743
Nikola Jović,MIA,15,8,7,279.0,447,27,9,11,81.8,6,6,100.0,25,92.60000000000001,10,37.0,1,3.6999999999999997,1,3.6999999999999997,3,11.1,1631107,1610612748
Nikola Vučević,CHI,25,10,15,793.0,1602,174,69,103,67.0,20,26,76.9,166,95.39999999999999,33,19.0,5,2.9000000000000004,17,9.8,13,7.5,202696,1610612741
Noah Clowney,BKN,16,6,10,266.0,413,29,9,17,52.900000000000006,2,2,100.0,20,69.0,8,27.6,1,3.4000000000000004,1,3.4000000000000004,1,3.4000000000000004,1641730,1610612751
Norman Powell,LAC,19,10,9,616.0,861,14,4,9,44.4,0,0,0.0,8,57.099999999999994,4,28.599999999999998,1,7.1,1,7.1,0,0.0,1626181,1610612746
OG Anunoby,NYK,25,15,10,920.0,1095,94,51,67,76.1,8,10,80.0,111,118.10000000000001,12,12.8,3,3.2,4,4.3,5,5.3,1628384,1610612752
Obi Toppin,IND,24,9,15,483.0,811,77,34,45,75.6,7,10,70.0,75,97.39999999999999,16,20.8,7,9.1,7,9.1,4,5.2,1630167,1610612754
Ochai Agbaji,TOR,26,7,19,801.0,1022,72,28,40,70.0,3,4,75.0,60,83.3,25,34.699999999999996,4,5.6000000000000005,3,4.2,2,2.8000000000000003,1630534,1610612761
Olivier-Maxence Prosper,DAL,15,11,4,97.0,130,9,3,6,50.0,1,2,50.0,8,88.9,2,22.2,0,0.0,0,0.0,1,11.1,1641765,1610612742
Onyeka Okongwu,ATL,24,13,11,574.0,696,169,78,113,69.0,21,30,70.0,180,106.5,30,17.8,5,3.0,7,4.1000000000000005,10,5.8999999999999995,1630168,1610612737
Orlando Robinson,SAC,6,4,2,45.0,81,10,2,4,50.0,3,6,50.0,7,70.0,1,10.0,0,0.0,1,10.0,3,30.0,1631115,1610612758
Oscar Tshiebwe,UTA,1,0,1,16.0,24,7,0,0,0.0,3,4,75.0,3,42.9,4,57.099999999999994,0,0.0,1,14.299999999999999,2,28.599999999999998,1631131,1610612762
Oso Ighodaro,PHX,19,8,11,326.0,448,54,18,26,69.19999999999999,3,4,75.0,41,75.9,22,40.699999999999996,2,3.6999999999999997,1,1.9,1,1.9,1642345,1610612756
Ousmane Dieng,OKC,16,12,4,186.0,305,17,1,5,20.0,1,2,50.0,3,17.599999999999998,10,58.8,2,11.799999999999999,0,0.0,1,5.8999999999999995,1631172,1610612760
P.J. Washington,DAL,19,15,4,619.0,947,41,20,26,76.9,7,8,87.5,47,114.6,8,19.5,2,4.9,3,7.3,4,9.8,1629023,1610612742
PJ Dozier,MIN,7,6,1,30.0,61,2,0,0,0.0,0,0,0.0,0,0.0,2,100.0,1,50.0,0,0.0,0,0.0,1628408,1610612750
PJ Hall,DEN,5,3,2,11.0,19,3,2,3,66.7,0,0,0.0,4,133.29999999999998,0,0.0,0,0.0,0,0.0,0,0.0,1641790,1610612743
Pacôme Dadiet,NYK,11,9,2,77.0,94,2,0,1,0.0,0,0,0.0,0,0.0,1,50.0,1,50.0,0,0.0,0,0.0,1642359,1610612752
Paolo Banchero,ORL,5,3,2,182.0,395,19,7,11,63.6,6,10,60.0,20,105.3,2,10.5,0,0.0,0,0.0,5,26.3,1631094,1610612753
Pascal Siakam,IND,25,10,15,861.0,1341,117,41,62,66.10000000000001,9,16,56.3,95,81.2,38,32.5,10,8.5,1,0.8999999999999999,8,6.800000000000001,1627783,1610612754
Pat Connaughton,MIL,15,5,10,256.0,453,20,5,9,55.60000000000001,0,0,0.0,10,50.0,11,55.00000000000001,4,20.0,0,0.0,0,0.0,1626192,1610612749
Pat Spencer,GSW,8,4,4,44.0,117,3,0,1,0.0,0,0,0.0,0,0.0,2,66.7,0,0.0,0,0.0,0,0.0,1630311,1610612744
Patrick Baldwin Jr.,WAS,11,1,10,56.0,76,4,0,3,0.0,1,2,50.0,1,25.0,0,0.0,0,0.0,0,0.0,1,25.0,1631116,1610612764
Patrick Williams,CHI,16,7,9,447.0,693,26,5,14,35.699999999999996,2,2,100.0,12,46.2,10,38.5,2,7.7,1,3.8,1,3.8,1630172,1610612741
Patty Mills,UTA,9,2,7,138.0,296,1,1,1,100.0,0,0,0.0,2,200.0,0,0.0,0,0.0,0,0.0,0,0.0,201988,1610612762
Paul George,PHI,12,5,7,367.0,754,13,4,8,50.0,0,0,0.0,9,69.19999999999999,3,23.1,3,23.1,2,15.4,0,0.0,202331,1610612755
Paul Reed,DET,12,2,10,125.0,178,22,9,11,81.8,1,1,100.0,17,77.3,8,36.4,1,4.5,1,4.5,1,4.5,1630194,1610612765
Payton Pritchard,BOS,25,20,5,709.0,1261,31,7,12,58.3,2,2,100.0,17,54.800000000000004,17,54.800000000000004,4,12.9,1,3.2,1,3.2,1630202,1610612738
Pelle Larsson,MIA,15,7,8,245.0,301,21,9,13,69.19999999999999,3,4,75.0,21,100.0,4,19.0,0,0.0,2,9.5,2,9.5,1641796,1610612748
Peyton Watson,DEN,23,13,10,573.0,718,54,18,30,60.0,11,12,91.7,47,87.0,17,31.5,5,9.3,1,1.9,6,11.1,1631212,1610612743
Precious Achiuwa,NYK,4,2,2,75.0,96,13,3,7,42.9,0,0,0.0,6,46.2,4,30.8,1,7.7,2,15.4,0,0.0,1630173,1610612752
Quentin Grimes,DAL,23,15,8,469.0,656,11,2,5,40.0,0,0,0.0,4,36.4,4,36.4,0,0.0,1,9.1,0,0.0,1629656,1610612742
Quenton Jackson,IND,14,5,9,240.0,405,17,6,9,66.7,0,0,0.0,12,70.6,6,35.3,2,11.799999999999999,2,11.799999999999999,0,0.0,1631245,1610612754
Quincy Olivari,LAL,1,1,0,8.0,16,0,0,0,0.0,0,0,0.0,0,0.0,0,0.0,0,0.0,0,0.0,0,0.0,1642439,1610612747
RJ Barrett,TOR,23,6,17,787.0,1836,53,27,40,67.5,11,12,91.7,65,122.6,3,5.7,1,1.9,2,3.8,6,11.3,1629628,1610612761
Rayan Rupert,POR,21,7,14,223.0,326,12,5,5,100.0,0,0,0.0,10,83.3,6,50.0,1,8.3,1,8.3,0,0.0,1641712,1610612757
Reece Beekman,GSW,2,2,0,4.0,10,0,0,0,0.0,0,0,0.0,0,0.0,0,0.0,0,0.0,0,0.0,0,0.0,1641736,1610612744
Reed Sheppard,HOU,24,16,8,282.0,465,5,1,2,50.0,0,0,0.0,2,40.0,3,60.0,1,20.0,0,0.0,0,0.0,1642263,1610612745
Reggie Jackson,PHI,10,1,9,119.0,272,3,1,1,100.0,0,0,0.0,2,66.7,1,33.300000000000004,0,0.0,1,33.300000000000004,0,0.0,202704,1610612755
Richaun Holmes,WAS,3,0,3,20.0,34,9,4,6,66.7,2,2,100.0,10,111.1,1,11.1,0,0.0,1,11.1,1,11.1,1626158,1610612764
Ricky Council IV,PHI,17,3,14,200.0,254,10,6,9,66.7,0,0,0.0,12,120.0,1,10.0,1,10.0,0,0.0,0,0.0,1641741,1610612755
Riley Minix,SAS,1,0,1,7.0,8,0,0,0,0.0,0,0,0.0,0,0.0,0,0.0,0,0.0,0,0.0,0,0.0,1642434,1610612759
Rob Dillingham,MIN,12,6,6,100.0,204,0,0,0,0.0,0,0,0.0,0,0.0,0,0.0,0,0.0,0,0.0,0,0.0,1642265,1610612750
Robert Williams III,POR,7,2,5,131.0,213,49,25,34,73.5,6,6,100.0,58,118.39999999999999,9,18.4,2,4.1000000000000005,2,4.1000000000000005,3,6.1,1629057,1610612757
Ronald Holland II,DET,26,10,16,418.0,578,17,6,10,60.0,0,0,0.0,12,70.6,4,23.5,0,0.0,3,17.599999999999998,0,0.0,1641842,1610612765
Royce O'Neale,PHX,24,13,11,623.0,1203,29,11,17,64.7,2,2,100.0,24,82.8,11,37.9,3,10.299999999999999,0,0.0,1,3.4000000000000004,1626220,1610612756
Rudy Gobert,MIN,24,13,11,826.0,1095,209,75,106,70.8,42,58,72.39999999999999,194,92.80000000000001,47,22.5,11,5.3,15,7.199999999999999,29,13.900000000000002,203497,1610612750
Rui Hachimura,LAL,20,10,10,656.0,742,61,25,37,67.60000000000001,6,6,100.0,58,95.1,19,31.1,4,6.6000000000000005,1,1.6,3,4.9,1629060,1610612747
Russell Westbrook,DEN,23,13,10,570.0,1301,40,12,17,70.6,12,22,54.50000000000001,37,92.5,10,25.0,4,10.0,2,5.0,10,25.0,201566,1610612743
Ryan Dunn,PHX,20,12,8,352.0,405,22,8,13,61.5,0,0,0.0,16,72.7,7,31.8,1,4.5,2,9.1,0,0.0,1642346,1610612756
Ryan Rollins,MIL,11,4,7,72.0,143,3,1,1,100.0,0,0,0.0,2,66.7,2,66.7,0,0.0,0,0.0,0,0.0,1631157,1610612749
Sam Hauser,BOS,20,15,5,443.0,495,18,4,7,57.099999999999994,0,0,0.0,8,44.4,9,50.0,2,11.1,1,5.6000000000000005,0,0.0,1630573,1610612738
Sam Merrill,CLE,22,18,4,441.0,506,10,2,3,66.7,2,2,100.0,6,60.0,6,60.0,2,20.0,0,0.0,1,10.0,1630241,1610612739
Sandro Mamukelashvili,SAS,18,8,10,173.0,274,21,7,10,70.0,1,2,50.0,16,76.2,8,38.1,0,0.0,1,4.8,1,4.8,1630572,1610612759
Santi Aldama,MEM,26,18,8,697.0,1330,77,41,56,73.2,4,4,100.0,87,112.99999999999999,19,24.7,3,3.9,0,0.0,1,1.3,1630583,1610612763
Scoot Henderson,POR,18,6,12,468.0,1096,16,4,7,57.099999999999994,0,0,0.0,8,50.0,8,50.0,1,6.3,1,6.3,0,0.0,1630703,1610612757
Scottie Barnes,TOR,14,5,9,465.0,1219,57,19,23,82.6,13,16,81.3,51,89.5,18,31.6,5,8.799999999999999,7,12.3,8,14.000000000000002,1630567,1610612761
Scotty Pippen Jr.,MEM,26,18,8,598.0,1394,32,7,17,41.199999999999996,2,4,50.0,16,50.0,10,31.3,2,6.3,0,0.0,2,6.3,1630590,1610612763
Seth Curry,CHA,24,7,17,289.0,339,5,1,1,100.0,0,0,0.0,2,40.0,3,60.0,1,20.0,1,20.0,0,0.0,203552,1610612766
Shaedon Sharpe,POR,17,5,12,522.0,786,16,7,11,63.6,2,2,100.0,17,106.3,2,12.5,0,0.0,0,0.0,0,0.0,1631101,1610612757
Shai Gilgeous-Alexander,OKC,24,19,5,823.0,1689,16,6,11,54.50000000000001,2,2,100.0,14,87.5,4,25.0,1,6.3,0,0.0,1,6.3,1628983,1610612760
Shake Milton,BKN,21,8,13,343.0,611,8,3,4,75.0,3,4,75.0,9,112.5,0,0.0,0,0.0,1,12.5,2,25.0,1629003,1610612751
Sidy Cissoko,SAS,10,4,6,30.0,38,2,1,1,100.0,0,0,0.0,2,100.0,1,50.0,0,0.0,0,0.0,0,0.0,1631321,1610612759
Simone Fontecchio,DET,24,9,15,432.0,631,15,2,8,25.0,4,6,66.7,8,53.300000000000004,4,26.700000000000003,0,0.0,0,0.0,3,20.0,1631323,1610612765
Spencer Dinwiddie,DAL,23,15,8,492.0,779,3,2,2,100.0,0,0,0.0,4,133.29999999999998,1,33.300000000000004,1,33.300000000000004,0,0.0,0,0.0,203915,1610612742
Spencer Jones,DEN,2,2,0,4.0,7,0,0,0,0.0,0,0,0.0,0,0.0,0,0.0,0,0.0,0,0.0,0,0.0,1642461,1610612743
Stanley Umude,MIL,6,4,2,17.0,18,0,0,0,0.0,0,0,0.0,0,0.0,0,0.0,0,0.0,0,0.0,0,0.0,1630649,1610612749
Stephen Curry,GSW,19,10,9,583.0,1204,21,9,14,64.3,6,6,100.0,24,114.3,2,9.5,1,4.8,1,4.8,3,14.299999999999999,201939,1610612744
Stephon Castle,SAS,24,12,12,658.0,1310,38,14,21,66.7,4,4,100.0,32,84.2,12,31.6,7,18.4,2,5.3,2,5.3,1642264,1610612759
Steven Adams,HOU,13,9,4,144.0,223,37,9,18,50.0,6,8,75.0,24,64.9,7,18.9,3,8.1,4,10.8,4,10.8,203500,1610612745
Svi Mykhailiuk,UTA,6,1,5,81.0,118,0,0,0,0.0,0,0,0.0,0,0.0,0,0.0,0,0.0,0,0.0,0,0.0,1629004,1610612762
T.J. McConnell,IND,24,10,14,480.0,1314,24,10,13,76.9,0,0,0.0,20,83.3,10,41.699999999999996,1,4.2,1,4.2,0,0.0,204456,1610612754
Taj Gibson,CHA,14,4,10,151.0,154,37,9,17,52.900000000000006,2,4,50.0,20,54.1,13,35.099999999999994,0,0.0,3,8.1,2,5.4,201959,1610612766
Talen Horton-Tucker,CHI,20,5,15,220.0,375,8,2,4,50.0,1,2,50.0,5,62.5,2,25.0,0,0.0,1,12.5,1,12.5,1629659,1610612741
Tari Eason,HOU,23,16,7,529.0,743,67,23,39,59.0,3,4,75.0,49,73.1,20,29.9,3,4.5,2,3.0,2,3.0,1631106,1610612745
Taurean Prince,MIL,24,13,11,644.0,730,15,5,10,50.0,0,0,0.0,10,66.7,2,13.3,0,0.0,3,20.0,0,0.0,1627752,1610612749
Taylor Hendricks,UTA,3,0,3,75.0,74,4,0,1,0.0,1,2,50.0,1,25.0,2,50.0,0,0.0,0,0.0,1,25.0,1641707,1610612762
Taze Moore,POR,2,0,2,20.0,60,3,1,1,100.0,0,0,0.0,2,66.7,2,66.7,0,0.0,0,0.0,0,0.0,1631386,1610612757
Terance Mann,LAC,23,14,9,484.0,709,46,11,20,55.00000000000001,2,2,100.0,24,52.2,21,45.7,6,13.0,2,4.3,1,2.1999999999999997,1629611,1610612746
Terrence Shannon Jr.,MIN,7,6,1,30.0,30,0,0,0,0.0,0,0,0.0,0,0.0,0,0.0,0,0.0,0,0.0,0,0.0,1630545,1610612750
Terry Rozier,MIA,21,11,10,597.0,1125,13,3,7,42.9,2,2,100.0,8,61.5,4,30.8,0,0.0,1,7.7,1,7.7,1626179,1610612748
Thomas Bryant,MIA,10,5,5,115.0,168,17,5,8,62.5,6,6,100.0,16,94.1,5,29.4,0,0.0,0,0.0,3,17.599999999999998,1628418,1610612748
Tidjane Salaün,CHA,21,5,16,399.0,590,25,7,13,53.800000000000004,0,2,0.0,14,56.00000000000001,7,28.000000000000004,2,8.0,4,16.0,1,4.0,1642275,1610612766
Tim Hardaway Jr.,DET,23,8,15,627.0,673,8,3,5,60.0,0,0,0.0,6,75.0,1,12.5,1,12.5,0,0.0,0,0.0,203501,1610612765
Tobias Harris,DET,25,10,15,807.0,1157,54,22,32,68.8,7,10,70.0,53,98.1,11,20.4,2,3.6999999999999997,3,5.6000000000000005,4,7.3999999999999995,202699,1610612765
Torrey Craig,CHI,6,1,5,67.0,92,4,2,2,100.0,0,0,0.0,4,100.0,2,50.0,0,0.0,0,0.0,0,0.0,1628470,1610612741
Toumani Camara,POR,25,8,17,758.0,933,66,17,34,50.0,4,6,66.7,39,59.099999999999994,26,39.4,3,4.5,2,3.0,3,4.5,1641739,1610612757
Trae Young,ATL,25,13,12,900.0,2362,13,3,5,60.0,4,4,100.0,10,76.9,5,38.5,1,7.7,1,7.7,2,15.4,1629027,1610612737
Trayce Jackson-Davis,GSW,23,13,10,388.0,784,110,38,65,58.5,15,20,75.0,90,81.8,23,20.9,6,5.5,6,5.5,11,10.0,1631218,1610612744
Tre Jones,SAS,8,5,3,140.0,319,5,2,2,100.0,0,0,0.0,4,80.0,3,60.0,0,0.0,0,0.0,0,0.0,1630200,1610612759
Tre Mann,CHA,13,6,7,319.0,656,7,4,6,66.7,2,2,100.0,10,142.9,0,0.0,0,0.0,0,0.0,0,0.0,1630544,1610612766
Trendon Watford,BKN,12,5,7,199.0,469,13,6,9,66.7,0,0,0.0,12,92.30000000000001,3,23.1,0,0.0,1,7.7,0,0.0,1630570,1610612751
Trentyn Flowers,LAC,1,0,1,14.0,18,2,1,2,50.0,0,0,0.0,2,100.0,0,0.0,0,0.0,0,0.0,0,0.0,1642280,1610612746
Trevelin Queen,ORL,2,1,1,5.0,4,1,0,1,0.0,0,0,0.0,0,0.0,0,0.0,0,0.0,0,0.0,0,0.0,1630243,1610612753
Trey Alexander,DEN,9,5,4,44.0,68,0,0,0,0.0,0,0,0.0,0,0.0,0,0.0,0,0.0,0,0.0,0,0.0,1641725,1610612743
Trey Jemison III,NOP,15,1,14,152.0,212,30,6,13,46.2,6,10,60.0,18,60.0,7,23.3,0,0.0,3,10.0,5,16.7,1641998,1610612740
Trey Lyles,SAC,18,8,10,353.0,516,33,6,14,42.9,4,4,100.0,16,48.5,14,42.4,5,15.2,3,9.1,2,6.1,1626168,1610612758
Trey Murphy III,NOP,13,2,11,438.0,676,18,7,11,63.6,4,4,100.0,18,100.0,3,16.7,1,5.6000000000000005,1,5.6000000000000005,2,11.1,1630530,1610612740
Tristan Thompson,CLE,9,9,0,69.0,120,16,8,10,80.0,0,4,0.0,16,100.0,4,25.0,1,6.3,0,0.0,2,12.5,202684,1610612739
Tristan da Silva,ORL,23,15,8,523.0,631,44,15,26,57.699999999999996,8,10,80.0,39,88.6,10,22.7,3,6.800000000000001,2,4.5,5,11.4,1641783,1610612753
Tristen Newton,IND,5,0,5,8.0,27,1,0,0,0.0,0,0,0.0,0,0.0,1,100.0,0,0.0,0,0.0,0,0.0,1641803,1610612754
Ty Jerome,CLE,25,21,4,451.0,901,13,0,3,0.0,0,0,0.0,0,0.0,8,61.5,2,15.4,2,15.4,0,0.0,1629660,1610612739
TyTy Washington Jr.,PHX,3,0,3,27.0,51,0,0,0,0.0,0,0,0.0,0,0.0,0,0.0,0,0.0,0,0.0,0,0.0,1631102,1610612756
Tyler Herro,MIA,23,13,10,797.0,1556,13,4,6,66.7,4,4,100.0,12,92.30000000000001,3,23.1,1,7.7,2,15.4,2,15.4,1629639,1610612748
Tyler Kolek,NYK,16,10,6,110.0,224,3,0,1,0.0,0,0,0.0,0,0.0,2,66.7,0,0.0,0,0.0,0,0.0,1642278,1610612752
Tyler Smith,MIL,10,5,5,34.0,56,4,4,4,100.0,0,0,0.0,8,200.0,0,0.0,0,0.0,0,0.0,0,0.0,1641890,1610612749
Tyrese Haliburton,IND,25,10,15,884.0,2430,13,2,6,33.300000000000004,0,0,0.0,5,38.5,5,38.5,0,0.0,1,7.7,0,0.0,1630169,1610612754
Tyrese Martin,BKN,9,3,6,132.0,200,6,3,4,75.0,0,0,0.0,6,100.0,1,16.7,0,0.0,0,0.0,0,0.0,1631213,1610612751
Tyrese Maxey,PHI,16,6,10,587.0,1406,2,2,2,100.0,0,0,0.0,4,200.0,0,0.0,0,0.0,0,0.0,0,0.0,1630178,1610612755
Tyus Jones,PHX,24,13,11,774.0,1714,11,3,4,75.0,0,0,0.0,6,54.50000000000001,6,54.50000000000001,0,0.0,1,9.1,0,0.0,1626145,1610612756
Ulrich Chomche,TOR,1,0,1,5.0,5,1,1,1,100.0,0,0,0.0,2,200.0,0,0.0,0,0.0,0,0.0,0,0.0,1642279,1610612761
Vasilije Micić,CHA,14,2,12,308.0,727,12,0,1,0.0,0,0,0.0,0,0.0,11,91.7,1,8.3,0,0.0,0,0.0,203995,1610612766
Victor Wembanyama,SAS,20,11,9,645.0,1220,147,53,70,75.7,16,18,88.9,125,85.0,46,31.3,9,6.1,11,7.5,9,6.1,1641705,1610612759
Vince Williams Jr.,MEM,3,1,2,45.0,107,6,5,6,83.3,0,0,0.0,10,166.70000000000002,0,0.0,0,0.0,0,0.0,0,0.0,1631246,1610612763
Vlatko Čančar,DEN,4,1,3,34.0,54,6,0,2,0.0,0,0,0.0,0,0.0,3,50.0,0,0.0,1,16.7,0,0.0,1628427,1610612743
Vít Krejčí,ATL,12,6,6,140.0,251,12,3,8,37.5,0,0,0.0,6,50.0,2,16.7,1,8.3,2,16.7,0,0.0,1630249,1610612737
Walker Kessler,UTA,18,4,14,528.0,677,179,72,96,75.0,19,34,55.900000000000006,169,94.39999999999999,44,24.6,12,6.7,12,6.7,14,7.8,1631117,1610612762
Wendell Carter Jr.,ORL,14,8,6,362.0,461,69,21,29,72.39999999999999,18,24,75.0,60,87.0,20,28.999999999999996,7,10.100000000000001,7,10.100000000000001,10,14.499999999999998,1628976,1610612753
Wendell Moore Jr.,DET,12,3,9,171.0,223,14,4,7,57.099999999999994,2,2,100.0,11,78.60000000000001,5,35.699999999999996,2,14.299999999999999,1,7.1,1,7.1,1631111,1610612765
Xavier Tillman,BOS,16,15,1,144.0,165,14,2,5,40.0,1,2,50.0,5,35.699999999999996,8,57.099999999999994,3,21.4,0,0.0,1,7.1,1630214,1610612738
Yuki Kawamura,MEM,14,12,2,41.0,102,0,0,0,0.0,0,0,0.0,0,0.0,0,0.0,0,0.0,0,0.0,0,0.0,1642530,1610612763
Yves Missi,NOP,25,5,20,634.0,759,179,59,108,54.6,21,28,75.0,141,78.8,39,21.8,6,3.4000000000000004,11,6.1,15,8.4,1642274,1610612740
Zaccharie Risacher,ATL,26,14,12,623.0,790,78,23,49,46.9,7,12,58.3,54,69.19999999999999,18,23.1,2,2.6,2,2.6,6,7.7,1642258,1610612737
Zach Collins,SAS,24,12,12,341.0,563,77,20,33,60.6,10,10,100.0,50,64.9,28,36.4,4,5.2,5,6.5,5,6.5,1628380,1610612759
Zach Edey,MEM,14,8,6,281.0,351,137,49,79,62.0,14,22,63.6,113,82.5,31,22.6,7,5.1,10,7.3,11,8.0,1641744,1610612763
Zach LaVine,CHI,23,11,12,767.0,1324,16,9,9,100.0,0,0,0.0,18,112.5,4,25.0,2,12.5,3,18.8,0,0.0,203897,1610612741
Zeke Nnaji,DEN,16,11,5,79.0,81,10,4,4,100.0,1,4,25.0,9,90.0,2,20.0,1,10.0,1,10.0,2,20.0,1630192,1610612743
Ziaire Williams,BKN,21,9,12,459.0,634,38,16,26,61.5,2,2,100.0,34,89.5,8,21.099999999999998,2,5.3,1,2.6,1,2.6,1630533,1610612751
Zion Williamson,NOP,6,2,4,186.0,400,36,15,24,62.5,1,4,25.0,34,94.39999999999999,8,22.2,2,5.6000000000000005,1,2.8000000000000003,2,5.6000000000000005,1629627,1610612740
