PLAYER,TEAM,GP,W,L,MIN,Touches,ElbowTouches,FGM,FGA,FG%,FTM,FTA,FT%,PTS,PTS%,PASS,PASS%,AST,AST%,TO,TOV%,PF,PF%,PLAYER_ID,TEAM_ID
A.J. Lawson,DAL,21,10,11,198.0,252,3,1,1,100.0,2,2,100.0,5,166.70000000000002,1,33.300000000000004,0,0.0,0,0.0,1,33.300000000000004,1630639,1610612742
AJ Green,MIL,28,21,7,210.0,244,2,1,1,100.0,0,0,0.0,2,100.0,1,50.0,0,0.0,0,0.0,0,0.0,1631260,1610612749
AJ Griffin,ATL,17,7,10,131.0,129,1,0,0,0.0,0,0,0.0,0,0.0,1,100.0,1,100.0,0,0.0,0,0.0,1631100,1610612737
Aaron Gordon,DEN,41,27,14,1306.0,1668,60,8,15,53.300000000000004,0,2,0.0,16,26.700000000000003,39,65.0,10,25.6,3,5.0,1,1.7000000000000002,203932,1610612743
Aaron Holiday,HOU,43,21,22,737.0,1175,3,0,0,0.0,0,0,0.0,0,0.0,1,33.300000000000004,0,0.0,2,66.7,0,0.0,1628988,1610612745
Aaron Nesmith,IND,42,25,17,1102.0,1566,5,1,1,100.0,0,0,0.0,2,40.0,3,60.0,2,66.7,1,20.0,0,0.0,1630174,1610612754
Aaron Wiggins,OKC,44,31,13,583.0,732,13,4,7,57.099999999999994,0,0,0.0,8,61.5,4,30.8,0,0.0,1,7.7,0,0.0,1630598,1610612760
Adama Sanogo,CHI,3,0,3,11.0,13,0,0,0,0.0,0,0,0.0,0,0.0,0,0.0,0,0.0,0,0.0,0,0.0,1641766,1610612741
Admiral Schofield,ORL,12,6,6,46.0,106,3,1,1,100.0,0,2,0.0,2,66.7,1,33.300000000000004,0,0.0,0,0.0,1,33.300000000000004,1629678,1610612753
Al Horford,BOS,39,30,9,1056.0,1342,36,6,8,75.0,0,0,0.0,12,33.300000000000004,25,69.39999999999999,7,28.000000000000004,3,8.3,0,0.0,201143,1610612738
Alec Burks,DET,39,6,33,802.0,1272,12,2,5,40.0,2,2,100.0,7,58.3,6,50.0,1,16.7,0,0.0,1,8.3,202692,1610612765
Aleksej Pokusevski,OKC,8,7,1,48.0,76,1,0,0,0.0,0,0,0.0,0,0.0,1,100.0,0,0.0,0,0.0,0,0.0,1630197,1610612760
Alex Caruso,CHI,40,20,20,1044.0,1886,23,3,7,42.9,3,4,75.0,9,39.1,12,52.2,1,8.3,1,4.3,2,8.7,1627936,1610612741
Alex Fudge,LAL,4,1,3,14.0,19,0,0,0,0.0,0,0,0.0,0,0.0,0,0.0,0,0.0,0,0.0,0,0.0,1641788,1610612747
Alex Len,SAC,17,8,9,149.0,244,32,7,10,70.0,1,3,33.300000000000004,15,46.9,19,59.4,4,21.099999999999998,1,3.1,2,6.3,203458,1610612758
Alperen Sengun,HOU,46,22,24,1503.0,2805,308,90,152,59.199999999999996,34,46,73.9,220,71.39999999999999,118,38.3,28,23.7,12,3.9,21,6.800000000000001,1630578,1610612745
Amari Bailey,CHA,2,0,2,11.0,11,0,0,0,0.0,0,0,0.0,0,0.0,0,0.0,0,0.0,0,0.0,0,0.0,1641735,1610612766
Amen Thompson,HOU,27,11,16,441.0,875,11,3,4,75.0,2,2,100.0,9,81.8,6,54.50000000000001,1,16.7,0,0.0,1,9.1,1641708,1610612745
Amir Coffey,LAC,33,25,8,544.0,495,4,2,2,100.0,0,0,0.0,4,100.0,2,50.0,2,100.0,0,0.0,0,0.0,1629599,1610612746
Andre Drummond,CHI,47,22,25,748.0,964,94,16,31,51.6,6,10,60.0,39,41.5,49,52.1,5,10.2,6,6.4,5,5.3,203083,1610612741
Andre Jackson Jr.,MIL,39,26,13,449.0,491,12,3,3,100.0,0,0,0.0,6,50.0,8,66.7,0,0.0,1,8.3,0,0.0,1641748,1610612749
Andrew Nembhard,IND,33,21,12,721.0,1646,10,2,4,50.0,0,0,0.0,4,40.0,4,40.0,0,0.0,2,20.0,0,0.0,1629614,1610612754
Andrew Wiggins,GSW,39,16,23,1049.0,1412,32,10,15,66.7,2,2,100.0,22,68.8,14,43.8,3,21.4,1,3.1,1,3.1,203952,1610612744
Anfernee Simons,POR,25,6,19,835.0,1856,8,1,3,33.300000000000004,0,0,0.0,2,25.0,4,50.0,1,25.0,0,0.0,0,0.0,1629014,1610612757
Anthony Black,ORL,44,22,22,857.0,1358,12,4,9,44.4,1,2,50.0,9,75.0,2,16.7,1,50.0,0,0.0,1,8.3,1641710,1610612753
Anthony Davis,LAL,45,23,22,1620.0,3306,221,63,121,52.1,21,26,80.80000000000001,151,68.30000000000001,74,33.5,15,20.3,10,4.5,13,5.8999999999999995,203076,1610612747
Anthony Edwards,MIN,44,31,13,1541.0,3128,26,6,9,66.7,2,2,100.0,15,57.699999999999996,12,46.2,4,33.300000000000004,3,11.5,1,3.8,1630162,1610612750
Anthony Gill,WAS,26,4,22,148.0,164,4,3,3,100.0,0,0,0.0,6,150.0,1,25.0,0,0.0,0,0.0,0,0.0,1630264,1610612764
Armoni Brooks,BKN,10,3,7,104.0,153,0,0,0,0.0,0,0,0.0,0,0.0,0,0.0,0,0.0,0,0.0,0,0.0,1629717,1610612751
Ausar Thompson,DET,46,6,40,1085.0,1396,32,8,11,72.7,2,2,100.0,19,59.4,15,46.9,2,13.3,5,15.6,1,3.1,1641709,1610612765
Austin Reaves,LAL,47,23,24,1443.0,2883,25,7,9,77.8,0,0,0.0,16,64.0,14,56.00000000000001,2,14.299999999999999,2,8.0,0,0.0,1630559,1610612747
Ayo Dosunmu,CHI,45,22,23,1064.0,1640,12,3,6,50.0,0,0,0.0,6,50.0,4,33.300000000000004,3,75.0,1,8.3,0,0.0,1630245,1610612741
Bam Adebayo,MIA,37,19,18,1292.0,2395,196,49,105,46.7,24,28,85.7,124,63.3,69,35.199999999999996,15,21.7,6,3.1,14,7.1,1628389,1610612748
Ben Sheppard,IND,25,13,12,257.0,405,5,0,3,0.0,0,0,0.0,0,0.0,2,40.0,0,0.0,0,0.0,0,0.0,1641767,1610612754
Ben Simmons,BKN,7,4,3,209.0,489,10,2,2,100.0,0,0,0.0,4,40.0,8,80.0,0,0.0,0,0.0,0,0.0,1627732,1610612751
Bennedict Mathurin,IND,47,27,20,1200.0,1877,48,18,29,62.1,4,4,100.0,40,83.3,13,27.1,5,38.5,2,4.2,2,4.2,1631097,1610612754
Bilal Coulibaly,WAS,45,9,36,1190.0,1458,16,6,9,66.7,3,4,75.0,15,93.8,4,25.0,1,25.0,1,6.3,2,12.5,1641731,1610612764
Bismack Biyombo,MEM,30,14,16,718.0,988,66,11,20,55.00000000000001,0,0,0.0,22,33.300000000000004,42,63.6,9,21.4,2,3.0,0,0.0,202687,1610612763
Blake Wesley,SAS,26,7,19,303.0,553,8,4,4,100.0,0,0,0.0,8,100.0,4,50.0,0,0.0,0,0.0,0,0.0,1631104,1610612759
Boban Marjanovic,HOU,8,4,4,44.0,63,3,2,2,100.0,0,0,0.0,4,133.29999999999998,1,33.300000000000004,0,0.0,0,0.0,0,0.0,1626246,1610612745
Bobby Portis,MIL,47,32,15,1096.0,1839,39,12,20,60.0,3,4,75.0,27,69.19999999999999,16,41.0,3,18.8,1,2.6,2,5.1,1626171,1610612749
Bogdan Bogdanovic,ATL,44,18,26,1255.0,1985,30,9,16,56.3,3,4,75.0,21,70.0,11,36.7,4,36.4,1,3.3000000000000003,2,6.7,203992,1610612737
Bojan Bogdanovic,DET,25,3,22,829.0,1058,17,4,8,50.0,2,2,100.0,10,58.8,3,17.599999999999998,2,66.7,3,17.599999999999998,1,5.8999999999999995,202711,1610612765
Bol Bol,PHX,12,8,4,86.0,111,8,5,5,100.0,0,0,0.0,10,125.0,3,37.5,1,33.300000000000004,0,0.0,0,0.0,1629626,1610612756
Bones Hyland,LAC,18,10,8,246.0,494,3,0,1,0.0,0,0,0.0,0,0.0,2,66.7,0,0.0,0,0.0,0,0.0,1630538,1610612746
Bradley Beal,PHX,23,14,9,759.0,1389,16,5,9,55.60000000000001,5,6,83.3,15,93.8,4,25.0,1,25.0,0,0.0,3,18.8,203078,1610612756
Brandin Podziemski,GSW,37,15,22,910.0,1587,18,4,5,80.0,0,0,0.0,8,44.4,11,61.1,2,18.2,1,5.6000000000000005,0,0.0,1641764,1610612744
Brandon Boston Jr.,LAC,11,8,3,72.0,117,3,2,2,100.0,0,0,0.0,4,133.29999999999998,1,33.300000000000004,0,0.0,0,0.0,0,0.0,1630527,1610612746
Brandon Ingram,NOP,42,23,19,1390.0,2744,82,26,40,65.0,6,8,75.0,61,74.4,33,40.2,9,27.3,3,3.6999999999999997,3,3.6999999999999997,1627742,1610612740
Brandon Miller,CHA,39,8,31,1201.0,1896,19,7,10,70.0,0,0,0.0,15,78.9,6,31.6,1,16.7,1,5.3,1,5.3,1641706,1610612766
Brandon Williams,DAL,6,2,4,35.0,67,1,0,0,0.0,0,0,0.0,0,0.0,1,100.0,1,100.0,0,0.0,0,0.0,1630314,1610612742
Braxton Key,DEN,13,9,4,44.0,89,2,0,1,0.0,0,0,0.0,0,0.0,1,50.0,0,0.0,0,0.0,0,0.0,1630296,1610612743
Brice Sensabaugh,UTA,4,3,1,12.0,26,1,0,0,0.0,0,0,0.0,0,0.0,1,100.0,0,0.0,0,0.0,0,0.0,1641729,1610612762
Brook Lopez,MIL,47,32,15,1494.0,1499,101,34,57,59.599999999999994,7,10,70.0,77,76.2,26,25.7,5,19.2,8,7.9,5,5.0,201572,1610612749
Bruce Brown,TOR,38,19,19,1117.0,1708,32,8,15,53.300000000000004,0,0,0.0,16,50.0,15,46.9,1,6.7,1,3.1,0,0.0,1628971,1610612761
Bruno Fernando,ATL,13,7,6,84.0,115,12,2,4,50.0,4,6,66.7,8,66.7,3,25.0,1,33.300000000000004,1,8.3,2,16.7,1628981,1610612737
Bryce McGowens,CHA,36,7,29,579.0,592,10,4,5,80.0,0,0,0.0,8,80.0,4,40.0,1,25.0,1,10.0,0,0.0,1631121,1610612766
Buddy Hield,IND,47,27,20,1207.0,2380,22,8,9,88.9,0,0,0.0,17,77.3,9,40.9,3,33.300000000000004,3,13.600000000000001,0,0.0,1627741,1610612754
CJ McCollum,NOP,32,20,12,1027.0,2141,18,2,5,40.0,0,0,0.0,4,22.2,10,55.60000000000001,2,20.0,1,5.6000000000000005,0,0.0,203468,1610612740
Cade Cunningham,DET,37,3,34,1276.0,3059,28,5,10,50.0,2,2,100.0,12,42.9,12,42.9,2,16.7,2,7.1,1,3.5999999999999996,1630595,1610612765
Caleb Houstan,ORL,36,17,19,562.0,477,6,0,1,0.0,0,0,0.0,0,0.0,5,83.3,1,20.0,0,0.0,0,0.0,1631216,1610612753
Caleb Martin,MIA,30,15,15,786.0,1193,17,3,5,60.0,0,0,0.0,6,35.3,10,58.8,5,50.0,1,5.8999999999999995,0,0.0,1628997,1610612748
Cam Reddish,LAL,34,17,17,792.0,684,11,3,6,50.0,2,2,100.0,8,72.7,3,27.3,1,33.300000000000004,1,9.1,1,9.1,1629629,1610612747
Cam Thomas,BKN,36,14,22,1033.0,1790,19,5,11,45.5,3,4,75.0,13,68.4,5,26.3,1,20.0,0,0.0,2,10.5,1630560,1610612751
Cam Whitmore,HOU,23,10,13,377.0,473,13,5,6,83.3,4,6,66.7,14,107.69999999999999,4,30.8,0,0.0,0,0.0,1,7.7,1641715,1610612745
Cameron Johnson,BKN,36,14,22,1024.0,1415,13,3,3,100.0,0,0,0.0,6,46.2,8,61.5,0,0.0,1,7.7,0,0.0,1629661,1610612751
Cameron Payne,MIL,43,29,14,651.0,1342,3,1,1,100.0,0,0,0.0,2,66.7,2,66.7,0,0.0,0,0.0,0,0.0,1626166,1610612749
Caris LeVert,CLE,34,20,14,970.0,1793,21,4,11,36.4,0,2,0.0,8,38.1,7,33.300000000000004,2,28.599999999999998,1,4.8,1,4.8,1627747,1610612739
Cason Wallace,OKC,47,32,15,990.0,947,23,3,4,75.0,2,2,100.0,8,34.8,16,69.6,6,37.5,1,4.3,1,4.3,1641717,1610612760
Cedi Osman,SAS,47,10,37,844.0,1136,17,6,7,85.7,0,0,0.0,14,82.39999999999999,10,58.8,3,30.0,0,0.0,0,0.0,1626224,1610612759
Charles Bassey,SAS,19,3,16,205.0,369,25,8,10,80.0,0,0,0.0,17,68.0,10,40.0,1,10.0,3,12.0,0,0.0,1629646,1610612759
Charlie Brown Jr.,NYK,4,1,3,6.0,7,0,0,0,0.0,0,0,0.0,0,0.0,0,0.0,0,0.0,0,0.0,0,0.0,1629718,1610612752
Chet Holmgren,OKC,47,32,15,1412.0,2647,117,30,50,60.0,13,18,72.2,76,65.0,51,43.6,12,23.5,5,4.3,8,6.800000000000001,1631096,1610612760
Chimezie Metu,PHX,35,20,15,439.0,575,17,5,5,100.0,4,4,100.0,14,82.39999999999999,6,35.3,0,0.0,3,17.599999999999998,2,11.799999999999999,1629002,1610612756
Chris Boucher,TOR,43,14,29,611.0,690,17,5,6,83.3,6,6,100.0,16,94.1,8,47.099999999999994,1,12.5,0,0.0,3,17.599999999999998,1628449,1610612761
Chris Duarte,SAC,35,21,14,461.0,612,5,0,2,0.0,0,0,0.0,0,0.0,1,20.0,0,0.0,1,20.0,0,0.0,1630537,1610612758
Chris Livingston,MIL,13,8,5,59.0,76,1,0,1,0.0,0,0,0.0,0,0.0,0,0.0,0,0.0,0,0.0,0,0.0,1641753,1610612749
Chris Paul,GSW,32,16,16,882.0,2000,28,2,3,66.7,1,2,50.0,5,17.9,22,78.60000000000001,8,36.4,2,7.1,0,0.0,101108,1610612744
Christian Braun,DEN,47,32,15,891.0,1295,35,8,13,61.5,5,6,83.3,22,62.9,14,40.0,1,7.1,3,8.6,3,8.6,1631128,1610612743
Christian Wood,LAL,41,21,20,751.0,1029,36,12,14,85.7,5,12,41.699999999999996,30,83.3,11,30.599999999999998,0,0.0,2,5.6000000000000005,5,13.900000000000002,1626174,1610612747
Chuma Okeke,ORL,29,12,17,368.0,453,4,1,1,100.0,0,0,0.0,2,50.0,3,75.0,1,33.300000000000004,0,0.0,0,0.0,1629643,1610612753
Clint Capela,ATL,44,18,26,1138.0,1297,101,25,48,52.1,11,16,68.8,63,62.4,39,38.6,5,12.8,3,3.0,8,7.9,203991,1610612737
Coby White,CHI,47,22,25,1686.0,3534,5,1,2,50.0,0,0,0.0,2,40.0,3,60.0,0,0.0,0,0.0,0,0.0,1629632,1610612741
Cody Martin,CHA,15,2,13,390.0,525,6,2,5,40.0,0,0,0.0,4,66.7,1,16.7,0,0.0,0,0.0,0,0.0,1628998,1610612766
Cody Zeller,NOP,32,17,15,263.0,451,38,5,10,50.0,1,6,16.7,11,28.9,23,60.5,5,21.7,1,2.6,2,5.3,203469,1610612740
Colby Jones,SAC,15,6,9,110.0,194,2,1,1,100.0,0,0,0.0,2,100.0,1,50.0,0,0.0,0,0.0,0,0.0,1641732,1610612758
Cole Anthony,ORL,46,24,22,1102.0,2383,15,6,7,85.7,3,4,75.0,16,106.69999999999999,6,40.0,1,16.7,0,0.0,1,6.7,1630175,1610612753
Cole Swider,MIA,9,2,7,44.0,60,0,0,0,0.0,0,0,0.0,0,0.0,0,0.0,0,0.0,0,0.0,0,0.0,1631306,1610612748
Colin Castleton,LAL,5,1,4,32.0,51,3,1,2,50.0,0,0,0.0,2,66.7,1,33.300000000000004,0,0.0,0,0.0,0,0.0,1630658,1610612747
Collin Gillespie,DEN,14,10,4,97.0,207,4,0,0,0.0,0,0,0.0,0,0.0,4,100.0,1,25.0,0,0.0,0,0.0,1631221,1610612743
Collin Sexton,UTA,48,24,24,1163.0,2297,37,14,22,63.6,3,4,75.0,32,86.5,7,18.9,0,0.0,6,16.2,2,5.4,1629012,1610612762
Corey Kispert,WAS,45,9,36,970.0,1306,15,8,9,88.9,1,2,50.0,18,120.0,4,26.700000000000003,1,25.0,0,0.0,1,6.7,1630557,1610612764
Cory Joseph,GSW,24,8,16,277.0,535,4,0,0,0.0,0,0,0.0,0,0.0,4,100.0,1,25.0,0,0.0,0,0.0,202709,1610612744
Craig Porter Jr.,CLE,29,20,9,462.0,1078,5,2,2,100.0,0,0,0.0,4,80.0,3,60.0,0,0.0,0,0.0,0,0.0,1641854,1610612739
D'Angelo Russell,LAL,43,23,20,1333.0,2740,22,8,12,66.7,0,0,0.0,16,72.7,8,36.4,1,12.5,0,0.0,0,0.0,1626156,1610612747
D'Moi Hodge,LAL,7,1,6,41.0,46,2,0,1,0.0,0,0,0.0,0,0.0,1,50.0,1,100.0,0,0.0,0,0.0,1641793,1610612747
DaQuan Jeffries,NYK,10,7,3,30.0,24,0,0,0,0.0,0,0,0.0,0,0.0,0,0.0,0,0.0,0,0.0,0,0.0,1629610,1610612752
Daishen Nix,MIN,6,4,2,21.0,39,0,0,0,0.0,0,0,0.0,0,0.0,0,0.0,0,0.0,0,0.0,0,0.0,1630227,1610612750
Dalano Banton,BOS,22,17,5,162.0,283,3,1,2,50.0,0,0,0.0,2,66.7,0,0.0,0,0.0,0,0.0,0,0.0,1630625,1610612738
Dalen Terry,CHI,31,16,15,303.0,475,7,2,2,100.0,2,2,100.0,6,85.7,2,28.599999999999998,0,0.0,2,28.599999999999998,1,14.299999999999999,1631207,1610612741
Damian Jones,CLE,20,14,6,125.0,144,11,1,3,33.300000000000004,1,2,50.0,3,27.3,6,54.50000000000001,1,16.7,0,0.0,1,9.1,1627745,1610612739
Damian Lillard,MIL,44,32,12,1547.0,3395,13,1,3,33.300000000000004,0,0,0.0,2,15.4,9,69.19999999999999,1,11.1,0,0.0,0,0.0,203081,1610612749
Daniel Gafford,WAS,41,9,32,1077.0,1679,97,38,48,79.2,7,12,58.3,85,87.6,37,38.1,2,5.4,3,3.1,6,6.2,1629655,1610612764
Daniel Theis,LAC,35,27,8,603.0,726,50,14,22,63.6,6,8,75.0,35,70.0,22,44.0,11,50.0,1,2.0,4,8.0,1628464,1610612746
Danilo Gallinari,DET,28,5,23,411.0,714,22,5,8,62.5,2,2,100.0,13,59.099999999999994,11,50.0,2,18.2,1,4.5,1,4.5,201568,1610612765
Danny Green,PHI,2,1,1,18.0,16,0,0,0,0.0,0,0,0.0,0,0.0,0,0.0,0,0.0,0,0.0,0,0.0,201980,1610612755
Dante Exum,DAL,32,19,13,631.0,1143,8,4,4,100.0,0,0,0.0,9,112.5,4,50.0,1,25.0,0,0.0,0,0.0,203957,1610612742
Danuel House Jr.,PHI,30,20,10,429.0,526,6,1,2,50.0,0,0,0.0,2,33.300000000000004,2,33.300000000000004,1,50.0,2,33.300000000000004,0,0.0,1627863,1610612755
Dario Saric,GSW,43,19,24,886.0,1833,80,14,23,60.9,5,6,83.3,33,41.3,43,53.800000000000004,5,11.600000000000001,6,7.5,3,3.8,203967,1610612744
Dariq Whitehead,BKN,2,1,1,24.0,30,1,1,1,100.0,0,0,0.0,2,200.0,0,0.0,0,0.0,0,0.0,0,0.0,1641727,1610612751
Darius Garland,CLE,20,11,9,680.0,1489,3,1,2,50.0,0,0,0.0,2,66.7,1,33.300000000000004,0,0.0,0,0.0,0,0.0,1629636,1610612739
David Roddy,MEM,44,15,29,1014.0,1409,31,9,15,60.0,4,4,100.0,22,71.0,10,32.300000000000004,0,0.0,1,3.2,2,6.5,1631223,1610612763
Davion Mitchell,SAC,35,22,13,439.0,901,2,1,1,100.0,1,2,50.0,3,150.0,0,0.0,0,0.0,0,0.0,1,50.0,1630558,1610612758
Davis Bertans,OKC,14,10,4,91.0,96,1,0,0,0.0,0,0,0.0,0,0.0,1,100.0,1,100.0,0,0.0,0,0.0,202722,1610612760
Day'Ron Sharpe,BKN,36,16,20,574.0,985,86,19,30,63.3,11,16,68.8,50,58.099999999999994,41,47.699999999999996,7,17.1,2,2.3,8,9.3,1630549,1610612751
De'Aaron Fox,SAC,39,24,15,1388.0,3143,16,2,5,40.0,2,2,100.0,6,37.5,8,50.0,1,12.5,1,6.3,0,0.0,1628368,1610612758
De'Andre Hunter,ATL,24,11,13,727.0,1043,17,5,8,62.5,0,0,0.0,10,58.8,7,41.199999999999996,0,0.0,0,0.0,0,0.0,1629631,1610612737
De'Anthony Melton,PHI,33,22,11,959.0,1726,19,2,4,50.0,2,2,100.0,7,36.8,13,68.4,1,7.7,1,5.3,1,5.3,1629001,1610612755
DeAndre Jordan,DEN,23,15,8,287.0,359,33,2,4,50.0,3,6,50.0,7,21.2,22,66.7,3,13.600000000000001,1,3.0,2,6.1,201599,1610612743
DeMar DeRozan,CHI,45,21,24,1675.0,2818,48,8,20,40.0,7,8,87.5,23,47.9,19,39.6,3,15.8,3,6.3,3,6.3,201942,1610612741
Dean Wade,CLE,37,24,13,819.0,1023,11,2,2,100.0,4,4,100.0,8,72.7,7,63.6,3,42.9,0,0.0,2,18.2,1629731,1610612739
Deandre Ayton,POR,31,9,22,983.0,1533,173,50,96,52.1,8,10,80.0,109,63.0,63,36.4,6,9.5,7,4.0,5,2.9000000000000004,1629028,1610612757
Dejounte Murray,ATL,45,18,27,1567.0,3403,17,4,8,50.0,0,2,0.0,8,47.099999999999994,7,41.199999999999996,3,42.9,0,0.0,1,5.8999999999999995,1627749,1610612737
Delon Wright,WAS,25,6,19,392.0,805,3,0,0,0.0,0,0,0.0,0,0.0,3,100.0,1,33.300000000000004,0,0.0,0,0.0,1626153,1610612764
Deni Avdija,WAS,46,9,37,1260.0,2270,46,18,30,60.0,4,4,100.0,41,89.1,13,28.299999999999997,3,23.1,1,2.1999999999999997,2,4.3,1630166,1610612764
Dennis Schroder,TOR,46,16,30,1422.0,3401,13,2,3,66.7,0,0,0.0,4,30.8,8,61.5,2,25.0,0,0.0,0,0.0,203471,1610612761
Dennis Smith Jr.,BKN,30,13,17,589.0,1238,11,2,2,100.0,2,2,100.0,6,54.50000000000001,6,54.50000000000001,2,33.300000000000004,1,9.1,1,9.1,1628372,1610612751
Dereck Lively II,DAL,36,22,14,935.0,1381,91,16,24,66.7,5,14,35.699999999999996,36,39.6,53,58.199999999999996,9,17.0,6,6.6000000000000005,5,5.5,1641726,1610612742
Dereon Seabron,NOP,5,2,3,52.0,82,1,0,0,0.0,0,0,0.0,0,0.0,1,100.0,0,0.0,0,0.0,0,0.0,1631220,1610612740
Derrick Jones Jr.,DAL,43,23,20,1109.0,1253,29,8,16,50.0,3,4,75.0,19,65.5,10,34.5,3,30.0,1,3.4000000000000004,2,6.9,1627884,1610612742
Derrick Rose,MEM,17,5,12,305.0,620,4,0,1,0.0,0,0,0.0,0,0.0,2,50.0,0,0.0,1,25.0,0,0.0,201565,1610612763
Derrick White,BOS,43,34,9,1377.0,2509,16,6,8,75.0,0,0,0.0,13,81.3,8,50.0,2,25.0,0,0.0,0,0.0,1628401,1610612738
Desmond Bane,MEM,37,14,23,1277.0,2864,27,5,12,41.699999999999996,0,0,0.0,11,40.699999999999996,13,48.1,2,15.4,2,7.3999999999999995,0,0.0,1630217,1610612763
Devin Booker,PHX,38,24,14,1377.0,2859,34,14,19,73.7,4,4,100.0,32,94.1,9,26.5,2,22.2,2,5.8999999999999995,2,5.8999999999999995,1626164,1610612756
Devin Vassell,SAS,42,10,32,1315.0,2214,22,9,12,75.0,2,2,100.0,21,95.5,8,36.4,3,37.5,0,0.0,1,4.5,1630170,1610612759
Devonte' Graham,SAS,10,2,8,88.0,175,0,0,0,0.0,0,0,0.0,0,0.0,0,0.0,0,0.0,0,0.0,0,0.0,1628984,1610612759
Dexter Dennis,DAL,4,1,3,30.0,60,0,0,0,0.0,0,0,0.0,0,0.0,0,0.0,0,0.0,0,0.0,0,0.0,1641926,1610612742
Dillon Brooks,HOU,37,18,19,1161.0,1278,27,9,11,81.8,3,4,75.0,22,81.5,11,40.699999999999996,2,18.2,3,11.1,2,7.3999999999999995,1628415,1610612745
Dmytro Skapintsev,NYK,2,0,2,2.0,4,0,0,0,0.0,0,0,0.0,0,0.0,0,0.0,0,0.0,0,0.0,0,0.0,1631376,1610612752
Domantas Sabonis,SAC,45,27,18,1593.0,4125,400,94,138,68.10000000000001,33,50,66.0,229,57.3,198,49.5,41,20.7,23,5.800000000000001,25,6.3,1627734,1610612758
Dominick Barlow,SAS,21,3,18,276.0,395,23,5,10,50.0,1,2,50.0,12,52.2,12,52.2,1,8.3,0,0.0,1,4.3,1631230,1610612759
Donovan Mitchell,CLE,35,22,13,1247.0,2824,22,11,15,73.3,4,4,100.0,27,122.7,4,18.2,0,0.0,0,0.0,2,9.1,1628378,1610612739
Donte DiVincenzo,NYK,47,30,17,1066.0,1637,16,5,10,50.0,2,2,100.0,12,75.0,4,25.0,2,50.0,1,6.3,1,6.3,1628978,1610612752
Dorian Finney-Smith,BKN,41,17,24,1181.0,1570,22,1,3,33.300000000000004,0,0,0.0,2,9.1,16,72.7,3,18.8,2,9.1,0,0.0,1627827,1610612751
Doug McDermott,SAS,42,10,32,646.0,758,5,0,1,0.0,0,0,0.0,0,0.0,4,80.0,0,0.0,0,0.0,0,0.0,203926,1610612759
Draymond Green,GSW,19,8,11,501.0,1087,35,6,8,75.0,3,4,75.0,16,45.7,25,71.39999999999999,4,16.0,0,0.0,2,5.7,203110,1610612744
Drew Eubanks,PHX,41,21,20,660.0,930,74,24,36,66.7,8,12,66.7,57,77.0,27,36.5,7,25.900000000000002,5,6.800000000000001,6,8.1,1629234,1610612756
Drew Peterson,BOS,1,1,0,3.0,3,0,0,0,0.0,0,0,0.0,0,0.0,0,0.0,0,0.0,0,0.0,0,0.0,1641809,1610612738
Dru Smith,MIA,9,7,2,131.0,237,0,0,0,0.0,0,0,0.0,0,0.0,0,0.0,0,0.0,0,0.0,0,0.0,1630696,1610612748
Duncan Robinson,MIA,45,24,21,1239.0,1695,17,8,16,50.0,0,0,0.0,16,94.1,1,5.8999999999999995,0,0.0,0,0.0,0,0.0,1629130,1610612748
Duop Reath,POR,35,10,25,620.0,954,49,12,22,54.50000000000001,0,0,0.0,25,51.0,25,51.0,5,20.0,2,4.1000000000000005,0,0.0,1641871,1610612757
Dwight Powell,DAL,40,23,17,625.0,834,73,10,17,58.8,9,12,75.0,30,41.099999999999994,45,61.6,10,22.2,4,5.5,6,8.200000000000001,203939,1610612742
Dylan Windler,LAL,4,2,2,13.0,18,0,0,0,0.0,0,0,0.0,0,0.0,0,0.0,0,0.0,0,0.0,0,0.0,1629685,1610612747
Dyson Daniels,NOP,46,26,20,1007.0,1802,27,3,7,42.9,3,4,75.0,9,33.300000000000004,15,55.60000000000001,2,13.3,2,7.3999999999999995,2,7.3999999999999995,1630700,1610612740
E.J. Liddell,NOP,8,3,5,23.0,36,0,0,0,0.0,0,0,0.0,0,0.0,0,0.0,0,0.0,0,0.0,0,0.0,1630604,1610612740
Emoni Bates,CLE,10,6,4,76.0,83,0,0,0,0.0,0,0,0.0,0,0.0,0,0.0,0,0.0,0,0.0,0,0.0,1641734,1610612739
Eric Gordon,PHX,39,23,16,1180.0,1649,10,5,7,71.39999999999999,0,0,0.0,10,100.0,3,30.0,2,66.7,0,0.0,0,0.0,201569,1610612756
Eugene Omoruyi,WAS,19,2,17,110.0,172,7,5,5,100.0,0,0,0.0,11,157.1,1,14.299999999999999,0,0.0,1,14.299999999999999,0,0.0,1630647,1610612764
Evan Fournier,NYK,3,2,1,39.0,55,0,0,0,0.0,0,0,0.0,0,0.0,0,0.0,0,0.0,0,0.0,0,0.0,203095,1610612752
Evan Mobley,CLE,22,13,9,726.0,1394,93,20,43,46.5,6,10,60.0,46,49.5,31,33.300000000000004,5,16.1,8,8.6,5,5.4,1630596,1610612739
Filip Petrusev,SAC,3,2,1,9.0,11,2,1,2,50.0,0,0,0.0,2,100.0,0,0.0,0,0.0,0,0.0,0,0.0,1630196,1610612758
Frank Ntilikina,CHA,4,0,4,33.0,35,1,0,0,0.0,0,0,0.0,0,0.0,1,100.0,0,0.0,0,0.0,0,0.0,1628373,1610612766
Franz Wagner,ORL,39,21,18,1288.0,2338,39,11,19,57.9,8,8,100.0,30,76.9,14,35.9,6,42.9,1,2.6,3,7.7,1630532,1610612753
Fred VanVleet,HOU,44,22,22,1633.0,3524,14,0,2,0.0,2,2,100.0,2,14.299999999999999,9,64.3,0,0.0,0,0.0,1,7.1,1627832,1610612745
Furkan Korkmaz,PHI,30,21,9,216.0,333,3,0,1,0.0,0,0,0.0,0,0.0,2,66.7,0,0.0,0,0.0,0,0.0,1627788,1610612755
GG Jackson,MEM,15,5,10,233.0,298,6,1,2,50.0,0,0,0.0,2,33.300000000000004,1,16.7,0,0.0,1,16.7,0,0.0,1641713,1610612763
Gabe Vincent,LAL,5,2,3,127.0,151,2,0,0,0.0,0,0,0.0,0,0.0,2,100.0,0,0.0,0,0.0,0,0.0,1629216,1610612747
Garrett Temple,TOR,12,3,9,47.0,90,2,0,1,0.0,0,0,0.0,0,0.0,1,50.0,1,100.0,0,0.0,0,0.0,202066,1610612761
Garrison Mathews,ATL,32,13,19,411.0,392,3,1,1,100.0,0,0,0.0,2,66.7,2,66.7,0,0.0,0,0.0,0,0.0,1629726,1610612737
Gary Harris,ORL,27,16,11,616.0,528,4,2,3,66.7,0,0,0.0,4,100.0,0,0.0,0,0.0,1,25.0,0,0.0,203914,1610612753
Gary Payton II,GSW,16,8,8,261.0,359,11,1,2,50.0,0,0,0.0,2,18.2,8,72.7,0,0.0,0,0.0,0,0.0,1627780,1610612744
Gary Trent Jr.,TOR,41,15,26,1063.0,1202,13,5,7,71.39999999999999,0,0,0.0,10,76.9,5,38.5,2,40.0,1,7.7,0,0.0,1629018,1610612761
Georges Niang,CLE,44,28,16,978.0,1645,13,4,7,57.099999999999994,2,2,100.0,11,84.6,4,30.8,1,25.0,1,7.7,1,7.7,1627777,1610612739
Giannis Antetokounmpo,MIL,45,31,14,1580.0,3583,201,46,68,67.60000000000001,16,20,80.0,113,56.2,104,51.7,26,25.0,14,7.000000000000001,8,4.0,203507,1610612749
Goga Bitadze,ORL,41,20,21,809.0,1165,60,9,15,60.0,3,4,75.0,22,36.7,38,63.3,5,13.200000000000001,4,6.7,2,3.3000000000000003,1629048,1610612753
Gordon Hayward,CHA,25,7,18,798.0,1290,30,6,13,46.2,4,4,100.0,16,53.300000000000004,14,46.7,3,21.4,1,3.3000000000000003,2,6.7,202330,1610612766
Gradey Dick,TOR,25,9,16,335.0,338,5,2,4,50.0,0,0,0.0,5,100.0,1,20.0,0,0.0,0,0.0,0,0.0,1641711,1610612761
Grant Williams,DAL,43,22,21,1143.0,1356,27,3,7,42.9,0,0,0.0,6,22.2,14,51.9,4,28.599999999999998,4,14.799999999999999,0,0.0,1629684,1610612742
Grayson Allen,PHX,42,25,17,1386.0,2063,16,2,2,100.0,0,0,0.0,4,25.0,13,81.3,2,15.4,1,6.3,0,0.0,1628960,1610612756
Greg Brown III,DAL,6,3,3,40.0,36,1,0,0,0.0,0,0,0.0,0,0.0,1,100.0,0,0.0,0,0.0,0,0.0,1630535,1610612742
Gui Santos,GSW,6,3,3,35.0,49,1,0,0,0.0,0,0,0.0,0,0.0,1,100.0,0,0.0,0,0.0,0,0.0,1630611,1610612744
Hamidou Diallo,WAS,2,1,1,5.0,10,0,0,0,0.0,0,0,0.0,0,0.0,0,0.0,0,0.0,0,0.0,0,0.0,1628977,1610612764
Harrison Barnes,SAC,45,27,18,1335.0,1575,29,5,8,62.5,4,8,50.0,15,51.7,13,44.800000000000004,4,30.8,3,10.299999999999999,4,13.8,203084,1610612758
Harry Giles III,BKN,14,5,9,71.0,110,6,3,4,75.0,0,0,0.0,6,100.0,2,33.300000000000004,1,50.0,0,0.0,0,0.0,1628385,1610612751
Haywood Highsmith,MIA,33,18,15,703.0,859,11,2,3,66.7,0,0,0.0,4,36.4,8,72.7,3,37.5,0,0.0,0,0.0,1629312,1610612748
Herbert Jones,NOP,43,26,17,1227.0,1725,24,5,5,100.0,5,6,83.3,15,62.5,13,54.2,6,46.2,2,8.3,3,12.5,1630529,1610612740
Hunter Tyson,DEN,9,6,3,27.0,40,2,0,0,0.0,0,0,0.0,0,0.0,1,50.0,0,0.0,1,50.0,0,0.0,1641816,1610612743
Ibou Badji,POR,12,4,8,163.0,173,14,1,3,33.300000000000004,0,0,0.0,2,14.299999999999999,11,78.60000000000001,2,18.2,0,0.0,0,0.0,1630641,1610612757
Immanuel Quickley,TOR,42,20,22,1102.0,2083,12,2,6,33.300000000000004,0,0,0.0,5,41.699999999999996,6,50.0,1,16.7,0,0.0,0,0.0,1630193,1610612761
Isaac Okoro,CLE,35,22,13,925.0,1056,11,2,3,66.7,2,2,100.0,6,54.50000000000001,6,54.50000000000001,1,16.7,0,0.0,1,9.1,1630171,1610612739
Isaiah Hartenstein,NYK,45,28,17,1131.0,1699,92,16,34,47.099999999999994,6,8,75.0,40,43.5,44,47.8,8,18.2,5,5.4,4,4.3,1628392,1610612752
Isaiah Jackson,IND,36,22,14,483.0,580,52,11,19,57.9,6,8,75.0,30,57.699999999999996,26,50.0,6,23.1,2,3.8,4,7.7,1630543,1610612754
Isaiah Joe,OKC,47,32,15,883.0,1172,15,3,5,60.0,2,2,100.0,8,53.300000000000004,9,60.0,0,0.0,0,0.0,1,6.7,1630198,1610612760
Isaiah Livers,WAS,23,1,22,469.0,457,11,1,1,100.0,1,2,50.0,3,27.3,8,72.7,1,12.5,1,9.1,1,9.1,1630587,1610612764
Isaiah Mobley,CLE,3,0,3,14.0,32,3,1,1,100.0,0,0,0.0,2,66.7,2,66.7,1,50.0,0,0.0,0,0.0,1630600,1610612739
Isaiah Stewart,DET,35,5,30,1070.0,1335,50,12,19,63.2,5,6,83.3,29,57.99999999999999,20,40.0,3,15.0,6,12.0,3,6.0,1630191,1610612765
Ish Smith,CHA,38,6,32,633.0,1220,11,1,4,25.0,0,0,0.0,2,18.2,6,54.50000000000001,2,33.300000000000004,1,9.1,0,0.0,202397,1610612766
Ish Wainright,POR,7,1,6,46.0,69,0,0,0,0.0,0,0,0.0,0,0.0,0,0.0,0,0.0,0,0.0,0,0.0,1630688,1610612757
Ivica Zubac,LAC,38,25,13,1030.0,1636,140,38,54,70.39999999999999,5,10,50.0,82,58.599999999999994,67,47.9,12,17.9,10,7.1,5,3.5999999999999996,1627826,1610612746
JD Davison,BOS,2,2,0,6.0,9,0,0,0,0.0,0,0,0.0,0,0.0,0,0.0,0,0.0,0,0.0,0,0.0,1631120,1610612738
JT Thor,CHA,38,9,29,532.0,695,7,4,5,80.0,0,0,0.0,8,114.3,2,28.599999999999998,1,50.0,0,0.0,0,0.0,1630550,1610612766
Ja Morant,MEM,9,6,3,318.0,710,3,1,1,100.0,0,0,0.0,2,66.7,2,66.7,0,0.0,0,0.0,0,0.0,1629630,1610612763
JaVale McGee,SAC,35,21,14,289.0,440,59,13,19,68.4,6,12,50.0,32,54.2,26,44.1,7,26.900000000000002,6,10.2,6,10.2,201580,1610612758
Jabari Smith Jr.,HOU,41,21,20,1303.0,1892,55,15,25,60.0,9,12,75.0,40,72.7,19,34.5,3,15.8,3,5.5,6,10.9,1631095,1610612745
Jabari Walker,POR,43,13,30,927.0,1118,51,7,15,46.7,8,8,100.0,24,47.099999999999994,31,60.8,4,12.9,0,0.0,4,7.8,1631133,1610612757
Jacob Gilyard,MEM,30,9,21,482.0,1033,2,0,1,0.0,0,0,0.0,0,0.0,1,50.0,0,0.0,0,0.0,0,0.0,1631367,1610612763
Jacob Toppin,NYK,3,0,3,4.0,8,0,0,0,0.0,0,0,0.0,0,0.0,0,0.0,0,0.0,0,0.0,0,0.0,1631210,1610612752
Jaden Hardy,DAL,42,23,19,662.0,1139,4,1,1,100.0,0,0,0.0,2,50.0,2,50.0,1,50.0,0,0.0,0,0.0,1630702,1610612742
Jaden Ivey,DET,42,6,36,1121.0,1773,30,7,13,53.800000000000004,2,2,100.0,16,53.300000000000004,14,46.7,6,42.9,2,6.7,1,3.3000000000000003,1631093,1610612765
Jaden McDaniels,MIN,37,25,12,1069.0,1177,17,7,10,70.0,0,0,0.0,14,82.39999999999999,4,23.5,1,25.0,3,17.599999999999998,0,0.0,1630183,1610612750
Jaden Springer,PHI,27,16,11,267.0,320,9,3,6,50.0,0,0,0.0,6,66.7,3,33.300000000000004,2,66.7,0,0.0,0,0.0,1630531,1610612755
Jae Crowder,MIL,16,9,7,367.0,459,3,1,1,100.0,0,0,0.0,2,66.7,2,66.7,1,50.0,0,0.0,0,0.0,203109,1610612749
Jae'Sean Tate,HOU,43,21,22,792.0,866,19,1,5,20.0,4,4,100.0,7,36.8,10,52.6,1,10.0,1,5.3,3,15.8,1630256,1610612745
Jaime Jaquez Jr.,MIA,41,23,18,1228.0,1828,38,9,14,64.3,3,4,75.0,21,55.300000000000004,19,50.0,5,26.3,1,2.6,2,5.3,1631170,1610612748
Jake LaRavia,MEM,11,1,10,122.0,154,3,0,3,0.0,0,0,0.0,0,0.0,0,0.0,0,0.0,0,0.0,0,0.0,1631222,1610612763
Jakob Poeltl,TOR,36,15,21,955.0,1694,253,53,74,71.6,5,12,41.699999999999996,114,45.1,156,61.7,34,21.8,14,5.5,6,2.4,1627751,1610612761
Jalen Brunson,NYK,45,29,16,1603.0,3820,18,4,7,57.099999999999994,2,2,100.0,10,55.60000000000001,9,50.0,2,22.2,0,0.0,1,5.6000000000000005,1628973,1610612752
Jalen Duren,DET,31,6,25,927.0,1804,163,43,71,60.6,4,6,66.7,92,56.39999999999999,79,48.5,13,16.5,8,4.9,3,1.7999999999999998,1631105,1610612765
Jalen Green,HOU,46,22,24,1412.0,2598,24,9,12,75.0,2,2,100.0,21,87.5,7,29.2,1,14.299999999999999,2,8.3,1,4.2,1630224,1610612745
Jalen Hood-Schifino,LAL,12,4,8,79.0,159,3,0,1,0.0,0,0,0.0,0,0.0,2,66.7,0,0.0,0,0.0,0,0.0,1641720,1610612747
Jalen Johnson,ATL,32,15,17,1053.0,2109,39,17,26,65.4,4,4,100.0,39,100.0,11,28.199999999999996,6,54.50000000000001,0,0.0,2,5.1,1630552,1610612737
Jalen McDaniels,TOR,28,8,20,246.0,377,6,1,2,50.0,2,2,100.0,4,66.7,2,33.300000000000004,0,0.0,1,16.7,1,16.7,1629667,1610612761
Jalen Pickett,DEN,16,10,6,97.0,203,1,0,0,0.0,0,0,0.0,0,0.0,1,100.0,1,100.0,0,0.0,0,0.0,1629618,1610612743
Jalen Slawson,SAC,5,3,2,19.0,30,0,0,0,0.0,0,0,0.0,0,0.0,0,0.0,0,0.0,0,0.0,0,0.0,1641771,1610612758
Jalen Smith,IND,33,21,12,594.0,811,29,11,13,84.6,4,4,100.0,26,89.7,12,41.4,0,0.0,2,6.9,2,6.9,1630188,1610612754
Jalen Suggs,ORL,43,21,22,1131.0,1871,9,2,2,100.0,0,0,0.0,4,44.4,6,66.7,2,33.300000000000004,1,11.1,0,0.0,1630591,1610612753
Jalen Williams,OKC,44,30,14,1405.0,2470,33,12,17,70.6,4,8,50.0,29,87.9,9,27.3,1,11.1,1,3.0,4,12.1,1631114,1610612760
Jalen Wilson,BKN,11,2,9,104.0,120,2,1,2,50.0,0,0,0.0,2,100.0,0,0.0,0,0.0,0,0.0,0,0.0,1630592,1610612751
Jamal Cain,MIA,14,5,9,209.0,226,3,0,0,0.0,0,0,0.0,0,0.0,3,100.0,0,0.0,0,0.0,0,0.0,1631288,1610612748
Jamal Murray,DEN,33,24,9,1039.0,2332,36,12,16,75.0,2,2,100.0,28,77.8,16,44.4,4,25.0,2,5.6000000000000005,0,0.0,1627750,1610612743
Jamaree Bouyea,POR,6,0,6,57.0,140,0,0,0,0.0,0,0,0.0,0,0.0,0,0.0,0,0.0,0,0.0,0,0.0,1631123,1610612757
James Bouknight,CHA,12,0,12,73.0,138,1,0,0,0.0,0,0,0.0,0,0.0,1,100.0,0,0.0,0,0.0,0,0.0,1630547,1610612766
James Harden,LAC,40,27,13,1368.0,2973,43,1,5,20.0,2,2,100.0,4,9.3,31,72.1,13,41.9,4,9.3,1,2.3,201935,1610612746
James Johnson,IND,5,2,3,24.0,35,1,1,1,100.0,0,0,0.0,2,200.0,0,0.0,0,0.0,0,0.0,0,0.0,201949,1610612754
James Wiseman,DET,29,2,27,424.0,691,43,6,12,50.0,2,4,50.0,14,32.6,19,44.2,3,15.8,6,14.000000000000002,2,4.7,1630164,1610612765
Jarace Walker,IND,15,6,9,165.0,273,8,0,2,0.0,1,2,50.0,1,12.5,4,50.0,0,0.0,1,12.5,0,0.0,1641716,1610612754
Jared Butler,WAS,17,2,15,128.0,281,1,1,1,100.0,0,0,0.0,3,300.0,0,0.0,0,0.0,0,0.0,0,0.0,1630215,1610612764
Jared Rhoden,DET,5,0,5,30.0,45,0,0,0,0.0,0,0,0.0,0,0.0,0,0.0,0,0.0,0,0.0,0,0.0,1631197,1610612765
Jaren Jackson Jr.,MEM,45,17,28,1428.0,2293,71,20,34,58.8,19,24,79.2,62,87.3,20,28.199999999999996,3,15.0,1,1.4000000000000001,10,14.099999999999998,1628991,1610612763
Jarred Vanderbilt,LAL,26,12,14,525.0,444,27,6,10,60.0,2,4,50.0,14,51.9,10,37.0,3,30.0,5,18.5,2,7.3999999999999995,1629020,1610612747
Jarrett Allen,CLE,39,26,13,1192.0,1873,220,53,91,58.199999999999996,12,14,85.7,119,54.1,106,48.199999999999996,17,16.0,10,4.5,7,3.2,1628386,1610612739
Javon Freeman-Liberty,TOR,2,1,1,4.0,14,0,0,0,0.0,0,0,0.0,0,0.0,0,0.0,0,0.0,0,0.0,0,0.0,1631241,1610612761
Javonte Smart,PHI,1,1,0,1.0,1,0,0,0,0.0,0,0,0.0,0,0.0,0,0.0,0,0.0,0,0.0,0,0.0,1630606,1610612755
Jaxson Hayes,LAL,36,18,18,338.0,398,28,7,9,77.8,4,8,50.0,19,67.9,12,42.9,1,8.3,1,3.5999999999999996,3,10.7,1629637,1610612747
Jay Huff,DEN,6,4,2,17.0,22,5,0,0,0.0,0,0,0.0,0,0.0,5,100.0,0,0.0,0,0.0,0,0.0,1630643,1610612743
Jaylen Brown,BOS,44,33,11,1464.0,2340,40,10,22,45.5,6,8,75.0,27,67.5,9,22.5,1,11.1,4,10.0,4,10.0,1627759,1610612738
Jaylen Nowell,MEM,9,3,6,156.0,253,1,0,0,0.0,0,0,0.0,0,0.0,1,100.0,0,0.0,0,0.0,0,0.0,1629669,1610612763
Jaylin Williams,OKC,39,27,12,463.0,962,56,3,7,42.9,4,4,100.0,10,17.9,41,73.2,5,12.2,1,1.7999999999999998,1,1.7999999999999998,1631119,1610612760
Jayson Tatum,BOS,44,34,10,1574.0,3311,55,15,26,57.699999999999996,11,12,91.7,41,74.5,21,38.2,6,28.599999999999998,1,1.7999999999999998,6,10.9,1628369,1610612738
Jeff Green,HOU,44,21,23,733.0,780,41,10,18,55.60000000000001,5,6,83.3,26,63.4,15,36.6,0,0.0,3,7.3,3,7.3,201145,1610612745
Jerami Grant,POR,42,14,28,1405.0,2215,59,15,30,50.0,7,10,70.0,39,66.10000000000001,20,33.900000000000006,4,20.0,2,3.4000000000000004,4,6.800000000000001,203924,1610612757
Jeremiah Robinson-Earl,NOP,18,10,8,199.0,286,12,2,3,66.7,0,0,0.0,4,33.300000000000004,9,75.0,3,33.300000000000004,0,0.0,0,0.0,1630526,1610612740
Jeremy Sochan,SAS,47,10,37,1383.0,2547,55,15,27,55.60000000000001,6,8,75.0,36,65.5,16,29.099999999999998,3,18.8,2,3.5999999999999996,4,7.3,1631110,1610612759
Jericho Sims,NYK,23,17,6,196.0,246,10,0,0,0.0,0,0,0.0,0,0.0,8,80.0,1,12.5,1,10.0,0,0.0,1630579,1610612752
Jermaine Samuels Jr.,HOU,8,5,3,44.0,49,3,0,0,0.0,0,0,0.0,0,0.0,3,100.0,0,0.0,0,0.0,0,0.0,1631257,1610612745
Jerome Robinson,GSW,7,5,2,26.0,43,0,0,0,0.0,0,0,0.0,0,0.0,0,0.0,0,0.0,0,0.0,0,0.0,1629010,1610612744
Jett Howard,ORL,11,5,6,42.0,52,0,0,0,0.0,0,0,0.0,0,0.0,0,0.0,0,0.0,0,0.0,0,0.0,1641724,1610612753
Jevon Carter,CHI,45,21,24,626.0,1039,2,1,1,100.0,0,0,0.0,2,100.0,1,50.0,0,0.0,0,0.0,0,0.0,1628975,1610612741
Jimmy Butler,MIA,32,15,17,1079.0,1828,49,11,18,61.1,3,6,50.0,26,53.1,27,55.1,7,25.900000000000002,0,0.0,3,6.1,202710,1610612748
Jock Landale,HOU,27,12,15,249.0,294,15,3,6,50.0,0,0,0.0,6,40.0,9,60.0,2,22.2,0,0.0,0,0.0,1629111,1610612745
Joe Harris,DET,15,3,12,158.0,151,4,1,1,100.0,0,0,0.0,2,50.0,2,50.0,0,0.0,1,25.0,0,0.0,203925,1610612765
Joe Ingles,ORL,33,19,14,598.0,1048,10,2,2,100.0,1,2,50.0,5,50.0,6,60.0,1,16.7,1,10.0,1,10.0,204060,1610612753
Joel Embiid,PHI,33,26,7,1127.0,2499,166,49,90,54.400000000000006,36,40,90.0,138,83.1,46,27.700000000000003,12,26.1,9,5.4,17,10.2,203954,1610612755
John Collins,UTA,44,22,22,1214.0,1822,52,16,30,53.300000000000004,6,8,75.0,39,75.0,14,26.900000000000002,2,14.299999999999999,2,3.8,4,7.7,1628381,1610612762
John Konchar,MEM,37,13,24,669.0,1064,14,5,6,83.3,2,2,100.0,12,85.7,7,50.0,1,14.299999999999999,0,0.0,1,7.1,1629723,1610612763
Johnny Davis,WAS,20,2,18,151.0,152,4,0,0,0.0,3,4,75.0,3,75.0,1,25.0,1,100.0,1,25.0,1,25.0,1631098,1610612764
Johnny Juzang,UTA,1,0,1,4.0,9,0,0,0,0.0,0,0,0.0,0,0.0,0,0.0,0,0.0,0,0.0,0,0.0,1630548,1610612762
Jonas Valanciunas,NOP,46,26,20,1205.0,2497,102,17,31,54.800000000000004,10,14,71.39999999999999,44,43.1,52,51.0,8,15.4,8,7.8,6,5.8999999999999995,202685,1610612740
Jonathan Isaac,ORL,29,17,12,405.0,578,10,3,5,60.0,2,2,100.0,8,80.0,2,20.0,0,0.0,1,10.0,1,10.0,1628371,1610612753
Jonathan Kuminga,GSW,42,18,24,1004.0,1692,51,15,23,65.2,10,14,71.39999999999999,40,78.4,18,35.3,2,11.1,2,3.9,7,13.700000000000001,1630228,1610612744
Jontay Porter,TOR,13,3,10,195.0,369,24,0,4,0.0,6,6,100.0,6,25.0,15,62.5,4,26.700000000000003,2,8.3,3,12.5,1629007,1610612761
Jordan Clarkson,UTA,38,18,20,1138.0,1932,44,11,24,45.800000000000004,4,4,100.0,26,59.099999999999994,15,34.1,4,26.700000000000003,1,2.3,2,4.5,203903,1610612762
Jordan Ford,SAC,6,2,4,22.0,45,0,0,0,0.0,0,0,0.0,0,0.0,0,0.0,0,0.0,0,0.0,0,0.0,1630259,1610612758
Jordan Goodwin,PHX,37,20,17,548.0,1189,11,1,4,25.0,4,4,100.0,7,63.6,4,36.4,1,25.0,1,9.1,2,18.2,1630692,1610612756
Jordan Hawkins,NOP,41,24,17,896.0,1162,13,4,8,50.0,2,2,100.0,11,84.6,4,30.8,0,0.0,0,0.0,1,7.7,1641722,1610612740
Jordan McLaughlin,MIN,26,15,11,236.0,558,7,2,5,40.0,0,0,0.0,4,57.099999999999994,1,14.299999999999999,0,0.0,1,14.299999999999999,0,0.0,1629162,1610612750
Jordan Miller,LAC,4,4,0,16.0,17,0,0,0,0.0,0,0,0.0,0,0.0,0,0.0,0,0.0,0,0.0,0,0.0,1641757,1610612746
Jordan Nwora,TOR,21,8,13,226.0,341,5,2,3,66.7,0,0,0.0,4,80.0,2,40.0,1,50.0,0,0.0,0,0.0,1629670,1610612761
Jordan Poole,WAS,45,9,36,1315.0,2176,23,9,14,64.3,0,0,0.0,19,82.6,8,34.8,2,25.0,1,4.3,0,0.0,1629673,1610612764
Jordan Walsh,BOS,2,2,0,6.0,10,0,0,0,0.0,0,0,0.0,0,0.0,0,0.0,0,0.0,0,0.0,0,0.0,1641775,1610612738
Jose Alvarado,NOP,28,17,11,446.0,879,4,1,1,100.0,0,0,0.0,2,50.0,3,75.0,0,0.0,0,0.0,0,0.0,1630631,1610612740
Josh Giddey,OKC,46,32,14,1139.0,2516,62,15,23,65.2,6,6,100.0,37,59.699999999999996,31,50.0,7,22.6,4,6.5,3,4.8,1630581,1610612760
Josh Green,DAL,34,19,15,910.0,1138,14,2,4,50.0,0,0,0.0,4,28.599999999999998,10,71.39999999999999,4,40.0,0,0.0,0,0.0,1630182,1610612742
Josh Hart,NYK,46,29,17,1307.0,1997,26,10,11,90.9,0,0,0.0,21,80.80000000000001,11,42.3,2,18.2,3,11.5,0,0.0,1628404,1610612752
Josh Minott,MIN,15,10,5,46.0,62,5,1,2,50.0,0,0,0.0,2,40.0,2,40.0,0,0.0,1,20.0,0,0.0,1631169,1610612750
Josh Okogie,PHX,41,25,16,741.0,848,14,0,5,0.0,2,2,100.0,2,14.299999999999999,7,50.0,0,0.0,0,0.0,1,7.1,1629006,1610612756
Josh Richardson,MIA,37,20,17,957.0,1576,9,3,4,75.0,0,0,0.0,6,66.7,5,55.60000000000001,0,0.0,0,0.0,0,0.0,1626196,1610612748
Joshua Primo,LAC,1,1,0,5.0,0,0,0,0,0.0,0,0,0.0,0,0.0,0,0.0,0,0.0,0,0.0,0,0.0,1630563,1610612746
Jrue Holiday,BOS,43,33,10,1441.0,2465,41,9,17,52.900000000000006,2,2,100.0,21,51.2,21,51.2,6,28.599999999999998,1,2.4,1,2.4,201950,1610612738
Juan Toscano-Anderson,SAC,11,7,4,53.0,75,1,0,0,0.0,0,0,0.0,0,0.0,1,100.0,0,0.0,0,0.0,0,0.0,1629308,1610612758
Jules Bernard,WAS,4,1,3,16.0,23,0,0,0,0.0,0,0,0.0,0,0.0,0,0.0,0,0.0,0,0.0,0,0.0,1631262,1610612764
Julian Champagnie,SAS,40,8,32,634.0,865,9,3,4,75.0,0,0,0.0,8,88.9,3,33.300000000000004,0,0.0,1,11.1,0,0.0,1630577,1610612759
Julian Phillips,CHI,23,10,13,123.0,110,2,0,1,0.0,0,0,0.0,0,0.0,0,0.0,0,0.0,0,0.0,0,0.0,1641763,1610612741
Julian Strawther,DEN,32,21,11,447.0,629,8,3,5,60.0,0,0,0.0,6,75.0,3,37.5,1,33.300000000000004,0,0.0,0,0.0,1631124,1610612743
Julius Randle,NYK,46,29,17,1630.0,3337,90,22,36,61.1,6,10,60.0,50,55.60000000000001,37,41.099999999999994,7,18.9,8,8.9,4,4.3999999999999995,203944,1610612752
Justin Holiday,DEN,26,15,11,338.0,314,8,2,2,100.0,0,0,0.0,4,50.0,5,62.5,2,40.0,1,12.5,0,0.0,203200,1610612743
Justin Minaya,POR,12,1,11,115.0,134,0,0,0,0.0,0,0,0.0,0,0.0,0,0.0,0,0.0,0,0.0,0,0.0,1631303,1610612757
Jusuf Nurkic,PHX,44,27,17,1205.0,2378,163,28,58,48.3,19,30,63.3,78,47.9,74,45.4,14,18.9,8,4.9,13,8.0,203994,1610612756
KJ Martin,PHI,31,19,12,262.0,261,13,2,7,28.599999999999998,0,0,0.0,4,30.8,5,38.5,1,20.0,1,7.7,0,0.0,1630231,1610612755
Kaiser Gates,NOP,1,0,1,7.0,14,0,0,0,0.0,0,0,0.0,0,0.0,0,0.0,0,0.0,0,0.0,0,0.0,1629232,1610612740
Karl-Anthony Towns,MIN,46,32,14,1530.0,2500,107,34,49,69.39999999999999,7,8,87.5,79,73.8,37,34.599999999999994,9,24.3,10,9.3,4,3.6999999999999997,1626157,1610612750
Kawhi Leonard,LAC,41,28,13,1415.0,2160,96,32,54,59.3,6,8,75.0,70,72.89999999999999,27,28.1,6,22.2,2,2.1,4,4.2,202695,1610612746
Keegan Murray,SAC,41,25,16,1349.0,1792,32,12,17,70.6,6,6,100.0,31,96.89999999999999,10,31.3,1,10.0,1,3.1,3,9.4,1631099,1610612758
Keita Bates-Diop,PHX,36,21,15,561.0,587,17,3,6,50.0,0,2,0.0,6,35.3,9,52.900000000000006,4,44.4,1,5.8999999999999995,1,5.8999999999999995,1628966,1610612756
Keldon Johnson,SAS,45,10,35,1377.0,2418,27,7,12,58.3,0,0,0.0,14,51.9,14,51.9,2,14.299999999999999,1,3.6999999999999997,0,0.0,1629640,1610612759
Kelly Olynyk,UTA,46,23,23,942.0,1940,54,10,16,62.5,2,4,50.0,23,42.6,34,63.0,9,26.5,0,0.0,2,3.6999999999999997,203482,1610612762
Kelly Oubre Jr.,PHI,33,23,10,909.0,1065,16,5,9,55.60000000000001,1,2,50.0,11,68.8,3,18.8,2,66.7,2,12.5,1,6.3,1626162,1610612755
Kendall Brown,IND,4,2,2,18.0,23,0,0,0,0.0,0,0,0.0,0,0.0,0,0.0,0,0.0,0,0.0,0,0.0,1631112,1610612754
Kenneth Lofton Jr.,PHI,16,5,11,102.0,136,21,4,8,50.0,2,2,100.0,10,47.599999999999994,10,47.599999999999994,2,20.0,2,9.5,1,4.8,1631254,1610612755
Kenrich Williams,OKC,36,26,10,542.0,692,17,2,7,28.599999999999998,0,0,0.0,4,23.5,10,58.8,1,10.0,0,0.0,0,0.0,1629026,1610612760
Kentavious Caldwell-Pope,DEN,45,31,14,1455.0,1654,32,5,12,41.699999999999996,0,0,0.0,10,31.3,18,56.3,4,22.2,1,3.1,0,0.0,203484,1610612743
Keon Ellis,SAC,28,18,10,342.0,649,4,0,0,0.0,0,0,0.0,0,0.0,4,100.0,2,50.0,0,0.0,0,0.0,1631165,1610612758
Keon Johnson,BKN,1,0,1,21.0,38,0,0,0,0.0,0,0,0.0,0,0.0,0,0.0,0,0.0,0,0.0,0,0.0,1630553,1610612751
Kessler Edwards,SAC,30,19,11,145.0,187,0,0,0,0.0,0,0,0.0,0,0.0,0,0.0,0,0.0,0,0.0,0,0.0,1630556,1610612758
Kevin Durant,PHX,40,22,18,1491.0,2886,72,25,41,61.0,4,4,100.0,56,77.8,21,29.2,6,28.599999999999998,1,1.4000000000000001,1,1.4000000000000001,201142,1610612756
Kevin Huerter,SAC,43,26,17,1055.0,1626,18,7,9,77.8,2,2,100.0,16,88.9,7,38.9,3,42.9,1,5.6000000000000005,1,5.6000000000000005,1628989,1610612758
Kevin Knox II,DET,28,4,24,509.0,575,11,5,6,83.3,4,4,100.0,15,136.4,2,18.2,1,50.0,1,9.1,2,18.2,1628995,1610612765
Kevin Love,MIA,36,17,19,650.0,1361,13,1,3,33.300000000000004,1,2,50.0,3,23.1,6,46.2,1,16.7,0,0.0,1,7.7,201567,1610612748
Kevon Harris,ORL,1,0,1,3.0,2,0,0,0,0.0,0,0,0.0,0,0.0,0,0.0,0,0.0,0,0.0,0,0.0,1630284,1610612753
Kevon Looney,GSW,43,19,24,850.0,1538,66,16,27,59.3,7,8,87.5,39,59.099999999999994,32,48.5,9,28.1,2,3.0,3,4.5,1626172,1610612744
Keyontae Johnson,OKC,6,4,2,48.0,50,2,1,2,50.0,0,0,0.0,2,100.0,0,0.0,0,0.0,0,0.0,0,0.0,1641749,1610612760
Keyonte George,UTA,42,20,22,1018.0,2456,4,2,2,100.0,0,0,0.0,4,100.0,2,50.0,0,0.0,0,0.0,0,0.0,1641718,1610612762
Khris Middleton,MIL,40,26,14,1049.0,1983,18,3,5,60.0,2,2,100.0,9,50.0,11,61.1,2,18.2,1,5.6000000000000005,1,5.6000000000000005,203114,1610612749
Killian Hayes,DET,41,6,35,979.0,1975,9,2,3,66.7,0,0,0.0,4,44.4,5,55.60000000000001,3,60.0,1,11.1,0,0.0,1630165,1610612765
Kira Lewis Jr.,TOR,15,9,6,139.0,280,3,1,2,50.0,0,0,0.0,2,66.7,0,0.0,0,0.0,0,0.0,0,0.0,1630184,1610612761
Klay Thompson,GSW,42,18,24,1296.0,1625,28,3,11,27.3,6,6,100.0,12,42.9,10,35.699999999999996,3,30.0,4,14.299999999999999,3,10.7,202691,1610612744
Kobe Brown,LAC,28,21,7,262.0,349,8,3,3,100.0,1,2,50.0,7,87.5,4,50.0,1,25.0,0,0.0,1,12.5,1641738,1610612746
Kobe Bufkin,ATL,2,2,0,4.0,9,0,0,0,0.0,0,0,0.0,0,0.0,0,0.0,0,0.0,0,0.0,0,0.0,1641723,1610612737
Kris Dunn,UTA,40,21,19,701.0,1481,18,2,5,40.0,0,0,0.0,4,22.2,13,72.2,1,7.7,0,0.0,0,0.0,1627739,1610612762
Kris Murray,POR,28,6,22,347.0,402,7,1,2,50.0,0,0,0.0,2,28.599999999999998,5,71.39999999999999,0,0.0,0,0.0,0,0.0,1631200,1610612757
Kristaps Porzingis,BOS,33,25,8,980.0,1570,91,26,41,63.4,28,36,77.8,81,89.0,23,25.3,7,30.4,5,5.5,16,17.599999999999998,204001,1610612738
Kyle Anderson,MIN,47,33,14,1049.0,1863,70,13,21,61.9,3,4,75.0,30,42.9,44,62.9,8,18.2,3,4.3,2,2.9000000000000004,203937,1610612750
Kyle Kuzma,WAS,46,9,37,1445.0,2650,58,24,35,68.60000000000001,2,2,100.0,52,89.7,16,27.6,4,25.0,4,6.9,1,1.7000000000000002,1628398,1610612764
Kyle Lowry,CHA,37,21,16,1037.0,1991,5,1,2,50.0,0,0,0.0,2,40.0,3,60.0,0,0.0,0,0.0,0,0.0,200768,1610612766
Kyrie Irving,DAL,27,15,12,899.0,1883,32,12,18,66.7,1,1,100.0,27,84.39999999999999,13,40.6,3,23.1,0,0.0,1,3.1,202681,1610612742
LaMelo Ball,CHA,22,7,15,711.0,1843,11,3,5,60.0,0,0,0.0,6,54.50000000000001,6,54.50000000000001,2,33.300000000000004,0,0.0,0,0.0,1630163,1610612766
Lamar Stevens,BOS,18,14,4,115.0,165,9,2,5,40.0,0,0,0.0,4,44.4,3,33.300000000000004,0,0.0,1,11.1,0,0.0,1630205,1610612738
Landry Shamet,WAS,30,5,25,449.0,686,7,3,4,75.0,0,0,0.0,6,85.7,3,42.9,0,0.0,0,0.0,0,0.0,1629013,1610612764
Larry Nance Jr.,NOP,30,15,15,536.0,827,67,13,17,76.5,4,6,66.7,31,46.300000000000004,43,64.2,8,18.6,3,4.5,2,3.0,1626204,1610612740
Lauri Markkanen,UTA,38,19,19,1233.0,1969,75,24,36,66.7,20,22,90.9,68,90.7,21,28.000000000000004,4,19.0,3,4.0,11,14.7,1628374,1610612762
LeBron James,LAL,42,21,21,1469.0,3135,55,21,28,75.0,8,10,80.0,54,98.2,18,32.7,7,38.9,2,3.5999999999999996,5,9.1,2544,1610612747
Leaky Black,CHA,16,1,15,100.0,133,1,0,0,0.0,0,0,0.0,0,0.0,1,100.0,0,0.0,0,0.0,0,0.0,1641778,1610612766
Leonard Miller,MIN,5,4,1,19.0,46,1,1,1,100.0,0,0,0.0,2,200.0,0,0.0,0,0.0,0,0.0,0,0.0,1631159,1610612750
Lester Quinones,GSW,9,3,6,57.0,97,2,0,1,0.0,0,0,0.0,0,0.0,1,50.0,0,0.0,0,0.0,0,0.0,1631311,1610612744
Lindell Wigginton,MIL,3,3,0,8.0,14,0,0,0,0.0,0,0,0.0,0,0.0,0,0.0,0,0.0,0,0.0,0,0.0,1629623,1610612749
Lindy Waters III,OKC,17,12,5,125.0,157,1,0,0,0.0,0,0,0.0,0,0.0,1,100.0,0,0.0,0,0.0,0,0.0,1630322,1610612760
Lonnie Walker IV,BKN,28,13,15,517.0,720,6,3,4,75.0,0,0,0.0,6,100.0,2,33.300000000000004,0,0.0,0,0.0,0,0.0,1629022,1610612751
Luguentz Dort,OKC,45,30,15,1273.0,1215,17,8,9,88.9,3,4,75.0,19,111.80000000000001,6,35.3,0,0.0,0,0.0,2,11.799999999999999,1629652,1610612760
Luka Doncic,DAL,40,23,17,1499.0,3691,29,7,15,46.7,4,4,100.0,20,69.0,11,37.9,3,27.3,0,0.0,2,6.9,1629029,1610612742
Luka Garza,MIN,9,6,3,23.0,45,2,1,2,50.0,0,0,0.0,2,100.0,0,0.0,0,0.0,0,0.0,0,0.0,1630568,1610612750
Luka Samanic,UTA,22,10,12,134.0,184,6,6,6,100.0,0,0,0.0,13,216.7,0,0.0,0,0.0,0,0.0,0,0.0,1629677,1610612762
Luke Kennard,MEM,21,9,12,517.0,830,3,1,3,33.300000000000004,0,0,0.0,2,66.7,0,0.0,0,0.0,0,0.0,0,0.0,1628379,1610612763
Luke Kornet,BOS,33,23,10,499.0,529,35,5,6,83.3,4,4,100.0,15,42.9,24,68.60000000000001,8,33.300000000000004,1,2.9000000000000004,2,5.7,1628436,1610612738
Malachi Flynn,NYK,41,21,20,512.0,1147,2,1,1,100.0,0,0,0.0,2,100.0,1,50.0,0,0.0,0,0.0,0,0.0,1630201,1610612752
Malaki Branham,SAS,42,8,34,880.0,1497,11,5,6,83.3,2,2,100.0,12,109.1,4,36.4,0,0.0,0,0.0,0,0.0,1631103,1610612759
Malcolm Brogdon,POR,37,14,23,1050.0,2193,7,2,4,50.0,1,2,50.0,4,57.099999999999994,2,28.599999999999998,0,0.0,0,0.0,1,14.299999999999999,1627763,1610612757
Malcolm Cazalon,DET,1,0,1,3.0,1,0,0,0,0.0,0,0,0.0,0,0.0,0,0.0,0,0.0,0,0.0,0,0.0,1630608,1610612765
Malik Beasley,MIL,45,30,15,1323.0,1440,9,1,1,100.0,0,0,0.0,2,22.2,7,77.8,1,14.299999999999999,1,11.1,0,0.0,1627736,1610612749
Malik Monk,SAC,44,27,17,1126.0,2299,10,4,5,80.0,2,2,100.0,10,100.0,3,30.0,2,66.7,1,10.0,1,10.0,1628370,1610612758
Mamadi Diakite,SAS,3,2,1,16.0,31,3,2,2,100.0,0,0,0.0,4,133.29999999999998,1,33.300000000000004,0,0.0,0,0.0,0,0.0,1629603,1610612759
MarJon Beauchamp,MIL,35,23,12,540.0,517,4,1,2,50.0,2,2,100.0,4,100.0,1,25.0,0,0.0,0,0.0,1,25.0,1630699,1610612749
Marcus Morris Sr.,PHI,35,22,13,594.0,717,13,4,8,50.0,2,2,100.0,10,76.9,4,30.8,1,25.0,0,0.0,1,7.7,202694,1610612755
Marcus Sasser,DET,41,5,36,637.0,1274,4,0,0,0.0,0,0,0.0,0,0.0,4,100.0,1,25.0,0,0.0,0,0.0,1631204,1610612765
Marcus Smart,MEM,20,7,13,605.0,1048,16,2,2,100.0,0,0,0.0,4,25.0,12,75.0,2,16.7,1,6.3,0,0.0,203935,1610612763
Mark Williams,CHA,19,7,12,508.0,631,60,14,28,50.0,6,6,100.0,34,56.699999999999996,24,40.0,3,12.5,3,5.0,3,5.0,1631109,1610612766
Markelle Fultz,ORL,14,6,8,341.0,661,8,0,3,0.0,0,0,0.0,0,0.0,3,37.5,0,0.0,0,0.0,0,0.0,1628365,1610612753
Markieff Morris,DAL,16,8,8,150.0,200,7,1,2,50.0,0,0,0.0,2,28.599999999999998,4,57.099999999999994,2,50.0,1,14.299999999999999,0,0.0,202693,1610612742
Markquis Nowell,TOR,1,0,1,4.0,9,0,0,0,0.0,0,0,0.0,0,0.0,0,0.0,0,0.0,0,0.0,0,0.0,1641806,1610612761
Marques Bolden,MIL,2,2,0,3.0,6,0,0,0,0.0,0,0,0.0,0,0.0,0,0.0,0,0.0,0,0.0,0,0.0,1629716,1610612749
Marvin Bagley III,WAS,33,4,29,653.0,1041,78,26,45,57.8,9,16,56.3,62,79.5,21,26.900000000000002,3,14.299999999999999,2,2.6,7,9.0,1628963,1610612764
Mason Plumlee,LAC,15,10,5,261.0,417,29,3,4,75.0,4,6,66.7,11,37.9,19,65.5,4,21.099999999999998,1,3.4000000000000004,2,6.9,203486,1610612746
Matisse Thybulle,POR,45,13,32,1024.0,1127,12,0,2,0.0,0,0,0.0,0,0.0,10,83.3,2,20.0,0,0.0,0,0.0,1629680,1610612757
Matt Hurt,MEM,1,0,1,23.0,28,0,0,0,0.0,0,0,0.0,0,0.0,0,0.0,0,0.0,0,0.0,0,0.0,1630562,1610612763
Matt Ryan,NOP,13,6,7,298.0,350,3,1,2,50.0,0,0,0.0,2,66.7,0,0.0,0,0.0,1,33.300000000000004,0,0.0,1630346,1610612740
Max Christie,LAL,37,18,19,630.0,783,4,2,2,100.0,0,0,0.0,4,100.0,2,50.0,1,50.0,0,0.0,0,0.0,1631108,1610612747
Max Strus,CLE,44,28,16,1458.0,2503,20,6,12,50.0,2,2,100.0,14,70.0,6,30.0,2,33.300000000000004,0,0.0,1,5.0,1629622,1610612739
Maxi Kleber,DAL,12,6,6,225.0,287,8,0,0,0.0,0,0,0.0,0,0.0,7,87.5,3,42.9,0,0.0,0,0.0,1628467,1610612742
Maxwell Lewis,LAL,15,5,10,55.0,38,0,0,0,0.0,0,0,0.0,0,0.0,0,0.0,0,0.0,0,0.0,0,0.0,1641721,1610612747
Micah Potter,UTA,2,1,1,7.0,14,1,0,0,0.0,0,0,0.0,0,0.0,1,100.0,0,0.0,0,0.0,0,0.0,1630695,1610612762
Michael Porter Jr.,DEN,47,32,15,1471.0,1956,61,15,32,46.9,4,4,100.0,36,59.0,24,39.300000000000004,1,4.2,2,3.3000000000000003,1,1.6,1629008,1610612743
Mikal Bridges,BKN,45,19,26,1583.0,2662,41,12,20,60.0,6,10,60.0,33,80.5,14,34.1,3,21.4,0,0.0,5,12.2,1628969,1610612751
Mike Conley,MIN,42,31,11,1228.0,2856,5,1,2,50.0,0,0,0.0,2,40.0,3,60.0,1,33.300000000000004,0,0.0,0,0.0,201144,1610612750
Mike Muscala,DET,30,6,24,419.0,634,33,7,13,53.800000000000004,4,4,100.0,18,54.50000000000001,14,42.4,3,21.4,1,3.0,2,6.1,203488,1610612765
Miles Bridges,CHA,34,7,27,1262.0,2207,35,12,20,60.0,0,0,0.0,26,74.3,14,40.0,3,21.4,1,2.9000000000000004,0,0.0,1628970,1610612766
Miles McBride,NYK,34,23,11,340.0,620,2,0,2,0.0,0,0,0.0,0,0.0,0,0.0,0,0.0,0,0.0,0,0.0,1630540,1610612752
Mitchell Robinson,NYK,21,12,9,613.0,652,16,2,3,66.7,0,4,0.0,4,25.0,9,56.3,0,0.0,2,12.5,2,12.5,1629011,1610612752
Mo Bamba,PHI,25,16,9,233.0,393,17,6,8,75.0,0,0,0.0,13,76.5,9,52.900000000000006,0,0.0,0,0.0,0,0.0,1628964,1610612755
Monte Morris,DET,3,2,1,33.0,91,2,0,0,0.0,0,0,0.0,0,0.0,2,100.0,0,0.0,0,0.0,0,0.0,1628420,1610612765
Moritz Wagner,ORL,45,23,22,858.0,1411,139,41,61,67.2,15,20,75.0,101,72.7,56,40.300000000000004,11,19.6,10,7.199999999999999,10,7.199999999999999,1629021,1610612753
Moses Brown,POR,9,2,7,82.0,130,3,1,2,50.0,0,0,0.0,2,66.7,1,33.300000000000004,0,0.0,0,0.0,0,0.0,1629650,1610612757
Moses Moody,GSW,34,16,18,611.0,667,16,2,4,50.0,2,2,100.0,6,37.5,11,68.8,2,18.2,0,0.0,1,6.3,1630541,1610612744
Mouhamed Gueye,ATL,2,2,0,4.0,6,0,0,0,0.0,0,0,0.0,0,0.0,0,0.0,0,0.0,0,0.0,0,0.0,1631243,1610612737
Moussa Diabate,LAC,10,6,4,58.0,83,4,1,1,100.0,2,2,100.0,4,100.0,1,25.0,0,0.0,1,25.0,1,25.0,1631217,1610612746
Myles Turner,IND,45,26,19,1235.0,1602,139,49,75,65.3,32,36,88.9,133,95.7,37,26.6,10,27.0,7,5.0,17,12.2,1626167,1610612754
Naji Marshall,NOP,37,22,15,681.0,1154,20,7,10,70.0,2,2,100.0,17,85.0,8,40.0,2,25.0,0,0.0,1,5.0,1630230,1610612740
Nassir Little,PHX,27,15,12,374.0,447,7,2,2,100.0,2,2,100.0,6,85.7,2,28.599999999999998,1,50.0,0,0.0,1,14.299999999999999,1629642,1610612756
Nate Hinton,HOU,7,5,2,33.0,62,0,0,0,0.0,0,0,0.0,0,0.0,0,0.0,0,0.0,0,0.0,0,0.0,1630207,1610612745
Nate Williams,HOU,7,2,5,55.0,71,2,0,0,0.0,0,0,0.0,0,0.0,2,100.0,1,50.0,0,0.0,0,0.0,1631466,1610612745
Nathan Mensah,CHA,20,3,17,266.0,168,9,1,2,50.0,2,4,50.0,4,44.4,4,44.4,0,0.0,0,0.0,1,11.1,1641877,1610612766
Naz Reid,MIN,47,33,14,1049.0,1665,41,11,18,61.1,4,8,50.0,26,63.4,14,34.1,1,7.1,3,7.3,3,7.3,1629675,1610612750
Neemias Queta,BOS,19,16,3,233.0,237,12,4,6,66.7,0,0,0.0,8,66.7,5,41.699999999999996,0,0.0,1,8.3,0,0.0,1629674,1610612738
Nic Claxton,BKN,35,14,21,1042.0,1546,106,20,40,50.0,6,12,50.0,47,44.3,54,50.9,12,22.2,3,2.8000000000000003,6,5.7,1629651,1610612751
Nick Richards,CHA,36,5,31,905.0,987,62,10,17,58.8,12,16,75.0,32,51.6,31,50.0,6,19.400000000000002,5,8.1,8,12.9,1630208,1610612766
Nick Smith Jr.,CHA,30,6,24,456.0,693,4,2,4,50.0,0,0,0.0,4,100.0,0,0.0,0,0.0,0,0.0,0,0.0,1641733,1610612766
Nickeil Alexander-Walker,MIN,47,33,14,1082.0,1917,8,0,0,0.0,1,2,50.0,1,12.5,7,87.5,2,28.599999999999998,0,0.0,1,12.5,1629638,1610612750
Nicolas Batum,PHI,34,22,12,846.0,985,19,1,1,100.0,1,2,50.0,3,15.8,15,78.9,5,33.300000000000004,0,0.0,1,5.3,201587,1610612755
Nikola Jokic,DEN,46,31,15,1550.0,4612,483,125,200,62.5,25,31,80.60000000000001,278,57.599999999999994,233,48.199999999999996,71,30.5,23,4.8,15,3.1,203999,1610612743
Nikola Jovic,MIA,19,7,12,317.0,492,5,1,2,50.0,3,4,75.0,5,100.0,1,20.0,0,0.0,0,0.0,1,20.0,1631107,1610612748
Nikola Vucevic,CHI,42,20,22,1421.0,2655,287,59,106,55.7,9,10,90.0,128,44.6,154,53.7,25,16.2,11,3.8,5,1.7000000000000002,202696,1610612741
Noah Clowney,BKN,3,2,1,30.0,48,9,1,3,33.300000000000004,2,2,100.0,4,44.4,4,44.4,1,25.0,1,11.1,1,11.1,1641730,1610612751
Norman Powell,LAC,45,30,15,1142.0,1218,18,7,9,77.8,0,0,0.0,14,77.8,6,33.300000000000004,1,16.7,1,5.6000000000000005,0,0.0,1626181,1610612746
OG Anunoby,NYK,41,23,18,1401.0,1737,31,16,23,69.6,2,2,100.0,35,112.9,6,19.400000000000002,2,33.300000000000004,0,0.0,1,3.2,1628384,1610612752
Obi Toppin,IND,47,27,20,1091.0,1560,22,4,6,66.7,7,8,87.5,16,72.7,11,50.0,4,36.4,1,4.5,4,18.2,1630167,1610612754
Ochai Agbaji,UTA,48,24,24,963.0,1008,14,2,4,50.0,0,0,0.0,4,28.599999999999998,9,64.3,0,0.0,1,7.1,0,0.0,1630534,1610612762
Olivier Sarr,OKC,10,5,5,73.0,102,5,0,0,0.0,0,0,0.0,0,0.0,4,80.0,0,0.0,1,20.0,0,0.0,1630846,1610612760
Olivier-Maxence Prosper,DAL,24,12,12,219.0,273,8,3,3,100.0,0,0,0.0,6,75.0,5,62.5,2,40.0,0,0.0,0,0.0,1641765,1610612742
Omer Yurtseven,UTA,26,13,13,265.0,401,13,2,7,28.599999999999998,0,0,0.0,4,30.8,4,30.8,3,75.0,1,7.7,0,0.0,1630209,1610612762
Onuralp Bitim,CHI,1,0,1,3.0,1,0,0,0,0.0,0,0,0.0,0,0.0,0,0.0,0,0.0,0,0.0,0,0.0,1641931,1610612741
Onyeka Okongwu,ATL,45,18,27,1109.0,1277,73,15,32,46.9,9,10,90.0,40,54.800000000000004,28,38.4,5,17.9,5,6.800000000000001,5,6.800000000000001,1630168,1610612737
Orlando Robinson,MIA,20,10,10,229.0,373,15,2,6,33.300000000000004,2,2,100.0,7,46.7,8,53.300000000000004,1,12.5,0,0.0,1,6.7,1631115,1610612748
Oscar Tshiebwe,IND,6,1,5,34.0,45,3,1,1,100.0,0,0,0.0,2,66.7,2,66.7,1,50.0,0,0.0,0,0.0,1631131,1610612754
Oshae Brissett,BOS,29,23,6,344.0,435,7,1,4,25.0,2,4,50.0,4,57.099999999999994,1,14.299999999999999,1,100.0,0,0.0,2,28.599999999999998,1629052,1610612738
Otto Porter Jr.,TOR,15,6,9,174.0,210,3,2,2,100.0,0,0,0.0,4,133.29999999999998,1,33.300000000000004,1,100.0,0,0.0,0,0.0,203490,1610612761
Ousmane Dieng,OKC,22,12,10,250.0,331,12,2,2,100.0,0,0,0.0,4,33.300000000000004,10,83.3,0,0.0,0,0.0,0,0.0,1631172,1610612760
P.J. Tucker,LAC,15,6,9,239.0,180,3,0,0,0.0,2,2,100.0,2,66.7,2,66.7,0,0.0,0,0.0,1,33.300000000000004,200782,1610612746
P.J. Washington,CHA,39,9,30,1126.0,1837,63,15,27,55.60000000000001,2,2,100.0,32,50.8,29,46.0,2,6.9,5,7.9,1,1.6,1629023,1610612766
Paolo Banchero,ORL,47,24,23,1639.0,3604,64,17,33,51.5,13,16,81.3,48,75.0,18,28.1,1,5.6000000000000005,5,7.8,7,10.9,1631094,1610612753
Pascal Siakam,IND,45,18,27,1549.0,2756,69,19,25,76.0,5,10,50.0,46,66.7,34,49.3,14,41.199999999999996,2,2.9000000000000004,4,5.800000000000001,1627783,1610612754
Pat Connaughton,MIL,41,28,13,859.0,1146,11,0,1,0.0,0,0,0.0,0,0.0,9,81.8,2,22.2,1,9.1,0,0.0,1626192,1610612749
Patrick Baldwin Jr.,WAS,15,2,13,104.0,165,2,1,1,100.0,2,2,100.0,4,200.0,0,0.0,0,0.0,0,0.0,1,50.0,1631116,1610612764
Patrick Beverley,PHI,42,26,16,809.0,1702,7,0,2,0.0,0,0,0.0,0,0.0,5,71.39999999999999,1,20.0,0,0.0,0,0.0,201976,1610612755
Patrick Williams,CHI,43,19,24,1174.0,1648,15,2,3,66.7,1,2,50.0,5,33.300000000000004,8,53.300000000000004,2,25.0,3,20.0,1,6.7,1630172,1610612741
Patty Mills,ATL,15,6,9,173.0,171,0,0,0,0.0,0,0,0.0,0,0.0,0,0.0,0,0.0,0,0.0,0,0.0,201988,1610612737
Paul George,LAC,43,28,15,1465.0,2438,55,16,31,51.6,1,2,50.0,36,65.5,20,36.4,4,20.0,1,1.7999999999999998,1,1.7999999999999998,202331,1610612746
Paul Reed,PHI,45,29,16,727.0,1094,68,21,39,53.800000000000004,8,12,66.7,51,75.0,18,26.5,6,33.300000000000004,3,4.3999999999999995,6,8.799999999999999,1630194,1610612755
Payton Pritchard,BOS,47,36,11,990.0,1747,17,5,7,71.39999999999999,0,0,0.0,10,58.8,9,52.900000000000006,2,22.2,0,0.0,0,0.0,1630202,1610612738
Pete Nance,CLE,2,1,1,4.0,6,0,0,0,0.0,0,0,0.0,0,0.0,0,0.0,0,0.0,0,0.0,0,0.0,1631250,1610612739
Peyton Watson,DEN,45,31,14,796.0,1165,31,6,13,46.2,5,8,62.5,17,54.800000000000004,11,35.5,0,0.0,1,3.2,4,12.9,1631212,1610612743
Precious Achiuwa,NYK,40,21,19,687.0,1105,58,6,17,35.3,2,4,50.0,14,24.099999999999998,33,56.89999999999999,6,18.2,6,10.299999999999999,2,3.4000000000000004,1630173,1610612752
Quentin Grimes,NYK,44,28,16,889.0,1048,11,3,5,60.0,4,4,100.0,10,90.9,4,36.4,2,50.0,0,0.0,2,18.2,1629656,1610612752
R.J. Hampton,MIA,8,3,5,76.0,113,0,0,0,0.0,0,0,0.0,0,0.0,0,0.0,0,0.0,0,0.0,0,0.0,1630181,1610612748
RJ Barrett,TOR,39,19,20,1204.0,1840,36,14,20,70.0,7,10,70.0,35,97.2,6,16.7,3,50.0,5,13.900000000000002,5,13.900000000000002,1629628,1610612761
Rayan Rupert,POR,16,2,14,119.0,226,1,0,1,0.0,0,0,0.0,0,0.0,0,0.0,0,0.0,0,0.0,0,0.0,1641712,1610612757
Reggie Bullock Jr.,HOU,18,10,8,166.0,198,2,0,1,0.0,0,0,0.0,0,0.0,1,50.0,0,0.0,0,0.0,0,0.0,203493,1610612745
Reggie Jackson,DEN,47,32,15,1088.0,2251,23,8,10,80.0,0,0,0.0,16,69.6,12,52.2,3,25.0,1,4.3,0,0.0,202704,1610612743
Richaun Holmes,DAL,21,8,13,202.0,268,23,6,14,42.9,0,0,0.0,12,52.2,7,30.4,0,0.0,2,8.7,0,0.0,1626158,1610612742
Ricky Council IV,PHI,6,4,2,30.0,34,0,0,0,0.0,0,0,0.0,0,0.0,0,0.0,0,0.0,0,0.0,0,0.0,1641741,1610612755
Robert Covington,PHI,29,20,9,488.0,630,11,1,1,100.0,0,0,0.0,2,18.2,10,90.9,1,10.0,0,0.0,0,0.0,203496,1610612755
Robert Williams III,POR,6,2,4,119.0,131,13,3,5,60.0,2,2,100.0,8,61.5,6,46.2,2,33.300000000000004,1,7.7,1,7.7,1629057,1610612757
Robin Lopez,MIL,13,9,4,38.0,45,6,0,1,0.0,0,0,0.0,0,0.0,4,66.7,1,25.0,0,0.0,0,0.0,201577,1610612749
Ron Harper Jr.,TOR,1,1,0,4.0,4,0,0,0,0.0,0,0,0.0,0,0.0,0,0.0,0,0.0,0,0.0,0,0.0,1631199,1610612761
Royce O'Neale,BKN,44,19,25,1074.0,1891,14,2,2,100.0,0,0,0.0,4,28.599999999999998,11,78.60000000000001,1,9.1,0,0.0,0,0.0,1626220,1610612751
Rudy Gobert,MIN,46,33,13,1526.0,1992,142,23,47,48.9,21,34,61.8,68,47.9,63,44.4,9,14.299999999999999,10,7.000000000000001,17,12.0,203497,1610612750
Rui Hachimura,LAL,33,16,17,754.0,900,24,8,16,50.0,2,2,100.0,18,75.0,6,25.0,0,0.0,0,0.0,1,4.2,1629060,1610612747
Russell Westbrook,LAC,45,30,15,1035.0,2092,42,7,13,53.800000000000004,4,6,66.7,18,42.9,22,52.400000000000006,10,45.5,2,4.8,3,7.1,201566,1610612746
Ryan Arcidiacono,NYK,19,14,5,45.0,57,0,0,0,0.0,0,0,0.0,0,0.0,0,0.0,0,0.0,0,0.0,0,0.0,1627853,1610612752
Ryan Rollins,WAS,10,1,9,66.0,133,4,0,0,0.0,0,0,0.0,0,0.0,4,100.0,0,0.0,0,0.0,0,0.0,1631157,1610612764
Saben Lee,PHX,11,6,5,75.0,138,0,0,0,0.0,0,0,0.0,0,0.0,0,0.0,0,0.0,0,0.0,0,0.0,1630240,1610612756
Saddiq Bey,ATL,46,19,27,1500.0,1945,16,7,10,70.0,0,0,0.0,15,93.8,5,31.3,0,0.0,0,0.0,0,0.0,1630180,1610612737
Sam Hauser,BOS,46,36,10,994.0,1148,15,2,3,66.7,2,2,100.0,6,40.0,10,66.7,1,10.0,1,6.7,1,6.7,1630573,1610612738
Sam Merrill,CLE,29,20,9,473.0,676,3,0,2,0.0,0,0,0.0,0,0.0,1,33.300000000000004,0,0.0,0,0.0,0,0.0,1630241,1610612739
Sandro Mamukelashvili,SAS,26,5,21,177.0,322,13,1,2,50.0,0,0,0.0,2,15.4,8,61.5,1,12.5,3,23.1,0,0.0,1630572,1610612759
Santi Aldama,MEM,36,16,20,857.0,1426,63,9,20,45.0,3,4,75.0,21,33.300000000000004,34,54.0,3,8.799999999999999,4,6.3,2,3.2,1630583,1610612763
Sasha Vezenkov,SAC,33,17,16,419.0,601,7,2,3,66.7,1,2,50.0,5,71.39999999999999,3,42.9,2,66.7,0,0.0,1,14.299999999999999,1628426,1610612758
Scoot Henderson,POR,38,13,25,1002.0,2331,19,3,5,60.0,2,2,100.0,8,42.1,9,47.4,1,11.1,3,15.8,1,5.3,1630703,1610612757
Scottie Barnes,TOR,46,16,30,1619.0,3445,112,32,45,71.1,4,4,100.0,69,61.6,56,50.0,18,32.1,5,4.5,1,0.8999999999999999,1630567,1610612761
Scotty Pippen Jr.,MEM,4,1,3,78.0,168,1,0,0,0.0,0,0,0.0,0,0.0,1,100.0,0,0.0,0,0.0,0,0.0,1630590,1610612763
Seth Curry,DAL,35,21,14,440.0,623,6,2,3,66.7,0,0,0.0,4,66.7,2,33.300000000000004,0,0.0,1,16.7,0,0.0,203552,1610612742
Seth Lundy,ATL,9,2,7,52.0,53,0,0,0,0.0,0,0,0.0,0,0.0,0,0.0,0,0.0,0,0.0,0,0.0,1641754,1610612737
Shaedon Sharpe,POR,32,8,24,1059.0,1560,27,6,14,42.9,9,10,90.0,22,81.5,8,29.599999999999998,5,62.5,0,0.0,4,14.799999999999999,1631101,1610612757
Shai Gilgeous-Alexander,OKC,46,32,14,1580.0,3341,38,16,18,88.9,2,2,100.0,35,92.10000000000001,15,39.5,1,6.7,2,5.3,1,2.6,1628983,1610612760
Shake Milton,MIN,36,25,11,480.0,834,11,2,6,33.300000000000004,1,2,50.0,5,45.5,1,9.1,1,100.0,2,18.2,1,9.1,1629003,1610612750
Shaquille Harrison,MEM,3,1,2,6.0,10,0,0,0,0.0,0,0,0.0,0,0.0,0,0.0,0,0.0,0,0.0,0,0.0,1627885,1610612763
Sidy Cissoko,SAS,5,0,5,32.0,31,0,0,0,0.0,0,0,0.0,0,0.0,0,0.0,0,0.0,0,0.0,0,0.0,1631321,1610612759
Simone Fontecchio,UTA,46,23,23,1055.0,1320,15,2,5,40.0,2,2,100.0,6,40.0,7,46.7,1,14.299999999999999,1,6.7,1,6.7,1631323,1610612762
Skylar Mays,LAL,24,7,17,383.0,852,3,1,1,100.0,0,0,0.0,2,66.7,2,66.7,0,0.0,0,0.0,0,0.0,1630219,1610612747
Spencer Dinwiddie,BKN,43,18,25,1312.0,2591,7,1,2,50.0,0,0,0.0,2,28.599999999999998,5,71.39999999999999,2,40.0,0,0.0,0,0.0,203915,1610612751
Stanley Umude,DET,15,1,14,155.0,146,3,0,0,0.0,2,2,100.0,2,66.7,1,33.300000000000004,0,0.0,1,33.300000000000004,1,33.300000000000004,1630649,1610612765
Stephen Curry,GSW,40,19,21,1340.0,2777,22,6,7,85.7,2,2,100.0,15,68.2,11,50.0,2,18.2,2,9.1,1,4.5,201939,1610612744
Svi Mykhailiuk,BOS,21,15,6,161.0,181,2,2,2,100.0,0,0,0.0,4,200.0,0,0.0,0,0.0,0,0.0,0,0.0,1629004,1610612738
T.J. McConnell,IND,38,20,18,646.0,1851,19,5,8,62.5,1,2,50.0,11,57.9,8,42.1,3,37.5,1,5.3,1,5.3,204456,1610612754
Taj Gibson,NYK,10,5,5,97.0,86,8,2,2,100.0,0,0,0.0,4,50.0,5,62.5,0,0.0,0,0.0,0,0.0,201959,1610612752
Talen Horton-Tucker,UTA,32,10,22,675.0,1663,3,3,3,100.0,0,0,0.0,6,200.0,0,0.0,0,0.0,0,0.0,0,0.0,1629659,1610612762
Tari Eason,HOU,22,12,10,480.0,697,12,4,10,40.0,2,2,100.0,10,83.3,1,8.3,0,0.0,0,0.0,1,8.3,1631106,1610612745
Taurean Prince,LAL,44,21,23,1345.0,1203,15,2,5,40.0,0,0,0.0,4,26.700000000000003,9,60.0,2,22.2,1,6.7,0,0.0,1627752,1610612747
Taylor Hendricks,UTA,13,8,5,182.0,174,2,1,1,100.0,0,0,0.0,2,100.0,1,50.0,0,0.0,0,0.0,0,0.0,1641707,1610612762
Taze Moore,POR,3,1,2,10.0,24,0,0,0,0.0,0,0,0.0,0,0.0,0,0.0,0,0.0,0,0.0,0,0.0,1631386,1610612757
Terance Mann,LAC,39,27,12,975.0,1107,28,4,6,66.7,6,8,75.0,14,50.0,16,57.099999999999994,5,31.3,2,7.1,4,14.299999999999999,1629611,1610612746
Terquavion Smith,PHI,5,3,2,24.0,48,0,0,0,0.0,0,0,0.0,0,0.0,0,0.0,0,0.0,0,0.0,0,0.0,1631173,1610612755
Terry Rozier,MIA,34,7,27,1183.0,2847,14,4,6,66.7,1,2,50.0,9,64.3,5,35.699999999999996,3,60.0,0,0.0,1,7.1,1626179,1610612748
Terry Taylor,CHI,16,7,9,108.0,104,8,2,4,50.0,0,0,0.0,4,50.0,4,50.0,0,0.0,0,0.0,0,0.0,1630678,1610612741
Thaddeus Young,TOR,18,4,14,245.0,451,33,8,13,61.5,2,2,100.0,18,54.50000000000001,18,54.50000000000001,2,11.1,1,3.0,1,3.0,201152,1610612761
Thanasis Antetokounmpo,MIL,19,13,6,78.0,73,2,1,2,50.0,0,0,0.0,2,100.0,0,0.0,0,0.0,0,0.0,0,0.0,203648,1610612749
Theo Maledon,PHX,13,3,10,200.0,387,3,0,0,0.0,0,0,0.0,0,0.0,2,66.7,0,0.0,1,33.300000000000004,0,0.0,1630177,1610612756
Thomas Bryant,MIA,24,13,11,257.0,378,33,7,16,43.8,1,2,50.0,16,48.5,13,39.4,1,7.7,2,6.1,1,3.0,1628418,1610612748
Tim Hardaway Jr.,DAL,44,25,19,1327.0,1934,10,3,5,60.0,1,2,50.0,8,80.0,4,40.0,1,25.0,0,0.0,1,10.0,203501,1610612742
Tobias Harris,PHI,42,29,13,1418.0,2120,35,11,18,61.1,6,9,66.7,29,82.89999999999999,11,31.4,1,9.1,1,2.9000000000000004,5,14.299999999999999,202699,1610612755
Torrey Craig,CHI,27,10,17,572.0,799,11,3,5,60.0,0,0,0.0,6,54.50000000000001,6,54.50000000000001,1,16.7,0,0.0,0,0.0,1628470,1610612741
Toumani Camara,POR,46,14,32,1088.0,1393,25,2,6,33.300000000000004,3,4,75.0,7,28.000000000000004,14,56.00000000000001,3,21.4,2,8.0,2,8.0,1641739,1610612757
Trae Young,ATL,41,17,24,1491.0,3625,10,3,5,60.0,0,0,0.0,6,60.0,1,10.0,0,0.0,3,30.0,0,0.0,1629027,1610612737
Trayce Jackson-Davis,GSW,32,14,18,454.0,754,51,16,25,64.0,10,16,62.5,44,86.3,15,29.4,6,40.0,2,3.9,8,15.7,1631218,1610612744
Tre Jones,SAS,42,9,33,1072.0,2427,19,10,14,71.39999999999999,0,0,0.0,20,105.3,4,21.099999999999998,0,0.0,0,0.0,0,0.0,1630200,1610612759
Tre Mann,OKC,13,11,2,119.0,252,2,0,0,0.0,0,0,0.0,0,0.0,1,50.0,0,0.0,0,0.0,0,0.0,1630544,1610612760
Trendon Watford,BKN,32,12,20,383.0,806,14,5,6,83.3,0,0,0.0,11,78.60000000000001,6,42.9,1,16.7,2,14.299999999999999,0,0.0,1630570,1610612751
Trent Forrest,ATL,19,9,10,202.0,395,6,0,1,0.0,0,0,0.0,0,0.0,4,66.7,2,50.0,1,16.7,0,0.0,1630235,1610612737
Trevelin Queen,ORL,12,4,8,155.0,167,0,0,0,0.0,0,0,0.0,0,0.0,0,0.0,0,0.0,0,0.0,0,0.0,1630243,1610612753
Trey Jemison,WAS,2,0,2,1.0,3,0,0,0,0.0,0,0,0.0,0,0.0,0,0.0,0,0.0,0,0.0,0,0.0,1641998,1610612764
Trey Lyles,SAC,31,19,12,625.0,924,16,4,6,66.7,1,2,50.0,11,68.8,7,43.8,1,14.299999999999999,2,12.5,1,6.3,1626168,1610612758
Trey Murphy III,NOP,21,12,9,545.0,746,9,3,3,100.0,2,2,100.0,8,88.9,5,55.60000000000001,0,0.0,0,0.0,1,11.1,1630530,1610612740
Tristan Thompson,CLE,36,24,12,446.0,600,46,13,21,61.9,0,4,0.0,26,56.49999999999999,19,41.3,3,15.8,4,8.7,2,4.3,202684,1610612739
Troy Brown Jr.,MIN,35,26,9,399.0,516,5,1,1,100.0,0,0,0.0,2,40.0,4,80.0,1,25.0,0,0.0,0,0.0,1628972,1610612750
Ty Jerome,CLE,2,1,1,15.0,31,0,0,0,0.0,0,0,0.0,0,0.0,0,0.0,0,0.0,0,0.0,0,0.0,1629660,1610612739
TyTy Washington Jr.,MIL,2,1,1,6.0,15,0,0,0,0.0,0,0,0.0,0,0.0,0,0.0,0,0.0,0,0.0,0,0.0,1631102,1610612749
Tyler Herro,MIA,28,12,16,953.0,1821,14,1,9,11.1,0,0,0.0,2,14.299999999999999,3,21.4,1,33.300000000000004,2,14.299999999999999,0,0.0,1629639,1610612748
Tyrese Haliburton,IND,34,20,14,1136.0,3210,14,2,5,40.0,4,4,100.0,8,57.099999999999994,7,50.0,0,0.0,0,0.0,2,14.299999999999999,1630169,1610612754
Tyrese Maxey,PHI,42,29,13,1573.0,3668,13,6,9,66.7,0,0,0.0,12,92.30000000000001,2,15.4,0,0.0,0,0.0,0,0.0,1630178,1610612755
Tyus Jones,WAS,46,9,37,1316.0,2994,15,5,7,71.39999999999999,0,0,0.0,10,66.7,8,53.300000000000004,3,37.5,0,0.0,0,0.0,1626145,1610612764
Udoka Azubuike,PHX,12,8,4,102.0,93,7,0,2,0.0,1,2,50.0,1,14.299999999999999,3,42.9,0,0.0,1,14.299999999999999,1,14.299999999999999,1628962,1610612756
Usman Garuba,GSW,2,2,0,6.0,16,0,0,0,0.0,0,0,0.0,0,0.0,0,0.0,0,0.0,0,0.0,0,0.0,1630586,1610612744
Vasilije Micic,OKC,26,20,6,306.0,517,2,0,1,0.0,0,0,0.0,0,0.0,0,0.0,0,0.0,0,0.0,0,0.0,203995,1610612760
Victor Wembanyama,SAS,41,10,31,1171.0,2163,146,34,74,45.9,23,26,88.5,92,63.0,49,33.6,10,20.4,8,5.5,11,7.5,1641705,1610612759
Vince Williams Jr.,MEM,36,14,22,894.0,1344,14,2,2,100.0,2,2,100.0,6,42.9,11,78.60000000000001,2,18.2,0,0.0,1,7.1,1631246,1610612763
Walker Kessler,UTA,40,22,18,939.0,1286,46,10,17,58.8,2,2,100.0,24,52.2,25,54.300000000000004,1,4.0,1,2.1999999999999997,1,2.1999999999999997,1631117,1610612762
Wendell Carter Jr.,ORL,21,8,13,534.0,763,49,7,17,41.199999999999996,4,4,100.0,18,36.7,28,57.099999999999994,4,14.299999999999999,2,4.1000000000000005,2,4.1000000000000005,1628976,1610612753
Wendell Moore Jr.,MIN,11,8,3,31.0,46,0,0,0,0.0,0,0,0.0,0,0.0,0,0.0,0,0.0,0,0.0,0,0.0,1631111,1610612750
Wesley Matthews,ATL,19,4,15,213.0,249,0,0,0,0.0,0,0,0.0,0,0.0,0,0.0,0,0.0,0,0.0,0,0.0,202083,1610612737
Xavier Moon,LAC,2,2,0,12.0,15,0,0,0,0.0,0,0,0.0,0,0.0,0,0.0,0,0.0,0,0.0,0,0.0,1629875,1610612746
Xavier Tillman,MEM,34,14,20,700.0,1164,138,19,46,41.3,4,10,40.0,42,30.4,78,56.49999999999999,9,11.5,5,3.5999999999999996,5,3.5999999999999996,1630214,1610612763
Yuta Watanabe,PHX,26,14,12,373.0,401,3,1,1,100.0,0,0,0.0,2,66.7,1,33.300000000000004,0,0.0,1,33.300000000000004,0,0.0,1629139,1610612756
Zach Collins,SAS,36,7,29,911.0,1589,144,27,47,57.4,7,8,87.5,61,42.4,79,54.900000000000006,19,24.099999999999998,10,6.9,2,1.4000000000000001,1628380,1610612759
Zach LaVine,CHI,25,10,15,872.0,1576,14,5,11,45.5,0,0,0.0,11,78.60000000000001,3,21.4,2,66.7,0,0.0,0,0.0,203897,1610612741
Zeke Nnaji,DEN,35,25,10,332.0,395,39,6,12,50.0,8,8,100.0,20,51.300000000000004,18,46.2,4,22.2,4,10.299999999999999,4,10.299999999999999,1630192,1610612743
Ziaire Williams,MEM,44,18,26,828.0,1145,19,5,7,71.39999999999999,2,4,50.0,12,63.2,9,47.4,3,33.300000000000004,0,0.0,2,10.5,1630533,1610612763
Zion Williamson,NOP,37,21,16,1125.0,2149,117,28,50,56.00000000000001,13,20,65.0,70,59.8,48,41.0,16,33.300000000000004,7,6.0,10,8.5,1629627,1610612740
