PLAYER,TEAM,GP,W,L,MIN,PassesMade,PassesReceived,AST,SecondaryAST,PotentialAST,AST PTSCreated,ASTAdj,AST ToPass%,AST ToPass% Adj,PLAYER_ID,TEAM_ID,FT_AST
A.J. Lawson,DAL,35,22,13,251.0,213,188,14,1,18,39,15,0.066,0.07,1630639,1610612742,0.0
AJ Green,MIL,50,33,17,509.0,393,416,27,2,52,63,29,0.069,0.074,1631260,1610612749,1.0
AJ Griffin,ATL,18,8,10,133.0,78,93,4,2,9,13,7,0.051,0.09,1631100,1610612737,1.0
Aaron Gordon,DEN,66,44,22,2093.0,1854,1860,221,20,360,578,259,0.119,0.14,203932,1610612743,19.0
Aaron Holiday,HOU,71,37,34,1169.0,1371,1480,131,9,254,350,151,0.096,0.11,1628988,1610612745,13.0
Aaron Nesmith,IND,65,36,29,1797.0,1798,1565,99,15,151,243,120,0.055,0.067,1630174,1610612754,7.0
Aaron Wiggins,OKC,70,50,20,1037.0,860,760,66,12,102,167,83,0.077,0.097,1630598,1610612760,5.0
Adam Flagler,OKC,1,1,0,6.0,4,6,1,0,1,3,1,0.25,0.25,1641745,1610612760,0.0
Adama Sanogo,CHI,4,1,3,12.0,8,6,0,0,0,0,0,0.0,0.0,1641766,1610612741,0.0
Admiral Schofield,ORL,21,14,7,79.0,122,94,6,0,16,14,6,0.049,0.049,1629678,1610612753,0.0
Al Horford,BOS,59,46,13,1602.0,1539,1162,155,5,243,396,162,0.101,0.105,201143,1610612738,7.0
Alec Burks,NYK,62,16,46,1180.0,1177,1353,84,6,131,214,96,0.071,0.082,202692,1610612752,7.0
Aleksej Pokusevski,CHA,19,10,9,247.0,277,216,24,5,48,68,31,0.087,0.112,1630197,1610612766,2.0
Alex Caruso,CHI,65,32,33,1828.0,2627,2020,210,33,351,520,264,0.08,0.1,1627936,1610612741,21.0
Alex Fudge,DAL,4,1,3,14.0,11,11,0,0,0,0,0,0.0,0.0,1641788,1610612742,0.0
Alex Len,SAC,40,21,19,369.0,477,346,37,3,56,95,41,0.078,0.086,203458,1610612758,1.0
Alondes Williams,MIA,4,3,1,12.0,17,20,0,0,2,2,1,0.0,0.059,1631214,1610612748,1.0
Alperen Sengun,HOU,63,29,34,2046.0,2490,2824,312,32,528,793,360,0.125,0.145,1630578,1610612745,16.0
Amari Bailey,CHA,8,0,8,31.0,14,24,2,0,1,5,2,0.143,0.143,1641735,1610612766,0.0
Amen Thompson,HOU,55,27,28,1177.0,1541,1269,131,14,261,352,162,0.085,0.105,1641708,1610612745,16.0
Amir Coffey,LAC,61,41,20,1201.0,787,758,67,4,104,174,73,0.085,0.093,1629599,1610612746,3.0
Andre Drummond,CHI,74,36,38,1266.0,919,739,37,5,49,95,46,0.04,0.05,203083,1610612741,4.0
Andre Jackson Jr.,MIL,50,31,19,514.0,457,322,48,4,72,124,53,0.105,0.116,1641748,1610612749,1.0
Andrew Funk,CHI,2,1,1,3.0,2,2,0,0,0,0,0,0.0,0.0,1641847,1610612741,0.0
Andrew Nembhard,IND,61,36,25,1507.0,2203,2363,249,42,415,625,306,0.113,0.139,1629614,1610612754,17.0
Andrew Wiggins,GSW,64,33,31,1726.0,1463,1615,110,22,219,293,134,0.075,0.092,203952,1610612744,4.0
Anfernee Simons,POR,45,10,35,1540.0,2171,2823,248,43,450,626,318,0.114,0.146,1629014,1610612757,26.0
Anthony Black,ORL,65,37,28,1134.0,1412,1253,90,14,187,247,118,0.064,0.084,1641710,1610612753,14.0
Anthony Davis,LAL,69,39,30,2480.0,3480,3022,244,54,354,598,310,0.07,0.089,203076,1610612747,14.0
Anthony Edwards,MIN,71,49,22,2502.0,3014,3777,366,64,550,974,456,0.121,0.151,1630162,1610612750,26.0
Anthony Gill,WAS,44,8,36,307.0,248,237,23,3,37,61,29,0.093,0.117,1630264,1610612764,3.0
Armoni Brooks,BKN,10,3,7,104.0,102,114,5,0,8,8,4,0.049,0.039,1629717,1610612751,0.0
Ashton Hagans,POR,16,2,14,276.0,516,522,47,3,102,122,56,0.091,0.109,1630204,1610612757,6.0
Ausar Thompson,DET,62,10,52,1572.0,1244,1070,120,11,213,291,133,0.096,0.107,1641709,1610612765,4.0
Austin Reaves,LAL,74,41,33,2388.0,3319,3385,416,48,696,1026,485,0.125,0.146,1630559,1610612747,30.0
Ayo Dosunmu,CHI,72,36,36,2066.0,2434,2404,228,37,407,554,274,0.094,0.113,1630245,1610612741,16.0
Bam Adebayo,MIA,63,35,28,2162.0,2711,2673,253,25,411,647,294,0.093,0.108,1628389,1610612748,18.0
Ben Sheppard,IND,50,27,23,666.0,728,646,43,8,61,108,57,0.059,0.078,1641767,1610612754,5.0
Ben Simmons,BKN,15,7,8,359.0,749,588,86,4,142,227,94,0.115,0.126,1627732,1610612751,4.0
Bennedict Mathurin,IND,59,33,26,1538.0,1549,1782,119,29,183,294,152,0.077,0.098,1631097,1610612754,8.0
Bilal Coulibaly,WAS,63,11,52,1715.0,1432,1205,110,17,193,280,134,0.077,0.094,1641731,1610612764,9.0
Bismack Biyombo,OKC,37,18,19,758.0,841,523,53,4,74,139,60,0.063,0.071,202687,1610612760,2.0
Blake Wesley,SAS,53,14,39,710.0,1144,1195,135,8,260,367,158,0.118,0.138,1631104,1610612759,13.0
Boban Marjanovic,HOU,12,8,4,55.0,54,46,4,0,6,10,4,0.074,0.074,1626246,1610612745,0.0
Bobby Portis,MIL,74,47,27,1793.0,2027,1497,86,16,155,226,107,0.042,0.053,1626171,1610612749,6.0
Bogdan Bogdanovic,ATL,71,33,38,2144.0,2121,2368,220,25,391,552,268,0.104,0.126,203992,1610612737,28.0
Bojan Bogdanovic,NYK,49,14,35,1339.0,913,1354,92,10,178,239,110,0.101,0.12,202711,1610612752,8.0
Bol Bol,PHX,35,23,12,396.0,311,248,16,5,28,37,21,0.051,0.068,1629626,1610612756,1.0
Bones Hyland,LAC,31,17,14,422.0,620,711,70,4,93,176,81,0.113,0.131,1630538,1610612746,5.0
Bradley Beal,PHX,44,27,17,1447.0,2042,2233,225,48,352,557,281,0.11,0.138,203078,1610612756,19.0
Brandin Podziemski,GSW,65,35,30,1729.0,2281,2073,239,35,389,599,285,0.105,0.125,1641764,1610612744,17.0
Brandon Boston Jr.,LAC,26,15,11,221.0,190,209,7,2,17,10,6,0.037,0.032,1630527,1610612746,0.0
Brandon Clarke,MEM,2,0,2,41.0,33,36,4,1,4,10,5,0.121,0.152,1629634,1610612763,0.0
Brandon Ingram,NOP,62,38,24,2048.0,2616,3319,356,69,658,927,462,0.136,0.177,1627742,1610612740,37.0
Brandon Miller,CHA,66,15,51,2120.0,2329,2565,157,31,300,403,196,0.067,0.084,1641706,1610612766,8.0
Brandon Williams,DAL,12,7,5,59.0,78,90,12,0,18,29,13,0.154,0.167,1630314,1610612742,1.0
Braxton Key,DEN,19,13,6,59.0,89,64,9,1,15,24,11,0.101,0.124,1630296,1610612743,0.0
Brice Sensabaugh,UTA,24,6,18,387.0,306,346,38,3,58,93,43,0.124,0.141,1641729,1610612762,2.0
Brook Lopez,MIL,71,46,25,2188.0,1389,1495,118,18,166,298,141,0.085,0.102,201572,1610612749,6.0
Bruce Brown,TOR,62,25,37,1748.0,1968,1882,181,32,314,468,233,0.092,0.118,1628971,1610612761,19.0
Bruno Fernando,ATL,37,18,19,516.0,452,429,32,4,52,87,39,0.071,0.086,1628981,1610612737,3.0
Bryce McGowens,CHA,53,9,44,800.0,582,589,46,7,73,115,55,0.079,0.095,1631121,1610612766,2.0
Buddy Boeheim,DET,5,0,5,49.0,28,38,3,1,6,7,4,0.107,0.143,1631205,1610612765,0.0
Buddy Hield,PHI,77,39,38,2020.0,2947,2636,227,18,339,562,261,0.077,0.089,1627741,1610612755,19.0
CJ McCollum,NOP,57,38,19,1826.0,2575,3118,259,34,442,671,332,0.101,0.129,203468,1610612740,40.0
Cade Cunningham,DET,60,9,51,2008.0,3201,4123,446,54,768,1140,553,0.139,0.173,1630595,1610612765,52.0
Caleb Houstan,ORL,56,30,26,791.0,427,450,28,5,44,78,33,0.066,0.077,1631216,1610612753,0.0
Caleb Martin,MIA,56,31,25,1518.0,1529,1454,119,11,202,300,131,0.078,0.086,1628997,1610612748,3.0
Cam Reddish,LAL,45,26,19,937.0,469,523,45,5,67,113,54,0.096,0.115,1629629,1610612747,4.0
Cam Thomas,BKN,57,20,37,1767.0,1717,2462,171,36,325,440,217,0.1,0.126,1630560,1610612751,9.0
Cam Whitmore,HOU,39,16,23,700.0,454,600,19,4,41,42,23,0.042,0.051,1641715,1610612745,0.0
Cameron Johnson,BKN,55,19,36,1524.0,1364,1482,133,24,238,344,161,0.098,0.118,1629661,1610612751,5.0
Cameron Payne,PHI,71,39,32,1167.0,1954,2066,182,25,309,473,227,0.093,0.116,1626166,1610612755,22.0
Caris LeVert,CLE,62,35,27,1781.0,2273,2629,329,24,534,877,386,0.145,0.17,1627747,1610612739,31.0
Cason Wallace,OKC,74,52,22,1528.0,1045,1066,102,11,181,257,122,0.098,0.117,1641717,1610612760,9.0
Cedi Osman,SAS,71,17,54,1251.0,1137,1093,118,14,198,292,138,0.104,0.121,1626224,1610612759,8.0
Charles Bassey,SAS,19,3,16,205.0,306,151,21,2,34,52,23,0.069,0.075,1629646,1610612759,0.0
Charlie Brown Jr.,NYK,8,2,6,37.0,23,21,0,0,1,0,0,0.0,0.0,1629718,1610612752,0.0
Chet Holmgren,OKC,74,52,22,2212.0,2929,2214,188,22,264,471,220,0.064,0.075,1631096,1610612760,10.0
Chimezie Metu,DET,43,23,20,603.0,547,440,32,6,60,84,40,0.059,0.073,1629002,1610612765,2.0
Chris Boucher,TOR,49,16,33,674.0,478,405,21,9,36,52,32,0.044,0.067,1628449,1610612761,2.0
Chris Duarte,SAC,54,32,22,690.0,632,592,42,5,73,99,50,0.066,0.079,1630537,1610612758,3.0
Chris Livingston,MIL,17,11,6,72.0,71,50,5,0,7,11,5,0.07,0.07,1641753,1610612749,0.0
Chris Paul,GSW,49,27,22,1286.0,2330,2411,334,43,659,863,403,0.143,0.173,101108,1610612744,26.0
Christian Braun,DEN,73,50,23,1434.0,1480,1272,105,16,187,267,132,0.071,0.089,1631128,1610612743,11.0
Christian Wood,LAL,49,27,22,864.0,822,644,47,7,67,113,58,0.057,0.071,1626174,1610612747,4.0
Chuma Okeke,ORL,43,22,21,421.0,404,345,19,4,51,58,26,0.047,0.064,1629643,1610612753,2.0
Clint Capela,ATL,66,31,35,1684.0,1258,1165,79,10,134,216,97,0.063,0.077,203991,1610612737,8.0
Coby White,CHI,71,34,37,2600.0,3793,4206,372,73,667,936,467,0.098,0.123,1629632,1610612741,28.0
Cody Martin,CHA,28,7,21,753.0,904,879,104,4,163,270,119,0.115,0.132,1628998,1610612766,11.0
Cody Zeller,NOP,39,24,15,292.0,429,284,35,1,49,85,38,0.082,0.089,203469,1610612740,2.0
Colby Jones,SAC,23,12,11,144.0,185,193,14,3,29,36,19,0.076,0.103,1641732,1610612758,2.0
Cole Anthony,ORL,73,43,30,1675.0,2452,2627,218,20,422,571,262,0.089,0.107,1630175,1610612753,26.0
Cole Swider,MIA,15,6,9,83.0,83,95,4,2,14,10,7,0.048,0.084,1631306,1610612748,1.0
Colin Castleton,LAL,10,5,5,45.0,49,29,3,0,5,8,4,0.061,0.082,1630658,1610612747,1.0
Collin Gillespie,DEN,24,15,9,225.0,379,399,27,2,61,73,34,0.071,0.09,1631221,1610612743,4.0
Collin Sexton,UTA,74,29,45,1960.0,2406,3328,363,36,619,930,420,0.151,0.175,1629012,1610612762,22.0
Corey Kispert,WAS,73,14,59,1805.0,1597,1743,126,14,198,317,148,0.079,0.093,1630557,1610612764,11.0
Cory Joseph,GSW,26,10,16,296.0,501,493,42,4,80,109,46,0.084,0.092,202709,1610612744,2.0
Craig Porter Jr.,CLE,48,29,19,637.0,1142,1223,116,29,223,307,157,0.102,0.137,1641854,1610612739,13.0
D'Angelo Russell,LAL,68,40,28,2213.0,3224,3386,438,49,666,1080,521,0.136,0.162,1626156,1610612747,40.0
D'Moi Hodge,LAL,7,1,6,41.0,28,32,5,0,5,10,5,0.179,0.179,1641793,1610612747,0.0
D.J. Carton,TOR,4,2,2,36.0,55,60,3,2,14,10,6,0.055,0.109,1630618,1610612761,1.0
D.J. Wilson,PHI,2,1,1,15.0,13,13,2,0,2,4,2,0.154,0.154,1628391,1610612755,0.0
DaQuan Jeffries,NYK,16,10,6,45.0,25,34,5,0,0,7,3,0.2,0.12,1629610,1610612752,0.0
Daishen Nix,MIN,12,9,3,39.0,48,63,2,0,6,6,2,0.042,0.042,1630227,1610612750,0.0
Dalano Banton,POR,46,21,25,757.0,1064,1130,85,10,164,229,107,0.08,0.101,1630625,1610612757,11.0
Dalen Terry,CHI,51,24,27,556.0,672,542,69,4,107,163,75,0.103,0.112,1631207,1610612741,5.0
Damian Jones,CLE,34,22,12,249.0,249,185,14,2,23,38,16,0.056,0.064,1627745,1610612739,0.0
Damian Lillard,MIL,68,46,22,2401.0,3568,4424,480,81,803,1234,608,0.135,0.17,203081,1610612749,45.0
Daniel Gafford,DAL,66,24,42,1631.0,1911,1194,100,14,140,234,120,0.052,0.063,1629655,1610612742,4.0
Daniel Theis,LAC,54,36,18,894.0,863,615,56,4,81,134,59,0.065,0.068,1628464,1610612746,2.0
Danilo Gallinari,MIL,45,15,30,592.0,719,652,52,3,78,142,62,0.072,0.086,201568,1610612749,6.0
Danny Green,PHI,2,1,1,18.0,14,5,1,0,0,0,0,0.071,0.0,201980,1610612755,0.0
Dante Exum,DAL,47,30,17,908.0,1220,1250,130,21,238,323,158,0.107,0.13,203957,1610612742,7.0
Danuel House Jr.,PHI,34,21,13,509.0,471,405,28,1,50,68,31,0.059,0.066,1627863,1610612755,2.0
Dario Saric,GSW,61,33,28,1076.0,1680,1389,142,12,253,351,162,0.085,0.096,203967,1610612744,12.0
Dariq Whitehead,BKN,2,1,1,24.0,24,17,3,0,4,7,3,0.125,0.125,1641727,1610612751,0.0
Darius Bazley,UTA,3,0,3,10.0,12,7,2,0,2,5,2,0.167,0.167,1629647,1610612762,0.0
Darius Garland,CLE,51,28,23,1694.0,2722,3331,334,60,609,826,423,0.123,0.155,1629636,1610612739,31.0
David Roddy,PHX,61,22,39,1164.0,1149,1063,79,15,173,198,95,0.069,0.083,1631223,1610612756,4.0
Davion Mitchell,SAC,64,38,26,908.0,1374,1474,109,16,223,280,129,0.079,0.094,1630558,1610612758,5.0
Davis Bertans,CHA,35,17,18,488.0,341,351,25,3,33,58,28,0.073,0.082,202722,1610612766,1.0
Day'Ron Sharpe,BKN,55,23,32,834.0,1069,737,76,4,108,191,89,0.071,0.083,1630549,1610612751,7.0
De'Aaron Fox,SAC,66,39,27,2358.0,3457,4446,376,45,705,967,447,0.109,0.129,1628368,1610612758,31.0
De'Andre Hunter,ATL,50,24,26,1449.0,1402,1286,69,12,145,186,89,0.049,0.063,1629631,1610612737,7.0
De'Anthony Melton,PHI,36,23,13,1002.0,1368,1205,110,13,195,296,146,0.08,0.107,1629001,1610612755,24.0
DeAndre Jordan,DEN,33,22,11,380.0,332,265,26,3,42,57,28,0.078,0.084,201599,1610612743,0.0
DeJon Jarreau,MEM,9,2,7,150.0,265,253,26,1,55,66,30,0.098,0.113,1630610,1610612763,3.0
DeMar DeRozan,CHI,72,35,37,2703.0,2869,3956,373,76,737,959,467,0.13,0.163,201942,1610612741,22.0
Dean Wade,CLE,54,36,18,1108.0,1135,763,43,10,80,113,57,0.038,0.05,1629731,1610612739,4.0
Deandre Ayton,POR,47,11,36,1503.0,1721,1291,76,13,129,194,91,0.044,0.053,1629028,1610612757,3.0
Dejounte Murray,ATL,71,32,39,2533.0,4011,4566,449,58,833,1170,545,0.112,0.136,1627749,1610612737,45.0
Delon Wright,MIA,44,13,31,674.0,995,993,108,15,190,295,133,0.109,0.134,1626153,1610612748,9.0
Deni Avdija,WAS,68,13,55,2013.0,2629,2097,259,33,461,627,306,0.099,0.116,1630166,1610612764,21.0
Dennis Schroder,BKN,74,27,47,2289.0,4271,4779,445,77,782,1140,563,0.104,0.132,203471,1610612751,43.0
Dennis Smith Jr.,BKN,54,19,35,1025.0,1589,1582,198,7,331,518,223,0.125,0.14,1628372,1610612751,17.0
Dereck Lively II,DAL,55,35,20,1294.0,1490,852,60,20,118,165,87,0.04,0.058,1641726,1610612742,5.0
Dereon Seabron,NOP,6,3,3,55.0,70,55,5,1,9,12,7,0.071,0.1,1631220,1610612740,1.0
Derrick Jones Jr.,DAL,68,41,27,1593.0,1192,1175,66,8,138,178,79,0.055,0.066,1627884,1610612742,5.0
Derrick Rose,MEM,24,6,18,399.0,591,699,78,7,138,194,89,0.132,0.151,201565,1610612763,4.0
Derrick White,BOS,67,54,13,2189.0,3090,3148,343,46,548,875,411,0.111,0.133,1628401,1610612738,22.0
Desmond Bane,MEM,42,14,28,1443.0,2165,2532,230,28,441,605,272,0.106,0.126,1630217,1610612763,11.0
Devin Booker,PHX,60,37,23,2142.0,2748,3711,413,76,709,1052,499,0.15,0.182,1626164,1610612756,18.0
Devin Vassell,SAS,68,17,51,2248.0,2535,2961,277,40,513,705,336,0.109,0.133,1630170,1610612759,20.0
Devonte' Graham,SAS,15,3,12,131.0,193,190,23,3,41,59,28,0.119,0.145,1628984,1610612759,2.0
Dexter Dennis,DAL,4,1,3,30.0,42,39,4,0,8,12,6,0.095,0.143,1641926,1610612742,2.0
Dillon Brooks,HOU,65,34,31,2004.0,1311,1528,109,22,206,277,143,0.083,0.109,1628415,1610612745,13.0
Dmytro Skapintsev,NYK,2,0,2,2.0,3,3,0,0,0,0,0,0.0,0.0,1631376,1610612752,0.0
Domantas Sabonis,SAC,74,43,31,2651.0,5333,4472,615,28,951,1588,671,0.115,0.126,1627734,1610612758,30.0
Dominick Barlow,SAS,32,6,26,389.0,415,305,32,2,50,80,36,0.077,0.087,1631230,1610612759,2.0
Donovan Mitchell,CLE,51,34,17,1795.0,2614,3291,311,47,592,819,391,0.119,0.15,1628378,1610612739,31.0
Donte DiVincenzo,NYK,73,44,29,2041.0,2242,2399,190,31,288,472,234,0.085,0.104,1628978,1610612752,13.0
Dorian Finney-Smith,BKN,63,26,37,1784.0,1781,1399,100,13,192,265,123,0.056,0.069,1627827,1610612751,8.0
Doug McDermott,IND,58,18,40,833.0,700,732,67,9,98,166,78,0.096,0.111,203926,1610612754,3.0
Draymond Green,GSW,48,29,19,1279.0,2355,1804,290,29,518,719,336,0.123,0.143,203110,1610612744,29.0
Drew Eubanks,PHX,67,37,30,1058.0,1108,764,58,12,98,150,75,0.052,0.068,1629234,1610612756,5.0
Drew Peterson,BOS,1,1,0,3.0,2,3,1,0,1,2,1,0.5,0.5,1641809,1610612738,0.0
Dru Smith,MIA,9,7,2,131.0,188,169,14,0,40,37,16,0.074,0.085,1630696,1610612748,2.0
Duncan Robinson,MIA,64,36,28,1824.0,1686,2026,188,25,313,464,227,0.112,0.135,1629130,1610612748,18.0
Duop Reath,POR,59,14,45,1078.0,1170,1060,63,7,72,147,71,0.054,0.061,1641871,1610612757,2.0
Dwight Powell,DAL,57,35,22,751.0,839,562,76,7,102,199,87,0.091,0.104,203939,1610612742,3.0
Dylan Windler,ATL,16,9,7,82.0,82,69,9,0,12,21,9,0.11,0.11,1629685,1610612737,0.0
Dyson Daniels,NOP,52,30,22,1133.0,1634,1411,138,10,235,357,166,0.084,0.102,1630700,1610612740,17.0
E.J. Liddell,NOP,8,3,5,23.0,24,21,1,0,1,2,1,0.042,0.042,1630604,1610612740,0.0
Emoni Bates,CLE,13,7,6,102.0,68,79,7,0,7,19,7,0.103,0.103,1641734,1610612739,0.0
Eric Gordon,PHX,60,36,24,1714.0,1516,1728,129,27,203,330,168,0.085,0.111,201569,1610612756,13.0
Eugene Omoruyi,WAS,36,4,32,283.0,327,261,27,2,35,63,31,0.083,0.095,1630647,1610612764,2.0
Evan Fournier,DET,24,7,17,424.0,434,444,35,1,69,88,39,0.081,0.09,203095,1610612765,3.0
Evan Mobley,CLE,43,26,17,1319.0,1898,1419,135,15,234,344,157,0.071,0.083,1630596,1610612739,7.0
Filip Petrusev,SAC,3,2,1,9.0,8,10,0,1,0,0,1,0.0,0.125,1630196,1610612758,0.0
Frank Ntilikina,CHA,5,0,5,43.0,39,41,4,3,6,11,7,0.103,0.179,1628373,1610612766,0.0
Franz Wagner,ORL,66,40,26,2155.0,2433,2836,253,19,450,629,293,0.104,0.12,1630532,1610612753,22.0
Fred VanVleet,HOU,67,37,30,2452.0,4051,4384,542,52,926,1400,663,0.134,0.164,1627832,1610612745,73.0
Furkan Korkmaz,PHI,35,22,13,300.0,343,319,25,4,39,60,31,0.073,0.09,1627788,1610612755,2.0
GG Jackson,MEM,40,11,29,962.0,887,1019,41,10,91,103,54,0.046,0.061,1641713,1610612763,3.0
Gabe Vincent,LAL,6,3,3,141.0,130,138,16,0,27,39,17,0.123,0.131,1629216,1610612747,1.0
Garrett Temple,TOR,21,4,17,150.0,211,173,16,3,23,42,20,0.076,0.095,202066,1610612761,1.0
Garrison Mathews,ATL,58,27,31,825.0,529,509,32,4,56,86,40,0.06,0.076,1629726,1610612737,5.0
Gary Harris,ORL,47,31,16,1080.0,612,737,72,4,110,180,82,0.118,0.134,203914,1610612753,7.0
Gary Payton II,GSW,39,23,16,596.0,602,458,44,8,90,119,56,0.073,0.093,1627780,1610612744,4.0
Gary Trent Jr.,TOR,65,22,43,1794.0,1147,1566,102,17,194,250,129,0.089,0.112,1629018,1610612761,10.0
Georges Niang,CLE,75,45,30,1697.0,2028,1612,92,12,171,246,115,0.045,0.057,1627777,1610612739,12.0
Giannis Antetokounmpo,MIL,69,44,25,2432.0,3443,3743,443,59,879,1222,530,0.129,0.154,203507,1610612749,27.0
Goga Bitadze,ORL,57,32,25,933.0,1041,793,78,4,113,195,85,0.075,0.082,1629048,1610612753,2.0
Gordon Hayward,OKC,45,22,23,1127.0,1200,1175,150,20,237,383,184,0.125,0.153,202330,1610612760,13.0
Gradey Dick,TOR,52,16,36,1019.0,605,786,65,3,106,164,71,0.107,0.117,1641711,1610612761,4.0
Grant Williams,CHA,69,31,38,1890.0,1808,1613,138,17,239,362,166,0.076,0.092,1629684,1610612766,13.0
Grayson Allen,PHX,67,40,27,2245.0,2466,2212,211,41,353,527,265,0.086,0.107,1628960,1610612756,20.0
Greg Brown III,DAL,6,3,3,40.0,26,21,4,0,3,9,4,0.154,0.154,1630535,1610612742,0.0
Gui Santos,GSW,19,14,5,153.0,141,115,10,0,16,25,10,0.071,0.071,1630611,1610612744,0.0
Hamidou Diallo,WAS,2,1,1,5.0,6,5,1,0,1,2,1,0.167,0.167,1628977,1610612764,0.0
Harrison Barnes,SAC,74,43,31,2171.0,1772,1648,87,12,188,221,105,0.049,0.059,203084,1610612758,6.0
Harry Giles III,LAL,22,10,12,98.0,89,77,6,1,9,14,7,0.067,0.079,1628385,1610612747,0.0
Haywood Highsmith,MIA,58,34,24,1153.0,998,775,58,7,122,151,71,0.058,0.071,1629312,1610612748,9.0
Henri Drell,CHI,1,0,1,3.0,5,4,2,0,0,4,2,0.4,0.4,1630929,1610612741,0.0
Herbert Jones,NOP,67,42,25,2013.0,2126,1812,175,13,253,422,198,0.082,0.093,1630529,1610612740,11.0
Hunter Tyson,DEN,13,9,4,39.0,42,42,2,0,7,7,3,0.048,0.071,1641816,1610612743,1.0
Ibou Badji,POR,21,5,16,216.0,180,101,13,0,12,30,14,0.072,0.078,1630641,1610612757,1.0
Immanuel Quickley,TOR,61,26,35,1750.0,2485,2916,279,49,463,684,347,0.112,0.14,1630193,1610612761,21.0
Isaac Okoro,CLE,65,39,26,1781.0,1394,1454,126,16,237,307,150,0.09,0.108,1630171,1610612739,10.0
Isaiah Hartenstein,NYK,68,42,26,1698.0,2250,1382,158,10,247,408,183,0.07,0.081,1628392,1610612752,16.0
Isaiah Jackson,IND,55,33,22,706.0,581,518,47,2,70,112,53,0.081,0.091,1630543,1610612754,4.0
Isaiah Joe,OKC,70,49,21,1287.0,1126,1215,81,12,140,218,99,0.072,0.088,1630198,1610612760,7.0
Isaiah Livers,WAS,23,1,22,469.0,311,284,25,5,32,64,32,0.08,0.103,1630587,1610612764,2.0
Isaiah Mobley,CLE,6,1,5,51.0,77,49,6,0,10,17,6,0.078,0.078,1630600,1610612739,0.0
Isaiah Stewart,DET,45,9,36,1389.0,1133,965,73,7,104,182,83,0.064,0.073,1630191,1610612765,3.0
Isaiah Thomas,PHX,2,1,1,9.0,17,23,2,0,2,5,2,0.118,0.118,202738,1610612756,0.0
Ish Smith,CHA,43,6,37,741.0,1218,1204,145,14,264,376,174,0.119,0.143,202397,1610612766,16.0
Ish Wainright,PHX,10,2,8,61.0,68,63,1,1,5,2,2,0.015,0.029,1630688,1610612756,0.0
Ivica Zubac,LAC,61,37,24,1617.0,1987,1160,82,14,107,213,101,0.041,0.051,1627826,1610612746,5.0
Izaiah Brockington,NOP,1,1,0,3.0,4,6,0,1,1,0,1,0.0,0.25,1631167,1610612740,0.0
JD Davison,BOS,5,5,0,11.0,13,15,1,1,5,2,2,0.077,0.154,1631120,1610612738,0.0
JT Thor,CHA,55,12,43,648.0,649,448,23,2,52,60,26,0.035,0.04,1630550,1610612766,1.0
Ja Morant,MEM,9,6,3,318.0,456,564,73,12,142,176,88,0.16,0.193,1629630,1610612763,3.0
JaVale McGee,SAC,43,26,17,327.0,325,275,15,0,26,44,19,0.046,0.058,201580,1610612758,3.0
Jabari Smith Jr.,HOU,68,36,32,2152.0,2154,1445,98,15,165,251,123,0.045,0.057,1631095,1610612745,12.0
Jabari Walker,POR,65,16,49,1466.0,1183,919,60,9,114,154,73,0.051,0.062,1631133,1610612757,5.0
Jacob Gilyard,BKN,39,12,27,669.0,1221,1216,133,9,250,355,153,0.109,0.125,1631367,1610612751,12.0
Jacob Toppin,NYK,9,2,7,38.0,48,29,3,0,5,9,3,0.063,0.063,1631210,1610612752,0.0
Jaden Hardy,DAL,64,38,26,878.0,966,1227,98,13,169,248,120,0.101,0.124,1630702,1610612742,10.0
Jaden Ivey,DET,68,13,55,1939.0,1927,2403,252,31,437,650,311,0.131,0.161,1631093,1610612765,27.0
Jaden McDaniels,MIN,64,43,21,1879.0,1417,1442,88,19,170,240,122,0.062,0.086,1630183,1610612750,15.0
Jaden Springer,BOS,44,28,16,448.0,302,351,40,6,67,100,48,0.132,0.159,1630531,1610612738,2.0
Jae Crowder,MIL,43,24,19,999.0,970,691,59,8,103,155,70,0.061,0.072,203109,1610612749,4.0
Jae'Sean Tate,HOU,64,32,32,1029.0,862,631,64,6,135,168,72,0.074,0.084,1630256,1610612745,2.0
Jahmi'us Ramsey,TOR,7,0,7,121.0,148,140,8,1,11,22,10,0.054,0.068,1630186,1610612761,1.0
Jaime Jaquez Jr.,MIA,67,39,28,1944.0,2018,2103,174,21,335,459,214,0.086,0.106,1631170,1610612748,19.0
Jake LaRavia,MEM,29,5,24,597.0,594,549,41,5,71,97,47,0.069,0.079,1631222,1610612763,1.0
Jakob Poeltl,TOR,50,21,29,1319.0,1877,1226,127,18,230,303,156,0.068,0.083,1627751,1610612761,12.0
Jalen Brunson,NYK,69,43,26,2421.0,3932,5123,449,76,813,1179,571,0.114,0.145,1628973,1610612752,49.0
Jalen Crutcher,NOP,1,1,0,3.0,3,5,0,0,0,0,0,0.0,0.0,1630622,1610612740,0.0
Jalen Duren,DET,55,13,42,1646.0,2464,1495,137,13,216,325,160,0.056,0.065,1631105,1610612765,11.0
Jalen Green,HOU,74,38,36,2346.0,2720,3138,256,56,429,660,343,0.094,0.126,1630224,1610612745,32.0
Jalen Hood-Schifino,LAL,20,9,11,101.0,133,167,7,2,19,19,10,0.053,0.075,1641720,1610612747,1.0
Jalen Johnson,ATL,51,25,26,1733.0,2718,1667,180,18,309,455,212,0.066,0.078,1630552,1610612737,15.0
Jalen McDaniels,TOR,42,10,32,400.0,427,383,23,1,54,58,25,0.054,0.059,1629667,1610612761,1.0
Jalen Pickett,DEN,23,16,7,115.0,194,207,17,6,38,42,23,0.088,0.119,1629618,1610612743,0.0
Jalen Slawson,SAC,9,6,3,31.0,47,31,2,1,5,6,4,0.043,0.085,1641771,1610612758,1.0
Jalen Smith,IND,54,31,23,942.0,894,796,55,7,77,127,66,0.062,0.074,1630188,1610612754,6.0
Jalen Suggs,ORL,67,39,28,1794.0,2123,2156,179,30,303,463,230,0.084,0.108,1630591,1610612753,23.0
Jalen Williams,OKC,67,47,20,2124.0,2595,3152,308,39,520,793,367,0.119,0.141,1631114,1610612760,20.0
Jalen Wilson,BKN,35,11,24,476.0,355,342,36,4,54,90,42,0.101,0.118,1630592,1610612751,2.0
Jamal Cain,MIA,22,11,11,254.0,184,177,10,1,18,25,11,0.054,0.06,1631288,1610612748,0.0
Jamal Murray,DEN,52,38,14,1662.0,2476,3097,344,47,566,840,425,0.139,0.172,1627750,1610612743,37.0
Jamaree Bouyea,SAS,6,0,6,57.0,106,119,8,1,21,26,12,0.075,0.113,1631123,1610612759,2.0
James Bouknight,CHA,14,0,14,81.0,100,107,6,1,6,14,8,0.06,0.08,1630547,1610612766,1.0
James Harden,LAC,66,42,24,2298.0,3785,4109,563,62,896,1420,685,0.149,0.181,201935,1610612746,67.0
James Johnson,IND,8,3,5,40.0,54,50,7,1,9,17,8,0.13,0.148,201949,1610612754,0.0
James Wiseman,DET,54,8,46,857.0,1130,617,41,2,55,94,44,0.036,0.039,1630164,1610612765,1.0
Jarace Walker,IND,30,15,15,315.0,362,341,37,4,55,91,45,0.102,0.124,1641716,1610612754,4.0
Jared Butler,WAS,33,5,28,408.0,616,692,92,9,172,245,113,0.149,0.183,1630215,1610612764,12.0
Jared Rhoden,DET,10,1,9,99.0,102,78,7,0,11,14,7,0.069,0.069,1631197,1610612765,0.0
Jaren Jackson Jr.,MEM,64,20,44,2053.0,1989,2580,147,26,287,395,178,0.074,0.089,1628991,1610612763,10.0
Jarred Vanderbilt,LAL,28,13,15,567.0,347,208,35,3,43,79,36,0.101,0.104,1629020,1610612747,2.0
Jarrett Allen,CLE,70,43,27,2209.0,2439,2193,187,15,310,468,212,0.077,0.087,1628386,1610612739,10.0
Jason Preston,UTA,4,1,3,30.0,64,54,7,1,19,19,8,0.109,0.125,1630554,1610612762,0.0
Javon Freeman-Liberty,TOR,13,1,12,218.0,366,355,20,6,43,54,28,0.055,0.077,1631241,1610612761,2.0
Javonte Green,CHI,3,2,1,51.0,55,32,2,0,5,5,2,0.036,0.036,1629750,1610612741,0.0
Javonte Smart,PHI,1,1,0,1.0,0,1,0,0,0,0,0,0.0,0.0,1630606,1610612755,
Jaxson Hayes,LAL,62,35,27,742.0,736,452,28,3,49,71,34,0.038,0.046,1629637,1610612747,3.0
Jay Huff,DEN,16,12,4,42.0,49,47,2,0,8,7,3,0.041,0.061,1630643,1610612743,1.0
Jaylen Brown,BOS,65,49,16,2181.0,1886,2606,236,53,444,627,313,0.125,0.166,1627759,1610612738,23.0
Jaylen Nowell,MEM,9,3,6,156.0,190,213,16,2,35,47,20,0.084,0.105,1629669,1610612763,2.0
Jaylin Williams,OKC,61,43,18,768.0,1303,845,83,3,133,222,94,0.064,0.072,1631119,1610612760,7.0
Jayson Tatum,BOS,68,53,15,2438.0,3364,3398,332,65,610,879,415,0.099,0.123,1628369,1610612738,16.0
Jeff Dowtin Jr.,PHI,7,2,5,86.0,139,135,17,4,24,38,22,0.122,0.158,1630288,1610612755,1.0
Jeff Green,HOU,70,36,34,1162.0,868,909,58,7,110,149,67,0.067,0.077,201145,1610612745,2.0
Jerami Grant,POR,54,17,37,1830.0,1663,2059,152,15,289,392,171,0.091,0.103,203924,1610612757,5.0
Jeremiah Robinson-Earl,NOP,32,18,14,302.0,317,240,19,2,31,46,22,0.06,0.069,1630526,1610612740,1.0
Jeremy Sochan,SAS,73,17,56,2169.0,2638,2462,248,38,473,652,308,0.094,0.117,1631110,1610612759,25.0
Jericho Sims,NYK,43,28,15,561.0,592,326,24,3,45,55,26,0.041,0.044,1630579,1610612752,0.0
Jermaine Samuels Jr.,HOU,11,6,5,53.0,41,28,2,0,6,6,2,0.049,0.049,1631257,1610612745,0.0
Jerome Robinson,GSW,18,14,4,67.0,88,92,5,1,13,13,8,0.057,0.091,1629010,1610612744,2.0
Jett Howard,ORL,14,7,7,52.0,35,51,3,1,7,10,6,0.086,0.171,1641724,1610612753,2.0
Jevon Carter,CHI,66,33,33,910.0,1028,1071,78,16,113,192,97,0.076,0.094,1628975,1610612741,3.0
Jimmy Butler,MIA,52,28,24,1762.0,2084,2430,253,26,515,688,296,0.121,0.142,202710,1610612748,15.0
Jock Landale,HOU,48,25,23,583.0,554,444,47,7,72,117,56,0.085,0.101,1629111,1610612745,2.0
Joe Harris,DET,16,4,12,170.0,112,101,10,0,20,23,9,0.089,0.08,203925,1610612765,0.0
Joe Ingles,ORL,60,38,22,1033.0,1488,1233,179,18,284,452,225,0.12,0.151,204060,1610612753,28.0
Joel Embiid,PHI,34,26,8,1157.0,1473,1932,193,19,320,509,223,0.131,0.151,203954,1610612755,12.0
John Collins,UTA,67,27,40,1868.0,2040,1589,76,12,180,201,97,0.037,0.048,1628381,1610612762,9.0
John Konchar,MEM,55,18,37,1174.0,1610,1088,110,12,227,292,128,0.068,0.08,1629723,1610612763,6.0
Johnny Davis,WAS,44,7,37,498.0,308,275,24,0,44,61,25,0.078,0.081,1631098,1610612764,1.0
Johnny Juzang,UTA,13,3,10,203.0,118,145,10,1,17,28,12,0.085,0.102,1630548,1610612762,1.0
Jonas Valanciunas,NOP,73,45,28,1750.0,2706,2084,152,16,177,374,177,0.056,0.065,202685,1610612740,9.0
Jonathan Isaac,ORL,51,31,20,783.0,751,476,24,1,36,59,26,0.032,0.035,1628371,1610612753,1.0
Jonathan Kuminga,GSW,69,36,33,1813.0,2083,2052,146,39,274,377,188,0.07,0.09,1630228,1610612744,3.0
Jontay Porter,TOR,25,6,19,360.0,549,423,60,5,78,148,68,0.109,0.124,1629007,1610612761,3.0
Jordan Clarkson,UTA,54,22,32,1654.0,1614,2286,274,23,494,720,324,0.17,0.201,203903,1610612762,29.0
Jordan Ford,SAC,6,2,4,22.0,34,39,2,0,4,6,2,0.059,0.059,1630259,1610612758,0.0
Jordan Goodwin,MEM,50,27,23,833.0,1390,1311,122,12,220,313,147,0.088,0.106,1630692,1610612763,13.0
Jordan Hawkins,NOP,62,37,25,1113.0,928,1065,70,15,99,177,91,0.075,0.098,1641722,1610612740,6.0
Jordan McLaughlin,MIN,48,30,18,506.0,938,857,88,7,159,227,101,0.094,0.108,1629162,1610612750,6.0
Jordan Miller,LAC,7,4,3,28.0,23,18,0,0,1,0,0,0.0,0.0,1641757,1610612746,0.0
Jordan Nwora,TOR,44,13,31,570.0,602,585,49,11,85,115,65,0.081,0.108,1629670,1610612761,5.0
Jordan Poole,WAS,73,14,59,2168.0,2350,3308,298,41,514,755,363,0.127,0.154,1629673,1610612764,26.0
Jordan Walsh,BOS,6,6,0,40.0,28,21,4,1,6,11,5,0.143,0.179,1641775,1610612738,0.0
Jose Alvarado,NOP,50,34,16,888.0,1313,1374,103,9,155,261,125,0.078,0.095,1630631,1610612740,13.0
Josh Giddey,OKC,73,52,21,1814.0,2948,2481,338,34,518,851,396,0.115,0.134,1630581,1610612760,25.0
Josh Green,DAL,53,30,23,1409.0,1279,1202,123,12,214,323,147,0.096,0.115,1630182,1610612742,14.0
Josh Hart,NYK,73,43,30,2411.0,3082,2400,289,39,508,755,341,0.094,0.111,1628404,1610612752,12.0
Josh Minott,MIN,26,20,6,70.0,58,60,4,0,12,11,5,0.069,0.086,1631169,1610612750,1.0
Josh Okogie,PHX,56,34,22,949.0,774,632,64,8,118,155,72,0.083,0.093,1629006,1610612756,5.0
Josh Richardson,MIA,43,24,19,1103.0,1373,1331,105,17,182,246,118,0.076,0.086,1626196,1610612748,4.0
Joshua Primo,LAC,2,2,0,10.0,4,4,0,0,1,0,1,0.0,0.25,1630563,1610612746,1.0
Jrue Holiday,BOS,62,48,14,2054.0,2527,2519,306,42,497,835,382,0.121,0.151,201950,1610612738,31.0
Juan Toscano-Anderson,SAC,11,7,4,53.0,60,39,4,0,5,10,4,0.067,0.067,1629308,1610612758,1.0
Jules Bernard,WAS,15,2,13,111.0,114,144,13,2,23,36,16,0.114,0.14,1631262,1610612764,1.0
Julian Champagnie,SAS,66,14,52,1203.0,1146,936,80,14,135,202,99,0.07,0.086,1630577,1610612759,6.0
Julian Phillips,CHI,39,20,19,317.0,216,185,13,1,10,33,15,0.06,0.069,1641763,1610612741,1.0
Julian Strawther,DEN,43,28,15,515.0,472,560,43,4,58,101,47,0.091,0.1,1631124,1610612743,1.0
Julius Randle,NYK,46,29,17,1630.0,2116,2446,229,29,412,616,265,0.108,0.125,203944,1610612752,11.0
Justin Champagnie,WAS,10,3,7,151.0,168,114,12,0,19,28,13,0.071,0.077,1630551,1610612764,1.0
Justin Holiday,DEN,50,32,18,721.0,526,491,48,7,64,112,57,0.091,0.108,203200,1610612743,3.0
Justin Jackson,MIN,2,2,0,1.0,0,0,0,0,0,0,0,0.0,0.0,1628382,1610612750,
Justin Minaya,POR,28,2,26,216.0,196,165,9,2,17,21,11,0.046,0.056,1631303,1610612757,0.0
Jusuf Nurkic,PHX,68,42,26,1844.0,2838,2184,254,28,313,604,295,0.089,0.104,203994,1610612756,17.0
KJ Martin,PHI,56,29,27,668.0,567,486,46,5,89,125,54,0.081,0.095,1630231,1610612755,3.0
Kaiser Gates,NOP,1,0,1,7.0,10,8,0,0,0,0,0,0.0,0.0,1629232,1610612740,0.0
Karl-Anthony Towns,MIN,60,41,19,1969.0,1892,2211,179,25,300,439,221,0.095,0.117,1626157,1610612750,17.0
Kawhi Leonard,LAC,67,43,24,2292.0,2060,2587,240,40,400,632,298,0.117,0.145,202695,1610612746,16.0
Keegan Murray,SAC,69,40,29,2296.0,1942,1930,115,32,176,303,155,0.059,0.08,1631099,1610612758,10.0
Keita Bates-Diop,BKN,53,29,24,665.0,494,401,38,3,62,85,38,0.077,0.077,1628966,1610612751,0.0
Keldon Johnson,SAS,67,16,51,1983.0,2245,2050,193,31,351,491,239,0.086,0.106,1629640,1610612759,14.0
Kelly Olynyk,TOR,71,29,42,1551.0,2586,2073,316,14,509,760,355,0.122,0.137,203482,1610612761,30.0
Kelly Oubre Jr.,PHI,61,33,28,1820.0,1363,1586,87,9,140,235,104,0.064,0.076,1626162,1610612755,7.0
Kendall Brown,IND,12,7,5,43.0,35,32,4,0,8,11,6,0.114,0.171,1631112,1610612754,2.0
Kenneth Lofton Jr.,UTA,17,5,12,108.0,88,112,14,1,26,32,14,0.159,0.159,1631254,1610612762,1.0
Kenrich Williams,OKC,61,44,17,881.0,845,640,77,8,111,200,90,0.091,0.107,1629026,1610612760,5.0
Kentavious Caldwell-Pope,DEN,67,47,20,2134.0,1747,1719,162,21,250,414,199,0.093,0.114,203484,1610612743,16.0
Keon Ellis,SAC,49,30,19,774.0,976,895,69,12,123,175,86,0.071,0.088,1631165,1610612758,5.0
Keon Johnson,BKN,4,0,4,51.0,55,71,3,0,7,8,3,0.055,0.055,1630553,1610612751,0.0
Kessler Edwards,SAC,48,29,19,245.0,243,200,11,1,19,25,11,0.045,0.045,1630556,1610612758,0.0
Kevin Durant,PHX,66,38,28,2447.0,2942,3618,341,79,607,876,459,0.116,0.156,201142,1610612756,40.0
Kevin Huerter,SAC,64,37,27,1562.0,1674,1742,166,26,265,398,201,0.099,0.12,1628989,1610612758,16.0
Kevin Knox II,DET,31,4,27,560.0,388,341,23,2,38,59,28,0.059,0.072,1628995,1610612765,3.0
Kevin Love,MIA,47,26,21,822.0,1351,991,105,10,154,253,123,0.078,0.091,201567,1610612748,11.0
Kevon Harris,ORL,2,1,1,6.0,4,5,1,0,1,3,1,0.25,0.25,1630284,1610612753,0.0
Kevon Looney,GSW,67,38,29,1108.0,1662,1192,127,19,219,348,160,0.076,0.096,1626172,1610612744,14.0
Keyontae Johnson,OKC,9,7,2,66.0,58,43,4,1,6,10,6,0.069,0.103,1641749,1610612760,1.0
Keyonte George,UTA,67,25,42,1783.0,3073,3519,301,34,514,774,359,0.098,0.117,1641718,1610612762,25.0
Khris Middleton,MIL,49,30,19,1322.0,1657,1730,258,30,372,621,309,0.156,0.186,203114,1610612749,24.0
Killian Hayes,DET,42,7,35,1008.0,1611,1531,205,19,341,520,243,0.127,0.151,1630165,1610612765,21.0
Kira Lewis Jr.,UTA,24,10,14,196.0,292,299,30,1,56,74,34,0.103,0.116,1630184,1610612762,4.0
Klay Thompson,GSW,69,36,33,2050.0,1471,2119,156,35,252,376,203,0.106,0.138,202691,1610612744,18.0
Kobe Brown,LAC,37,24,13,298.0,312,205,17,1,32,42,19,0.054,0.061,1641738,1610612746,1.0
Kobe Bufkin,ATL,9,6,3,89.0,120,140,15,2,23,40,20,0.125,0.167,1641723,1610612737,3.0
Kobi Simmons,TOR,3,0,3,57.0,100,98,9,0,16,24,10,0.09,0.1,1628424,1610612761,1.0
Kris Dunn,UTA,63,25,38,1187.0,2046,1865,247,23,446,646,288,0.121,0.141,1627739,1610612762,18.0
Kris Murray,POR,53,9,44,1041.0,827,650,68,6,115,175,76,0.082,0.092,1631200,1610612757,2.0
Kristaps Porzingis,BOS,52,39,13,1552.0,1525,1648,101,28,171,257,133,0.066,0.087,204001,1610612738,5.0
Kyle Anderson,MIN,71,50,21,1624.0,2285,2088,302,25,459,762,354,0.132,0.155,203937,1610612750,31.0
Kyle Kuzma,WAS,69,13,56,2243.0,2320,2817,293,42,459,722,347,0.126,0.15,1628398,1610612764,15.0
Kyle Lowry,PHI,55,27,28,1560.0,2592,2406,233,23,455,597,281,0.09,0.108,200768,1610612755,31.0
Kyrie Irving,DAL,51,33,18,1765.0,2279,2659,269,43,481,678,335,0.118,0.147,202681,1610612742,24.0
LaMelo Ball,CHA,22,7,15,711.0,1234,1540,176,17,309,439,216,0.143,0.175,1630163,1610612766,23.0
Lamar Stevens,MEM,34,19,15,447.0,457,408,22,4,51,51,25,0.048,0.055,1630205,1610612763,0.0
Landry Shamet,WAS,46,6,40,727.0,672,778,54,8,90,141,67,0.08,0.1,1629013,1610612764,5.0
Larry Nance Jr.,NOP,55,32,23,1082.0,1306,992,92,10,153,239,110,0.07,0.084,1626204,1610612740,8.0
Lauri Markkanen,UTA,55,22,33,1820.0,1638,1618,110,9,189,288,125,0.067,0.076,1628374,1610612762,6.0
LeBron James,LAL,64,35,29,2266.0,3188,3860,518,56,823,1265,608,0.162,0.191,2544,1610612747,48.0
Leaky Black,CHA,22,1,21,218.0,211,160,18,1,35,46,20,0.085,0.095,1641778,1610612766,1.0
Leonard Miller,MIN,11,10,1,33.0,56,35,5,0,6,12,5,0.089,0.089,1631159,1610612750,0.0
Lester Quinones,GSW,32,20,12,360.0,424,453,33,7,63,86,47,0.078,0.111,1631311,1610612744,7.0
Lindell Wigginton,MIL,3,3,0,8.0,7,14,0,0,0,0,0,0.0,0.0,1629623,1610612749,0.0
Lindy Waters III,OKC,31,21,10,199.0,207,223,16,4,26,40,19,0.077,0.092,1630322,1610612760,0.0
Lonnie Walker IV,BKN,53,22,31,893.0,699,1016,64,12,116,168,81,0.092,0.116,1629022,1610612751,6.0
Luguentz Dort,OKC,72,50,22,2049.0,1184,1407,100,8,175,253,113,0.084,0.095,1629652,1610612760,6.0
Luka Doncic,DAL,64,41,23,2395.0,3562,4412,626,87,1077,1603,782,0.176,0.22,1629029,1610612742,68.0
Luka Garza,MIN,20,15,5,99.0,100,100,3,0,5,7,3,0.03,0.03,1630568,1610612750,0.0
Luka Samanic,UTA,35,13,22,237.0,206,155,8,0,18,22,9,0.039,0.044,1629677,1610612762,0.0
Luke Kennard,MEM,37,13,24,936.0,1142,1178,124,11,189,305,140,0.109,0.123,1628379,1610612763,7.0
Luke Kornet,BOS,54,41,13,830.0,643,499,55,5,99,157,65,0.086,0.101,1628436,1610612738,4.0
Malachi Flynn,DET,60,27,33,717.0,1233,1316,100,19,221,265,131,0.081,0.106,1630201,1610612765,13.0
Malaki Branham,SAS,69,15,54,1402.0,1614,1719,147,19,247,379,182,0.091,0.113,1631103,1610612759,18.0
Malcolm Brogdon,POR,39,15,24,1121.0,1624,1849,214,10,398,564,248,0.132,0.153,1627763,1610612757,24.0
Malcolm Cazalon,DET,1,0,1,3.0,1,0,0,0,0,0,0,0.0,0.0,1630608,1610612765,0.0
Malik Beasley,MIL,71,44,27,2122.0,1479,1454,97,24,171,247,125,0.066,0.085,1627736,1610612749,5.0
Malik Monk,SAC,72,42,30,1872.0,2535,3159,370,48,654,945,461,0.146,0.182,1628370,1610612758,44.0
Mamadi Diakite,NYK,5,4,1,24.0,29,24,2,0,2,5,2,0.069,0.069,1629603,1610612752,0.0
Maozinha Pereira,MEM,5,1,4,55.0,49,32,1,0,3,3,1,0.02,0.02,1641970,1610612763,0.0
MarJon Beauchamp,MIL,46,30,16,593.0,371,377,30,1,65,77,34,0.081,0.092,1630699,1610612749,2.0
Marcus Morris Sr.,CLE,44,25,19,757.0,637,575,33,8,59,85,44,0.052,0.069,202694,1610612739,3.0
Marcus Sasser,DET,63,10,53,1118.0,1669,1917,203,26,326,528,247,0.122,0.148,1631204,1610612765,18.0
Marcus Smart,MEM,20,7,13,605.0,690,850,86,6,165,217,98,0.125,0.142,203935,1610612763,8.0
Mark Williams,CHA,19,7,12,508.0,422,275,22,6,30,58,29,0.052,0.069,1631109,1610612766,1.0
Markelle Fultz,ORL,35,21,14,753.0,1024,1030,104,8,185,271,125,0.102,0.122,1628365,1610612753,13.0
Markieff Morris,DAL,21,12,9,170.0,150,147,12,1,15,31,13,0.08,0.087,202693,1610612742,0.0
Markquis Nowell,TOR,1,0,1,4.0,6,6,2,0,4,5,2,0.333,0.333,1641806,1610612761,0.0
Marques Bolden,CHA,4,2,2,16.0,20,8,0,0,0,0,0,0.0,0.0,1629716,1610612766,0.0
Marvin Bagley III,WAS,49,6,43,1044.0,1106,907,55,6,71,137,62,0.05,0.056,1628963,1610612764,2.0
Mason Jones,SAC,3,1,2,20.0,41,39,5,1,8,12,6,0.122,0.146,1630222,1610612758,0.0
Mason Plumlee,LAC,39,25,14,556.0,704,426,43,6,53,109,52,0.061,0.074,203486,1610612746,2.0
Matisse Thybulle,POR,64,17,47,1455.0,1327,977,86,5,157,220,105,0.065,0.079,1629680,1610612757,15.0
Matt Hurt,MEM,8,2,6,113.0,95,82,4,1,11,14,7,0.042,0.074,1630562,1610612763,2.0
Matt Ryan,NOP,24,13,11,375.0,308,302,17,2,29,48,23,0.055,0.075,1630346,1610612740,3.0
Max Christie,LAL,60,33,27,892.0,789,694,55,6,90,144,64,0.07,0.081,1631108,1610612747,4.0
Max Strus,CLE,63,40,23,2011.0,2558,2375,235,39,380,581,297,0.092,0.116,1629622,1610612739,28.0
Maxi Kleber,DAL,36,22,14,735.0,662,514,57,9,84,147,66,0.086,0.1,1628467,1610612742,0.0
Maxwell Lewis,LAL,27,13,14,80.0,42,46,4,1,7,6,4,0.095,0.095,1641721,1610612747,0.0
Micah Potter,UTA,12,2,10,127.0,95,58,2,0,13,7,3,0.021,0.032,1630695,1610612762,1.0
Michael Porter Jr.,DEN,72,50,22,2290.0,1865,1875,105,32,156,245,142,0.056,0.076,1629008,1610612743,3.0
Mikal Bridges,BKN,73,29,44,2592.0,2699,3158,267,43,479,686,321,0.099,0.119,1628969,1610612751,10.0
Mike Conley,MIN,69,49,20,1997.0,3756,3872,417,62,590,1062,524,0.111,0.14,201144,1610612750,45.0
Mike Muscala,OKC,46,13,33,543.0,595,441,34,1,50,88,35,0.057,0.059,203488,1610612760,0.0
Miles Bridges,CHA,62,14,48,2337.0,2727,2589,204,23,398,541,246,0.075,0.09,1628970,1610612766,20.0
Miles McBride,NYK,61,37,24,1127.0,1414,1572,97,21,183,260,125,0.069,0.088,1630540,1610612752,9.0
Mitchell Robinson,NYK,23,13,10,645.0,540,272,15,4,23,36,19,0.028,0.035,1629011,1610612752,0.0
Mo Bamba,PHI,53,26,27,703.0,801,572,40,2,54,104,45,0.05,0.056,1628964,1610612755,3.0
Monte Morris,MIN,25,16,9,366.0,555,563,54,5,85,142,61,0.097,0.11,1628420,1610612750,2.0
Moritz Wagner,ORL,72,42,30,1288.0,1416,1446,91,7,167,228,100,0.064,0.071,1629021,1610612753,3.0
Moses Brown,POR,19,4,15,167.0,186,108,6,1,6,14,8,0.032,0.043,1629650,1610612757,1.0
Moses Moody,GSW,57,32,25,974.0,666,815,47,12,89,120,61,0.071,0.092,1630541,1610612744,2.0
Mouhamadou Gueye,TOR,8,0,8,64.0,66,73,2,0,2,5,2,0.03,0.03,1631338,1610612761,0.0
Mouhamed Gueye,ATL,2,2,0,4.0,5,2,0,0,1,0,0,0.0,0.0,1631243,1610612737,0.0
Moussa Diabate,LAC,11,7,4,64.0,64,38,4,0,6,11,4,0.063,0.063,1631217,1610612746,0.0
Myles Turner,IND,71,40,31,1936.0,1543,1919,92,15,121,227,113,0.06,0.073,1626167,1610612754,6.0
Naji Marshall,NOP,61,40,21,1186.0,1492,1333,122,11,193,295,137,0.082,0.092,1630230,1610612740,8.0
Nassir Little,PHX,40,24,16,446.0,382,326,21,1,45,59,25,0.055,0.065,1629642,1610612756,3.0
Nate Hinton,HOU,11,6,5,58.0,75,65,6,0,14,16,8,0.08,0.107,1630207,1610612745,2.0
Nate Williams,HOU,18,9,9,99.0,75,67,7,0,12,18,8,0.093,0.107,1631466,1610612745,1.0
Nathan Mensah,CHA,25,3,22,307.0,152,77,9,0,12,22,9,0.059,0.059,1641877,1610612766,0.0
Naz Reid,MIN,73,51,22,1750.0,1869,1728,95,19,157,243,119,0.051,0.064,1629675,1610612750,4.0
Neemias Queta,BOS,26,22,4,296.0,216,164,14,1,19,39,15,0.065,0.069,1629674,1610612738,0.0
Nic Claxton,BKN,63,24,39,1877.0,2109,1621,124,10,174,311,142,0.059,0.067,1629651,1610612751,6.0
Nick Richards,CHA,63,12,51,1671.0,1265,792,51,1,79,124,55,0.04,0.043,1630208,1610612766,4.0
Nick Smith Jr.,CHA,45,7,38,627.0,703,826,49,6,122,141,61,0.07,0.087,1641733,1610612766,6.0
Nickeil Alexander-Walker,MIN,74,51,23,1742.0,2298,2232,185,23,290,490,226,0.081,0.098,1629638,1610612750,18.0
Nicolas Batum,PHI,53,29,24,1321.0,1329,958,110,10,175,268,130,0.083,0.098,201587,1610612755,14.0
Nikola Jokic,DEN,70,48,22,2420.0,5236,4732,635,72,1030,1571,751,0.121,0.143,203999,1610612743,45.0
Nikola Jovic,MIA,38,19,19,706.0,849,725,74,12,129,186,88,0.087,0.104,1631107,1610612748,4.0
Nikola Vucevic,CHI,69,34,35,2362.0,3139,3154,233,31,395,590,273,0.074,0.087,202696,1610612741,14.0
Noah Clowney,BKN,16,7,9,164.0,155,125,9,0,18,26,10,0.058,0.065,1641730,1610612751,1.0
Norman Powell,LAC,69,43,26,1797.0,1018,1375,75,10,127,189,93,0.074,0.091,1626181,1610612746,8.0
OG Anunoby,NYK,44,26,18,1498.0,1176,1245,99,20,168,257,131,0.084,0.111,1628384,1610612752,13.0
Obi Toppin,IND,75,42,33,1601.0,1740,1414,110,23,187,265,136,0.063,0.078,1630167,1610612754,3.0
Ochai Agbaji,TOR,71,29,42,1436.0,1120,983,72,14,153,186,93,0.064,0.083,1630534,1610612761,7.0
Olivier Sarr,OKC,14,7,7,95.0,105,61,2,1,9,6,3,0.019,0.029,1630846,1610612760,0.0
Olivier-Maxence Prosper,DAL,35,21,14,263.0,205,176,20,2,29,50,21,0.098,0.102,1641765,1610612742,0.0
Omer Yurtseven,UTA,40,15,25,371.0,416,276,19,3,33,48,24,0.046,0.058,1630209,1610612762,1.0
Onuralp Bitim,CHI,17,8,9,215.0,178,173,13,3,22,31,16,0.073,0.09,1641931,1610612741,0.0
Onyeka Okongwu,ATL,55,23,32,1405.0,1095,997,74,5,128,194,87,0.068,0.079,1630168,1610612737,10.0
Orlando Robinson,MIA,33,18,15,300.0,370,286,34,0,41,86,35,0.092,0.095,1631115,1610612748,2.0
Oscar Tshiebwe,IND,8,2,6,42.0,29,28,2,0,2,6,2,0.069,0.069,1631131,1610612754,0.0
Oshae Brissett,BOS,48,40,8,561.0,545,345,38,2,55,103,41,0.07,0.075,1629052,1610612738,1.0
Otto Porter Jr.,TOR,15,6,9,174.0,172,111,8,2,21,19,11,0.047,0.064,203490,1610612761,1.0
Ousmane Dieng,OKC,31,19,12,342.0,309,312,33,6,51,86,42,0.107,0.136,1631172,1610612760,3.0
P.J. Tucker,LAC,25,10,15,389.0,280,132,12,2,25,33,14,0.043,0.05,200782,1610612746,0.0
P.J. Washington,DAL,65,24,41,1958.0,2051,1720,126,20,215,327,161,0.061,0.078,1629023,1610612742,14.0
Paolo Banchero,ORL,72,42,30,2504.0,3566,3949,384,39,735,1004,459,0.108,0.129,1631094,1610612753,34.0
Pascal Siakam,IND,73,33,40,2453.0,2732,3119,329,46,563,854,397,0.12,0.145,1627783,1610612754,24.0
Pat Connaughton,MIL,68,43,25,1474.0,1654,1248,137,10,229,355,159,0.083,0.096,1626192,1610612749,12.0
Pat Spencer,GSW,2,1,1,4.0,7,4,1,0,2,3,1,0.143,0.143,1630311,1610612744,0.0
Patrick Baldwin Jr.,WAS,32,6,26,331.0,348,246,20,3,28,52,24,0.057,0.069,1631116,1610612764,1.0
Patrick Beverley,MIL,68,41,27,1334.0,2188,2078,191,27,363,504,235,0.087,0.107,201976,1610612749,17.0
Patrick Williams,CHI,43,19,24,1174.0,1163,935,66,11,120,166,77,0.057,0.066,1630172,1610612741,3.0
Patty Mills,MIA,30,14,16,396.0,332,394,33,4,64,93,42,0.099,0.127,201988,1610612748,4.0
Paul George,LAC,67,43,24,2284.0,2342,2759,234,24,378,585,279,0.1,0.119,202331,1610612746,28.0
Paul Reed,PHI,75,40,35,1445.0,1537,1147,94,11,131,235,111,0.061,0.072,1630194,1610612755,6.0
Payton Pritchard,BOS,73,57,16,1569.0,2167,2324,224,37,420,594,284,0.103,0.131,1630202,1610612738,23.0
Pete Nance,CLE,4,2,2,11.0,9,7,0,0,0,0,0,0.0,0.0,1631250,1610612739,0.0
Peyton Watson,DEN,71,49,22,1284.0,1328,1073,73,7,119,176,80,0.055,0.06,1631212,1610612743,2.0
Precious Achiuwa,NYK,67,35,32,1522.0,1683,1292,94,13,144,248,114,0.056,0.068,1630173,1610612752,6.0
Quentin Grimes,DET,51,32,19,1025.0,840,873,66,7,105,174,78,0.079,0.093,1629656,1610612765,6.0
Quenton Jackson,IND,1,1,0,2.0,3,3,0,0,1,0,0,0.0,0.0,1631245,1610612754,0.0
R.J. Hampton,MIA,8,3,5,76.0,92,84,8,0,13,20,9,0.087,0.098,1630181,1610612748,2.0
RJ Barrett,TOR,53,24,29,1676.0,1623,1884,171,30,285,432,208,0.105,0.128,1629628,1610612761,9.0
Rayan Rupert,POR,30,4,26,361.0,405,311,36,1,56,89,37,0.089,0.091,1641712,1610612757,0.0
Reggie Bullock Jr.,HOU,36,21,15,346.0,298,221,13,3,24,30,17,0.044,0.057,203493,1610612745,1.0
Reggie Jackson,DEN,73,50,23,1634.0,2465,2840,282,41,452,699,348,0.114,0.141,202704,1610612743,26.0
Richaun Holmes,WAS,40,13,27,554.0,537,392,25,2,49,64,28,0.047,0.052,1626158,1610612764,1.0
Ricky Council IV,PHI,27,10,17,236.0,173,216,11,2,22,29,14,0.064,0.081,1641741,1610612755,1.0
Robert Covington,PHI,29,20,9,488.0,498,298,24,8,34,63,35,0.048,0.07,203496,1610612755,2.0
Robert Williams III,POR,6,2,4,119.0,93,68,5,0,8,16,7,0.054,0.075,1629057,1610612757,0.0
Robin Lopez,MIL,16,10,6,65.0,44,60,4,0,7,10,4,0.091,0.091,201577,1610612749,0.0
Ron Harper Jr.,TOR,1,1,0,4.0,4,4,1,0,0,2,1,0.25,0.25,1631199,1610612761,0.0
Royce O'Neale,PHX,69,32,37,1701.0,2417,1663,196,26,287,479,230,0.081,0.095,1626220,1610612756,13.0
Rudy Gobert,MIN,68,48,20,2319.0,2260,1500,88,12,139,237,105,0.039,0.046,203497,1610612750,4.0
Rui Hachimura,LAL,60,34,26,1593.0,1160,1172,66,18,109,177,86,0.057,0.074,1629060,1610612747,2.0
Russell Westbrook,LAC,62,41,21,1386.0,1894,1988,274,15,426,669,308,0.145,0.163,201566,1610612746,24.0
Ryan Arcidiacono,NYK,20,15,5,45.0,48,35,4,0,13,11,4,0.083,0.083,1627853,1610612752,0.0
Ryan Rollins,MIL,10,1,9,66.0,89,101,11,0,20,27,13,0.124,0.146,1631157,1610612749,1.0
Saben Lee,PHX,20,12,8,173.0,238,257,29,2,45,70,32,0.122,0.134,1630240,1610612756,1.0
Saddiq Bey,ATL,63,28,35,2062.0,1660,1425,92,10,168,237,111,0.055,0.067,1630180,1610612737,13.0
Sam Hauser,BOS,70,55,15,1498.0,1237,1000,67,11,99,180,83,0.054,0.067,1630573,1610612738,8.0
Sam Merrill,CLE,57,35,22,1014.0,1033,1166,101,10,159,265,122,0.098,0.118,1630241,1610612739,11.0
Sandro Mamukelashvili,SAS,38,7,31,262.0,344,263,33,5,58,80,38,0.096,0.11,1630572,1610612759,1.0
Santi Aldama,MEM,60,22,38,1595.0,1946,1710,136,20,249,361,167,0.07,0.086,1630583,1610612763,10.0
Sasha Vezenkov,SAC,36,19,17,450.0,446,373,16,7,29,46,25,0.036,0.056,1628426,1610612758,3.0
Scoot Henderson,POR,54,15,39,1487.0,2405,2804,263,21,536,724,320,0.109,0.133,1630703,1610612757,36.0
Scottie Barnes,TOR,60,22,38,2094.0,3168,3064,363,38,642,916,435,0.115,0.137,1630567,1610612761,39.0
Scotty Pippen Jr.,MEM,13,2,11,305.0,499,550,56,4,113,150,64,0.112,0.128,1630590,1610612763,4.0
Seth Curry,CHA,44,25,19,615.0,613,617,44,9,87,106,56,0.072,0.091,203552,1610612766,5.0
Seth Lundy,ATL,9,2,7,52.0,32,31,0,0,2,2,1,0.0,0.031,1641754,1610612737,1.0
Shaedon Sharpe,POR,32,8,24,1059.0,924,1187,94,9,194,243,107,0.102,0.116,1631101,1610612757,4.0
Shai Gilgeous-Alexander,OKC,71,51,20,2444.0,3037,4210,447,60,858,1196,537,0.147,0.177,1628983,1610612760,31.0
Shake Milton,NYK,47,31,16,581.0,716,763,60,10,128,158,81,0.084,0.113,1629003,1610612752,10.0
Shaquille Harrison,MEM,3,1,2,6.0,8,7,0,0,0,0,0,0.0,0.0,1627885,1610612763,0.0
Sidy Cissoko,SAS,6,1,5,32.0,21,19,0,1,3,0,1,0.0,0.048,1631321,1610612759,0.0
Simone Fontecchio,DET,65,29,36,1612.0,1341,1217,99,17,166,243,123,0.074,0.092,1631323,1610612765,8.0
Skylar Mays,LAL,35,13,22,428.0,703,736,84,8,144,210,96,0.119,0.137,1630219,1610612747,5.0
Spencer Dinwiddie,LAL,68,33,35,1959.0,2511,2835,340,36,576,874,395,0.135,0.157,203915,1610612747,25.0
Stanley Umude,DET,23,4,19,294.0,149,160,11,3,19,28,16,0.074,0.107,1630649,1610612765,2.0
Stephen Curry,GSW,68,39,29,2223.0,2881,3853,340,61,576,819,428,0.118,0.149,201939,1610612744,35.0
Svi Mykhailiuk,BOS,33,26,7,294.0,220,233,22,3,38,59,30,0.1,0.136,1629004,1610612738,5.0
T.J. McConnell,IND,64,35,29,1151.0,2555,2693,340,41,583,888,420,0.133,0.164,204456,1610612754,38.0
T.J. Warren,MIN,8,5,3,106.0,76,80,7,0,9,18,7,0.092,0.092,203933,1610612750,0.0
Taj Gibson,DET,17,7,10,176.0,126,73,9,1,6,23,10,0.071,0.079,201959,1610612765,0.0
Talen Horton-Tucker,UTA,45,12,33,871.0,1479,1613,165,17,331,448,200,0.112,0.135,1629659,1610612762,16.0
Tari Eason,HOU,22,12,10,480.0,464,304,27,4,44,70,34,0.058,0.073,1631106,1610612745,3.0
Taurean Prince,LAL,70,38,32,1936.0,1147,1260,108,16,177,264,131,0.094,0.114,1627752,1610612747,7.0
Taylor Hendricks,UTA,33,11,22,686.0,434,343,21,4,31,50,26,0.048,0.06,1641707,1610612762,1.0
Taze Moore,POR,3,1,2,10.0,16,18,1,0,1,3,1,0.063,0.063,1631386,1610612757,0.0
Terance Mann,LAC,66,42,24,1672.0,1396,1258,109,9,178,260,118,0.078,0.085,1629611,1610612746,4.0
Terquavion Smith,PHI,12,4,8,69.0,98,122,10,3,20,27,15,0.102,0.153,1631173,1610612755,2.0
Terry Rozier,MIA,57,20,37,1926.0,3123,3683,330,49,560,838,397,0.106,0.127,1626179,1610612748,19.0
Terry Taylor,CHI,29,12,17,177.0,142,107,10,3,17,29,14,0.07,0.099,1630678,1610612741,1.0
Thaddeus Young,PHX,29,9,20,407.0,596,440,55,1,76,138,64,0.092,0.107,201152,1610612756,6.0
Thanasis Antetokounmpo,MIL,29,19,10,136.0,97,103,14,0,17,36,13,0.144,0.134,203648,1610612749,0.0
Theo Maledon,PHX,17,5,12,213.0,313,314,28,1,51,76,34,0.089,0.109,1630177,1610612756,5.0
Thomas Bryant,MIA,37,21,16,418.0,451,333,22,0,36,55,21,0.049,0.047,1628418,1610612748,0.0
Tim Hardaway Jr.,DAL,70,43,27,1932.0,1713,1941,121,14,164,307,141,0.071,0.082,203501,1610612742,7.0
Tobias Harris,PHI,66,37,29,2237.0,2393,2380,204,29,343,539,249,0.085,0.104,202699,1610612755,15.0
Torrey Craig,CHI,45,19,26,921.0,1002,687,52,12,92,116,64,0.052,0.064,1628470,1610612741,5.0
Tosan Evbuomwan,DET,14,1,13,276.0,192,165,10,1,34,33,15,0.052,0.078,1641787,1610612765,4.0
Toumani Camara,POR,69,18,51,1707.0,1550,1102,83,8,173,228,102,0.054,0.066,1641739,1610612757,10.0
Trae Young,ATL,51,22,29,1862.0,2858,3831,553,56,936,1388,653,0.193,0.228,1629027,1610612737,57.0
Trayce Jackson-Davis,GSW,59,33,26,921.0,1142,848,69,7,108,182,81,0.06,0.071,1631218,1610612744,5.0
Tre Jones,SAS,69,16,53,1870.0,3487,3560,416,52,812,1087,508,0.119,0.146,1630200,1610612759,41.0
Tre Mann,CHA,33,18,15,736.0,964,1029,121,18,205,307,145,0.126,0.15,1630544,1610612766,4.0
Trendon Watford,BKN,55,22,33,657.0,1026,895,65,11,103,159,82,0.063,0.08,1630570,1610612751,7.0
Trent Forrest,ATL,36,18,18,388.0,656,639,85,5,132,217,95,0.13,0.145,1630235,1610612737,5.0
Trevelin Queen,ORL,13,5,8,163.0,115,134,18,1,27,48,19,0.157,0.165,1630243,1610612753,1.0
Trey Jemison,MEM,18,3,15,351.0,305,272,16,1,39,50,22,0.052,0.072,1641998,1610612763,4.0
Trey Lyles,SAC,50,30,20,987.0,1109,766,58,11,100,152,75,0.052,0.068,1626168,1610612758,6.0
Trey Murphy III,NOP,48,31,17,1369.0,1263,1271,100,10,168,269,120,0.079,0.095,1630530,1610612740,10.0
Tristan Thompson,CLE,45,27,18,532.0,568,445,51,7,68,137,60,0.09,0.106,202684,1610612739,2.0
Tristan Vukcevic,WAS,5,2,3,32.0,29,22,2,0,1,5,2,0.069,0.069,1641774,1610612764,0.0
Troy Brown Jr.,DET,50,29,21,630.0,526,498,48,4,74,120,54,0.091,0.103,1628972,1610612765,3.0
Ty Jerome,CLE,2,1,1,15.0,24,25,3,0,6,7,3,0.125,0.125,1629660,1610612739,0.0
TyTy Washington Jr.,MIL,5,3,2,21.0,31,36,1,0,4,2,1,0.032,0.032,1631102,1610612749,0.0
Tyler Herro,MIA,36,19,17,1209.0,1510,1772,158,34,287,384,197,0.105,0.13,1629639,1610612748,13.0
Tyrese Haliburton,IND,62,35,27,1999.0,4370,4452,682,71,1129,1779,834,0.156,0.191,1630169,1610612754,88.0
Tyrese Maxey,PHI,65,38,27,2436.0,3934,4796,404,85,722,1039,525,0.103,0.133,1630178,1610612755,38.0
Tyus Jones,WAS,66,11,55,1933.0,3669,3806,485,58,825,1229,584,0.132,0.159,1626145,1610612764,43.0
Udoka Azubuike,PHX,14,10,4,107.0,69,51,3,0,2,6,3,0.043,0.043,1628962,1610612756,0.0
Usman Garuba,GSW,3,2,1,8.0,16,7,1,0,3,3,2,0.063,0.125,1630586,1610612744,1.0
Vasilije Micic,CHA,52,30,22,968.0,1450,1642,208,16,344,541,242,0.143,0.167,203995,1610612766,18.0
Victor Wembanyama,SAS,66,16,50,1928.0,2230,2558,240,28,406,575,282,0.108,0.126,1641705,1610612759,15.0
Vince Williams Jr.,MEM,52,18,34,1437.0,1789,1663,175,13,313,459,202,0.098,0.113,1631246,1610612763,13.0
Vit Krejci,ATL,14,7,7,362.0,298,264,31,1,61,96,38,0.104,0.128,1630249,1610612737,6.0
Walker Kessler,UTA,62,26,36,1460.0,1548,897,57,7,112,161,68,0.037,0.044,1631117,1610612762,4.0
Wendell Carter Jr.,ORL,47,26,21,1217.0,1263,1072,81,8,139,207,95,0.064,0.075,1628976,1610612753,6.0
Wendell Moore Jr.,MIN,19,15,4,53.0,61,52,2,2,8,5,4,0.033,0.066,1631111,1610612750,0.0
Wenyen Gabriel,MEM,5,1,4,81.0,72,53,3,0,4,7,3,0.042,0.042,1629117,1610612763,0.0
Wesley Matthews,ATL,33,10,23,396.0,379,262,22,2,36,52,23,0.058,0.061,202083,1610612737,0.0
Xavier Moon,LAC,9,5,4,37.0,64,71,7,0,5,13,6,0.109,0.094,1629875,1610612746,0.0
Xavier Tillman,BOS,47,25,22,890.0,1045,789,69,8,136,183,83,0.066,0.079,1630214,1610612738,7.0
Yuta Watanabe,MEM,34,18,16,464.0,356,326,15,3,25,42,21,0.042,0.059,1629139,1610612763,2.0
Zach Collins,SAS,61,14,47,1362.0,1672,1644,177,18,295,455,218,0.106,0.13,1628380,1610612759,22.0
Zach LaVine,CHI,25,10,15,872.0,1063,1092,98,17,211,249,121,0.092,0.114,203897,1610612741,6.0
Zavier Simpson,MEM,1,0,1,9.0,13,11,4,1,5,10,5,0.308,0.385,1630285,1610612763,0.0
Zeke Nnaji,DEN,51,35,16,500.0,371,361,28,1,33,65,28,0.075,0.075,1630192,1610612743,0.0
Ziaire Williams,MEM,51,20,31,1038.0,894,959,75,13,131,198,98,0.084,0.11,1630533,1610612763,9.0
Zion Williamson,NOP,62,38,24,1940.0,2403,2813,312,32,624,844,357,0.13,0.149,1629627,1610612740,13.0
