player,gp,mpg,usg,off,def,epm,ew,ts%,efg,rim,mid,3pt,ft%,or%,dr%,a%,to%,st%,bl%,rk,usg_per,ts%_per,efg_per,rim_per,mid_per,3pt_per,ft%_per,or%_per,dr%_per,a%_per,to%_per,st%_per,bl%_per,pos,team
Nikola Jokic,51,33.62,27,7.8,0.88,8.51,13.41,71.0,66.0,72.0,61.0,39.0,82.0,8.0,31.0,42.0,17.0,1.8,1.9,1.0,90.0,97.0,96.0,89.0,100.0,77.0,65.0,78.0,99.0,99.0,14.0,78.0,66.0, C,DEN
Luka Doncic,50,35.92,37,7.3,0.06,7.4,12.5,62.0,57.0,72.0,50.0,35.0,73.0,3.0,26.0,42.0,12.0,2.1,1.2,2.0,99.0,77.0,67.0,90.0,88.0,46.0,31.0,36.0,94.0,99.0,54.0,84.0,46.0, PG,DAL
Joel Embiid,45,34.92,37,5.6,1.79,7.3,10.9,65.0,56.0,70.0,47.0,35.0,86.0,6.0,27.0,23.0,12.0,1.6,4.0,3.0,99.0,89.0,66.0,83.0,74.0,49.0,80.0,71.0,95.0,83.0,52.0,68.0,90.0, C,PHI
Stephen Curry,38,34.61,30,6.6,0.36,6.9,8.8,68.0,62.0,71.0,48.0,43.0,92.0,2.0,18.0,28.0,13.0,1.3,1.0,4.0,96.0,95.0,89.0,86.0,79.0,95.0,97.0,20.0,72.0,92.0,43.0,46.0,36.0, PG,GSW
Kevin Durant,39,36.01,31,4.9,1.99,6.9,9.4,68.0,61.0,75.0,59.0,38.0,93.0,1.0,19.0,24.0,14.0,1.1,3.6,5.0,97.0,96.0,85.0,95.0,99.0,66.0,99.0,5.0,77.0,86.0,34.0,29.0,86.0, PF,PHX
Damian Lillard,46,36.22,32,8.01,-1.32,6.8,11.1,66.0,57.0,63.0,50.0,37.0,92.0,2.0,12.0,33.0,12.0,1.1,0.7,6.0,98.0,90.0,69.0,52.0,88.0,63.0,97.0,23.0,35.0,96.0,56.0,29.0,23.0, PG ,POR
Kawhi Leonard,34,31.71,27,4.6,1.99,6.5,6.99,60.0,55.0,64.0,50.0,38.0,87.0,4.0,17.0,20.0,8.0,2.1,1.5,7.0,91.0,67.0,55.0,54.0,90.0,69.0,85.0,56.0,72.0,79.0,91.0,87.0,56.0, SF,LAC
Jimmy Butler,44,33.71,25,4.0,2.5,6.5,9.5,63.0,53.0,61.0,44.0,30.0,85.0,7.0,14.0,25.0,9.0,3.0,1.1,8.0,85.0,81.0,41.0,42.0,55.0,14.0,76.0,76.0,54.0,87.0,83.0,96.0,41.0, SF,MIA
LeBron James,45,36.32,33,5.2,1.39,6.5,10.4,60.0,56.0,72.0,41.0,31.0,76.0,4.0,21.0,32.0,11.0,1.3,1.3,9.0,99.0,66.0,61.0,89.0,41.0,17.0,44.0,46.0,84.0,96.0,61.0,41.0,51.0, PF,LAL
Giannis Antetokounmpo,47,33.12,38,4.2,2.3,6.3,9.8,60.0,56.0,69.0,31.0,27.0,65.0,8.0,29.0,30.0,13.0,1.1,1.9,10.0,100.0,64.0,62.0,80.0,9.0,6.0,11.0,77.0,98.0,94.0,42.0,28.0,67.0, PF,MIL
Jayson Tatum,55,37.12,32,5.1,1.08,6.2,12.6,61.0,54.0,64.0,39.0,36.0,86.0,3.0,21.0,20.0,10.0,1.4,1.8,11.0,98.0,75.0,51.0,58.0,33.0,53.0,82.0,41.0,84.0,79.0,69.0,50.0,64.0, SF ,BOS
Jaren Jackson Jr.,40,27.21,23,1.79,4.31,6.1,6.69,61.0,57.0,63.0,46.0,36.0,78.0,7.0,18.0,5.0,10.0,1.9,10.7,12.0,82.0,69.0,67.0,54.0,69.0,51.0,48.0,73.0,75.0,5.0,72.0,80.0,100.0, PF,MEM
Shai Gilgeous-Alexander,53,35.42,32,4.9,0.98,5.9,11.2,63.0,53.0,59.0,48.0,34.0,91.0,3.0,12.0,25.0,11.0,2.2,2.8,13.0,98.0,82.0,43.0,32.0,82.0,39.0,95.0,32.0,36.0,89.0,68.0,89.0,78.0, SG,OKC
Kyrie Irving,44,37.12,29,5.1,0.47,5.5,9.2,62.0,57.0,64.0,53.0,38.0,90.0,3.0,12.0,23.0,9.0,1.4,1.9,14.0,96.0,77.0,70.0,55.0,96.0,68.0,93.0,44.0,39.0,84.0,78.0,57.0,66.0, PG,DAL
Lauri Markkanen,54,34.32,25,4.4,0.88,5.3,10.4,66.0,61.0,66.0,48.0,41.0,88.0,6.0,22.0,8.0,9.0,0.9,1.5,15.0,86.0,93.0,84.0,67.0,81.0,89.0,87.0,68.0,85.0,29.0,84.0,16.0,55.0, PF,UTA
James Harden,41,36.41,25,5.0,0.26,5.2,8.3,63.0,55.0,55.0,47.0,39.0,86.0,2.0,18.0,45.0,17.0,1.7,1.5,16.0,87.0,81.0,54.0,18.0,78.0,74.0,82.0,17.0,75.0,100.0,16.0,69.0,56.0, SG,PHI
Donovan Mitchell,50,35.52,31,5.1,0.16,5.2,9.8,62.0,57.0,65.0,48.0,39.0,87.0,3.0,11.0,23.0,11.0,2.1,1.1,17.0,97.0,80.0,70.0,62.0,81.0,74.0,86.0,41.0,25.0,83.0,62.0,86.0,40.0, SG,CLE
Aaron Gordon,49,30.31,21,2.99,2.3,5.2,8.2,64.0,63.0,70.0,38.0,40.0,62.0,10.0,16.0,12.0,11.0,1.3,2.4,18.0,76.0,88.0,92.0,83.0,27.0,80.0,8.0,85.0,66.0,55.0,64.0,46.0,75.0, PF,DEN
Zion Williamson,29,33.1,29,3.59,1.59,5.2,5.29,66.0,62.0,67.0,33.0,37.0,71.0,7.0,16.0,23.0,15.0,1.6,1.6,19.0,95.0,91.0,88.0,69.0,13.0,,26.0,75.0,68.0,84.0,28.0,66.0,57.0, PF,NOP
Anthony Davis,35,33.41,28,3.19,2.09,5.2,6.39,63.0,57.0,69.0,44.0,25.0,82.0,11.0,28.0,13.0,9.0,1.6,5.1,20.0,94.0,85.0,70.0,81.0,59.0,4.0,65.0,89.0,96.0,57.0,80.0,67.0,93.0, C ,LAL
Kristaps Porzingis,50,32.52,27,3.79,1.18,4.89,8.7,62.0,55.0,67.0,47.0,37.0,84.0,7.0,21.0,12.0,11.0,1.3,3.9,21.0,92.0,80.0,59.0,70.0,73.0,62.0,75.0,75.0,84.0,52.0,66.0,48.0,89.0, C,WAS
Paul George,44,34.22,30,3.9,0.98,4.8,7.99,59.0,54.0,63.0,45.0,38.0,87.0,3.0,18.0,25.0,14.0,2.1,0.9,22.0,96.0,63.0,53.0,53.0,60.0,71.0,86.0,31.0,72.0,87.0,29.0,87.0,32.0, SG,LAC
Tyrese Haliburton,48,33.42,24,5.0,-0.35,4.7,8.4,62.0,58.0,64.0,44.0,40.0,86.0,2.0,10.0,45.0,14.0,2.5,1.0,23.0,83.0,76.0,74.0,56.0,59.0,81.0,82.0,26.0,21.0,99.0,33.0,93.0,37.0, PG,IND
Ja Morant,48,32.52,34,4.3,0.37,4.59,7.99,56.0,51.0,59.0,42.0,32.0,74.0,4.0,15.0,42.0,12.0,1.5,0.7,24.0,99.0,40.0,27.0,30.0,48.0,22.0,34.0,49.0,60.0,98.0,48.0,61.0,24.0, PG,MEM
Devin Booker,33,33.91,31,4.6,-0.16,4.59,5.79,59.0,53.0,62.0,49.0,36.0,85.0,2.0,13.0,25.0,10.0,1.3,1.0,25.0,98.0,58.0,44.0,44.0,84.0,53.0,75.0,29.0,47.0,89.0,75.0,43.0,35.0, SG,PHX
Darius Garland,51,35.22,27,4.0,0.47,4.29,8.9,60.0,55.0,52.0,49.0,42.0,86.0,1.0,8.0,34.0,14.0,1.8,0.3,26.0,90.0,65.0,54.0,10.0,84.0,93.0,81.0,8.0,4.0,97.0,33.0,78.0,3.0, PG,CLE
Cameron Johnson,20,25.95,20,2.19,2.1,4.29,2.67,62.0,59.0,67.0,34.0,42.0,79.0,3.0,13.0,9.0,4.0,1.8,1.1,27.0,71.0,76.0,77.0,72.0,15.0,94.0,55.0,43.0,44.0,38.0,99.0,78.0,43.0, SG,BKN
Nic Claxton,54,29.52,16,1.28,3.0,4.19,7.79,70.0,72.0,77.0,39.0,,51.0,11.0,24.0,8.0,12.0,1.2,7.4,28.0,42.0,96.0,98.0,97.0,33.0,,2.0,88.0,89.0,28.0,50.0,38.0,98.0, C,BKN
Jrue Holiday,47,33.12,25,2.79,1.28,3.99,7.29,57.0,54.0,61.0,44.0,38.0,87.0,4.0,12.0,32.0,15.0,1.9,0.9,29.0,87.0,48.0,48.0,40.0,56.0,67.0,85.0,53.0,37.0,96.0,23.0,79.0,32.0, PG,MIL
Jarrett Allen,54,33.22,17,1.38,2.4,3.69,7.99,67.0,66.0,74.0,47.0,13.0,72.0,12.0,23.0,7.0,12.0,1.2,3.5,30.0,45.0,95.0,95.0,94.0,77.0,,27.0,91.0,89.0,24.0,52.0,36.0,86.0, C,CLE
Trae Young,52,35.42,32,4.1,-0.54,3.59,8.2,57.0,48.0,51.0,46.0,32.0,89.0,2.0,7.0,42.0,15.0,1.4,0.4,31.0,98.0,46.0,15.0,8.0,71.0,24.0,91.0,24.0,2.0,99.0,26.0,51.0,7.0, PG,ATL
Julius Randle,60,35.92,28,3.79,-0.25,3.59,9.5,59.0,53.0,65.0,46.0,34.0,76.0,7.0,27.0,18.0,12.0,0.9,0.8,32.0,94.0,57.0,46.0,61.0,68.0,34.0,41.0,73.0,95.0,74.0,55.0,17.0,27.0, PF,NYK
Desmond Bane,35,31.01,26,3.19,0.47,3.59,4.89,61.0,56.0,56.0,41.0,43.0,90.0,2.0,14.0,20.0,11.0,1.5,1.1,33.0,88.0,72.0,63.0,24.0,41.0,96.0,93.0,25.0,55.0,77.0,61.0,61.0,38.0, SG,MEM
Mitchell Robinson,38,26.81,10,0.88,2.7,3.49,4.48,65.0,67.0,68.0,25.0,,51.0,17.0,19.0,5.0,8.0,1.7,6.4,34.0,2.0,90.0,96.0,77.0,,,2.0,99.0,76.0,7.0,90.0,71.0,97.0, C,NYK
Domantas Sabonis,55,34.62,21,3.59,-0.25,3.49,8.3,67.0,63.0,68.0,52.0,35.0,76.0,10.0,31.0,29.0,17.0,1.2,1.1,35.0,75.0,94.0,91.0,74.0,93.0,45.0,45.0,87.0,99.0,93.0,14.0,34.0,41.0, C,SAC
Steven Adams,42,27.01,14,1.08,2.4,3.39,4.99,56.0,60.0,63.0,44.0,,36.0,20.0,25.0,11.0,20.0,1.5,3.6,36.0,26.0,41.0,82.0,51.0,56.0,,1.0,100.0,91.0,46.0,5.0,64.0,86.0, C,MEM
Franz Wagner,58,33.22,24,1.79,1.69,3.39,8.3,59.0,54.0,62.0,37.0,37.0,83.0,3.0,10.0,17.0,12.0,1.4,0.5,37.0,82.0,59.0,52.0,48.0,24.0,59.0,70.0,42.0,22.0,70.0,56.0,51.0,16.0, SF,ORL
Derrick White,59,27.72,17,1.58,1.69,3.19,6.79,60.0,55.0,59.0,45.0,39.0,86.0,2.0,11.0,19.0,10.0,1.3,2.8,38.0,52.0,65.0,58.0,31.0,63.0,73.0,81.0,25.0,27.0,76.0,75.0,47.0,79.0, SG,BOS
Bradley Beal,36,32.91,28,3.49,-0.45,3.19,4.99,62.0,57.0,67.0,50.0,38.0,85.0,3.0,9.0,25.0,13.0,1.3,1.7,39.0,94.0,79.0,71.0,70.0,87.0,65.0,78.0,38.0,10.0,88.0,43.0,49.0,61.0, SG,WAS
Pascal Siakam,49,37.72,28,3.49,-0.35,3.19,7.59,57.0,52.0,69.0,42.0,34.0,77.0,5.0,19.0,26.0,10.0,1.1,1.4,40.0,93.0,48.0,35.0,79.0,47.0,40.0,45.0,65.0,77.0,89.0,69.0,25.0,53.0, C,TOR
O.G. Anunoby,45,35.82,20,-0.46,3.4,2.99,6.49,56.0,53.0,60.0,34.0,37.0,82.0,4.0,14.0,8.0,13.0,2.9,2.1,41.0,71.0,42.0,42.0,38.0,14.0,59.0,65.0,57.0,51.0,30.0,45.0,96.0,71.0, SF,TOR
Fred VanVleet,50,36.92,23,2.29,0.78,2.99,7.39,55.0,49.0,52.0,40.0,34.0,89.0,1.0,13.0,26.0,10.0,2.1,1.7,42.0,80.0,31.0,16.0,10.0,35.0,40.0,92.0,7.0,46.0,90.0,78.0,86.0,60.0, PG,TOR
Chris Paul,39,32.01,20,2.09,0.88,2.89,4.99,55.0,50.0,41.0,46.0,37.0,83.0,1.0,14.0,40.0,14.0,2.5,1.3,43.0,71.0,29.0,21.0,,71.0,65.0,69.0,5.0,52.0,98.0,31.0,93.0,51.0, PG,PHX
DeMar DeRozan,53,36.32,28,2.49,0.37,2.79,7.49,60.0,52.0,66.0,48.0,32.0,88.0,1.0,13.0,22.0,10.0,1.3,1.4,44.0,93.0,67.0,37.0,66.0,80.0,20.0,89.0,7.0,48.0,83.0,76.0,46.0,52.0, SF,CHI
Bam Adebayo,54,35.42,26,1.58,1.08,2.59,7.19,59.0,54.0,65.0,47.0,9.0,80.0,9.0,25.0,16.0,12.0,1.7,2.4,45.0,88.0,61.0,52.0,63.0,76.0,,59.0,81.0,92.0,67.0,53.0,73.0,75.0, C,MIA
Brook Lopez,57,30.32,18,0.78,1.89,2.59,6.49,62.0,59.0,71.0,47.0,37.0,77.0,7.0,15.0,6.0,10.0,0.8,6.6,46.0,57.0,77.0,80.0,87.0,78.0,65.0,47.0,74.0,58.0,13.0,70.0,11.0,97.0, C,MIL
Myles Turner,50,29.81,22,1.79,0.88,2.49,5.59,64.0,60.0,68.0,48.0,38.0,78.0,6.0,23.0,7.0,10.0,1.0,6.7,47.0,78.0,88.0,83.0,77.0,80.0,70.0,53.0,69.0,89.0,20.0,68.0,20.0,98.0, C,IND
Jaylen Brown,48,35.32,31,1.79,0.78,2.49,6.19,59.0,55.0,66.0,48.0,33.0,78.0,4.0,18.0,16.0,12.0,1.5,1.1,48.0,97.0,59.0,55.0,68.0,83.0,28.0,50.0,48.0,73.0,66.0,55.0,59.0,39.0, SF,BOS
Zach LaVine,55,36.02,28,2.09,0.37,2.39,7.19,59.0,54.0,63.0,42.0,37.0,84.0,2.0,13.0,17.0,12.0,1.3,0.5,49.0,92.0,63.0,51.0,50.0,46.0,60.0,72.0,13.0,48.0,72.0,58.0,47.0,14.0, SG,CHI
Anthony Edwards,61,36.32,29,1.68,0.78,2.39,7.99,58.0,53.0,61.0,38.0,36.0,78.0,2.0,16.0,19.0,14.0,2.1,1.6,50.0,95.0,53.0,44.0,41.0,26.0,57.0,49.0,20.0,65.0,76.0,37.0,88.0,57.0, SG,MIN
Brandon Ingram,24,32.28,30,1.79,0.68,2.39,2.77,57.0,51.0,64.0,43.0,41.0,88.0,2.0,16.0,24.0,14.0,1.1,1.4,51.0,97.0,50.0,32.0,54.0,54.0,87.0,87.0,12.0,65.0,86.0,29.0,30.0,54.0, SF,NOP
Kyle Kuzma,53,34.92,27,0.98,1.39,2.29,6.69,55.0,52.0,69.0,36.0,34.0,72.0,3.0,20.0,17.0,13.0,0.7,1.2,52.0,91.0,34.0,39.0,79.0,18.0,34.0,27.0,41.0,79.0,71.0,40.0,6.0,43.0, PF,WAS
De'Aaron Fox,52,34.02,29,3.59,-1.32,2.29,6.29,60.0,55.0,74.0,49.0,33.0,80.0,2.0,13.0,28.0,11.0,1.5,0.9,53.0,94.0,65.0,56.0,93.0,86.0,25.0,58.0,12.0,43.0,92.0,60.0,58.0,29.0, PG,SAC
Michael Porter Jr.,42,29.41,22,2.29,-0.06,2.29,4.38,61.0,59.0,67.0,44.0,41.0,79.0,4.0,16.0,5.0,8.0,1.1,1.5,54.0,78.0,72.0,79.0,71.0,60.0,86.0,55.0,50.0,66.0,6.0,91.0,31.0,55.0, SF,DEN
Jalen Brunson,56,35.12,27,4.3,-2.07,2.19,6.79,60.0,54.0,55.0,49.0,41.0,84.0,2.0,9.0,29.0,9.0,1.3,0.7,55.0,91.0,65.0,50.0,21.0,85.0,89.0,73.0,21.0,15.0,93.0,80.0,45.0,23.0, PG,NYK
Kyle Anderson,48,26.11,14,-0.76,2.9,2.19,4.38,60.0,55.0,62.0,44.0,43.0,78.0,3.0,17.0,20.0,16.0,2.2,2.9,56.0,25.0,63.0,58.0,48.0,60.0,95.0,50.0,45.0,69.0,80.0,18.0,89.0,80.0, SF,MIN
Marcus Smart,42,32.11,17,0.38,1.69,1.99,4.48,54.0,52.0,58.0,50.0,33.0,77.0,2.0,9.0,29.0,19.0,2.1,1.1,57.0,47.0,29.0,34.0,29.0,90.0,33.0,46.0,30.0,15.0,93.0,7.0,84.0,39.0, PG,BOS
Walker Kessler,57,21.31,13,0.28,1.79,1.99,4.08,70.0,71.0,74.0,31.0,,54.0,15.0,23.0,5.0,12.0,0.9,7.8,58.0,17.0,97.0,98.0,93.0,,,3.0,98.0,88.0,8.0,52.0,16.0,98.0, C,UTA
Jamal Murray,45,32.51,26,2.59,-0.64,1.99,4.89,58.0,54.0,59.0,44.0,40.0,83.0,3.0,12.0,25.0,11.0,1.4,0.5,59.0,89.0,51.0,47.0,31.0,58.0,79.0,71.0,36.0,35.0,88.0,66.0,56.0,15.0, PG,DEN
Alex Caruso,49,24.31,11,-2.23,4.1,1.99,3.98,57.0,54.0,62.0,23.0,38.0,79.0,3.0,12.0,17.0,21.0,3.3,2.8,60.0,5.0,50.0,49.0,45.0,1.0,70.0,56.0,37.0,39.0,70.0,3.0,97.0,79.0, SF,CHI
Alperen Sengun,53,28.31,22,2.29,-0.45,1.89,4.99,61.0,57.0,61.0,50.0,32.0,75.0,13.0,22.0,20.0,17.0,1.5,3.3,61.0,78.0,74.0,71.0,43.0,90.0,19.0,40.0,93.0,85.0,77.0,15.0,57.0,85.0, C,HOU
Daniel Gafford,56,18.81,15,0.78,1.18,1.89,3.48,75.0,75.0,78.0,55.0,,64.0,12.0,18.0,7.0,15.0,0.9,5.9,62.0,33.0,99.0,99.0,98.0,98.0,,10.0,91.0,74.0,22.0,28.0,17.0,96.0, C,WAS
Luka Garza,22,9.32,25,3.19,-1.42,1.89,0.75,63.0,59.0,74.0,42.0,36.0,77.0,15.0,15.0,9.0,7.0,0.4,0.4,63.0,85.0,85.0,79.0,94.0,49.0,55.0,46.0,97.0,58.0,37.0,95.0,1.0,11.0, C,MIN
Luguentz Dort,50,29.91,20,0.27,1.69,1.89,4.89,53.0,49.0,50.0,31.0,36.0,76.0,5.0,10.0,10.0,9.0,1.6,0.8,64.0,69.0,23.0,20.0,6.0,9.0,50.0,42.0,61.0,19.0,41.0,80.0,68.0,26.0, PF,OKC
Buddy Hield,60,32.02,21,1.89,-0.15,1.78,6.19,62.0,59.0,57.0,40.0,43.0,87.0,3.0,14.0,12.0,12.0,1.7,0.9,65.0,75.0,78.0,81.0,26.0,37.0,95.0,85.0,39.0,52.0,56.0,57.0,70.0,28.0, PF,IND
Karl-Anthony Towns,21,33.87,25,2.39,-0.64,1.78,2.37,63.0,57.0,72.0,51.0,32.0,88.0,6.0,20.0,24.0,16.0,1.1,1.8,66.0,85.0,82.0,68.0,90.0,92.0,25.0,90.0,66.0,80.0,85.0,20.0,26.0,63.0, PF,MIN
Robert Williams III,23,23.65,12,0.68,1.18,1.78,1.76,75.0,74.0,80.0,31.0,,65.0,14.0,25.0,10.0,15.0,1.1,4.3,67.0,9.0,99.0,99.0,99.0,,,,96.0,91.0,44.0,27.0,25.0,91.0, C,BOS
Bojan Bogdanovic,56,32.12,25,3.09,-1.42,1.68,5.69,64.0,57.0,64.0,48.0,41.0,88.0,2.0,11.0,13.0,12.0,0.9,0.3,68.0,87.0,86.0,71.0,55.0,82.0,87.0,90.0,22.0,28.0,60.0,57.0,15.0,5.0, PF,DET
Jerami Grant,54,35.72,23,1.38,0.37,1.68,6.09,62.0,56.0,64.0,37.0,41.0,81.0,3.0,11.0,10.0,10.0,1.1,1.9,69.0,81.0,75.0,66.0,58.0,22.0,86.0,60.0,35.0,30.0,42.0,77.0,28.0,68.0, PF,POR
Klay Thompson,46,32.82,26,1.79,-0.15,1.68,4.78,56.0,54.0,62.0,37.0,40.0,88.0,2.0,10.0,11.0,8.0,0.9,0.9,70.0,89.0,39.0,48.0,49.0,22.0,82.0,88.0,26.0,22.0,46.0,89.0,18.0,31.0, SF,GSW
Clint Capela,43,26.91,16,1.58,0.16,1.68,3.68,64.0,63.0,65.0,49.0,,61.0,17.0,29.0,4.0,8.0,1.2,3.6,71.0,40.0,86.0,91.0,59.0,85.0,,7.0,98.0,98.0,3.0,90.0,40.0,87.0, C,ATL
Isaiah Joe,49,15.78,17,2.69,-1.13,1.58,2.37,68.0,65.0,70.0,44.0,45.0,84.0,2.0,13.0,9.0,7.0,1.8,0.8,72.0,48.0,96.0,94.0,,56.0,99.0,73.0,28.0,49.0,40.0,96.0,75.0,27.0, SG,OKC
Alec Burks,46,22.11,22,1.68,-0.25,1.48,3.08,61.0,55.0,54.0,42.0,42.0,82.0,2.0,13.0,15.0,10.0,1.5,0.5,73.0,79.0,71.0,54.0,16.0,48.0,94.0,63.0,19.0,48.0,64.0,75.0,64.0,14.0, SG,DET
Kenrich Williams,49,22.51,13,-0.17,1.59,1.48,3.38,59.0,60.0,70.0,45.0,38.0,44.0,9.0,16.0,12.0,8.0,1.6,1.2,74.0,19.0,62.0,81.0,82.0,61.0,71.0,1.0,82.0,62.0,51.0,90.0,67.0,47.0, PF,OKC
Mike Conley,46,29.71,16,1.89,-0.44,1.48,3.98,55.0,51.0,56.0,40.0,36.0,81.0,2.0,8.0,34.0,15.0,1.7,0.6,75.0,40.0,35.0,27.0,22.0,37.0,54.0,61.0,10.0,6.0,97.0,24.0,74.0,17.0, PG,MIN
Jusuf Nurkic,45,27.21,22,0.48,1.08,1.48,3.68,60.0,57.0,60.0,39.0,39.0,69.0,10.0,29.0,16.0,18.0,1.6,2.7,76.0,80.0,66.0,68.0,36.0,34.0,76.0,19.0,85.0,97.0,68.0,13.0,65.0,78.0, C,POR
Draymond Green,52,31.72,12,-1.54,3.0,1.38,4.89,59.0,57.0,67.0,44.0,33.0,70.0,3.0,21.0,27.0,27.0,1.4,2.2,77.0,14.0,62.0,72.0,70.0,55.0,33.0,24.0,37.0,83.0,91.0,1.0,55.0,72.0, PF,GSW
Mikal Bridges,59,36.22,20,1.08,0.37,1.38,6.49,58.0,54.0,64.0,42.0,40.0,89.0,3.0,11.0,14.0,9.0,1.6,2.0,78.0,67.0,56.0,46.0,59.0,50.0,80.0,92.0,42.0,25.0,63.0,85.0,66.0,68.0, PF,BKN
Andrew Wiggins,37,32.21,21,0.68,0.78,1.38,3.48,57.0,56.0,69.0,40.0,40.0,61.0,6.0,11.0,10.0,8.0,1.8,2.0,79.0,76.0,44.0,61.0,78.0,38.0,79.0,6.0,67.0,31.0,42.0,89.0,76.0,69.0, SF,GSW
LaMelo Ball,33,35.41,29,3.39,-2.08,1.38,3.48,54.0,50.0,50.0,41.0,36.0,86.0,3.0,16.0,35.0,14.0,1.7,0.8,80.0,96.0,25.0,26.0,7.0,40.0,58.0,79.0,45.0,64.0,97.0,35.0,73.0,28.0, PG,CHA
D'Angelo Russell,57,32.82,23,1.78,-0.45,1.38,5.69,61.0,57.0,67.0,47.0,39.0,85.0,2.0,9.0,27.0,15.0,1.6,1.0,81.0,81.0,68.0,66.0,69.0,77.0,77.0,76.0,19.0,8.0,91.0,22.0,64.0,36.0, PG,LAL
Josh Okogie,50,15.07,18,-0.96,2.19,1.28,2.17,53.0,50.0,52.0,38.0,35.0,70.0,11.0,13.0,12.0,12.0,2.2,2.7,82.0,58.0,23.0,21.0,9.0,27.0,45.0,23.0,89.0,46.0,52.0,48.0,90.0,78.0, SG,PHX
Dwight Powell,55,19.71,12,0.88,0.47,1.28,3.08,75.0,73.0,74.0,63.0,,71.0,12.0,14.0,6.0,17.0,1.6,1.9,83.0,14.0,99.0,99.0,94.0,,,25.0,91.0,51.0,14.0,16.0,68.0,67.0, C,DAL
Jeremiah Robinson-Earl,28,20.96,15,-0.17,1.29,1.18,1.66,58.0,56.0,60.0,36.0,36.0,78.0,9.0,15.0,6.0,7.0,1.7,1.6,84.0,34.0,54.0,64.0,35.0,,56.0,52.0,84.0,61.0,12.0,92.0,71.0,59.0, C,OKC
Wendell Carter Jr.,39,30.11,21,1.08,0.26,1.18,3.38,63.0,60.0,72.0,45.0,37.0,75.0,8.0,24.0,14.0,15.0,0.6,1.7,85.0,74.0,83.0,81.0,88.0,62.0,61.0,39.0,78.0,90.0,61.0,23.0,3.0,62.0, C,ORL
Tyler Herro,45,35.42,26,1.68,-0.64,1.08,4.38,56.0,52.0,59.0,45.0,37.0,92.0,1.0,18.0,20.0,12.0,1.2,0.9,86.0,88.0,41.0,41.0,34.0,65.0,60.0,97.0,8.0,75.0,78.0,54.0,40.0,30.0, SG,MIA
CJ McCollum,52,35.02,27,2.19,-1.13,1.08,4.99,54.0,51.0,52.0,44.0,39.0,80.0,2.0,11.0,25.0,12.0,1.4,1.6,87.0,90.0,28.0,31.0,11.0,57.0,73.0,57.0,28.0,33.0,89.0,54.0,51.0,57.0, PG,NOP
Dejounte Murray,54,36.52,24,1.28,-0.25,1.08,5.39,55.0,52.0,62.0,46.0,36.0,84.0,2.0,14.0,24.0,10.0,2.0,0.8,88.0,84.0,31.0,35.0,44.0,72.0,56.0,72.0,22.0,56.0,86.0,69.0,83.0,26.0, SG,ATL
De'Anthony Melton,54,28.52,17,-0.46,1.49,1.08,4.18,57.0,55.0,51.0,38.0,40.0,79.0,4.0,13.0,14.0,13.0,3.0,1.7,89.0,47.0,44.0,56.0,8.0,29.0,83.0,55.0,52.0,49.0,62.0,44.0,96.0,61.0, PG,PHI
Al Horford,45,30.51,12,-0.07,1.08,1.08,3.78,61.0,60.0,65.0,39.0,42.0,72.0,4.0,17.0,11.0,8.0,0.8,2.5,90.0,9.0,70.0,83.0,63.0,30.0,93.0,,55.0,71.0,49.0,91.0,11.0,76.0, C,BOS
Mason Plumlee,58,28.12,15,1.99,-0.93,1.08,4.38,68.0,67.0,70.0,47.0,,61.0,12.0,26.0,18.0,14.0,1.1,2.0,91.0,37.0,95.0,96.0,84.0,75.0,,7.0,91.0,93.0,74.0,29.0,26.0,68.0, C,LAC
Rudy Gobert,50,30.52,16,-0.96,1.99,1.08,4.18,70.0,68.0,71.0,30.0,,67.0,12.0,30.0,4.0,16.0,1.3,3.8,92.0,41.0,96.0,97.0,87.0,7.0,,15.0,93.0,98.0,4.0,20.0,42.0,89.0, C,MIN
Khris Middleton,17,21.44,27,0.68,0.37,1.08,1.05,54.0,48.0,65.0,45.0,29.0,93.0,3.0,14.0,27.0,14.0,1.4,0.7,93.0,92.0,27.0,14.0,61.0,61.0,10.0,98.0,37.0,54.0,91.0,36.0,54.0,21.0, PF,MIL
Josh Hart,54,33.02,13,-0.07,1.08,1.08,4.78,61.0,57.0,68.0,34.0,34.0,73.0,7.0,21.0,15.0,15.0,1.6,0.5,94.0,16.0,69.0,68.0,73.0,14.0,38.0,32.0,73.0,83.0,66.0,21.0,67.0,13.0, SF,NYK
Larry Nance Jr.,48,22.71,13,-0.46,1.39,1.08,2.97,66.0,64.0,73.0,43.0,35.0,68.0,9.0,22.0,12.0,11.0,1.9,3.1,95.0,15.0,91.0,94.0,91.0,51.0,47.0,17.0,84.0,86.0,51.0,62.0,81.0,83.0, C,NOP
Delon Wright,29,22.57,12,-1.45,2.4,0.98,1.76,55.0,50.0,68.0,37.0,30.0,90.0,6.0,10.0,21.0,15.0,4.3,1.0,96.0,13.0,31.0,24.0,75.0,20.0,12.0,94.0,68.0,21.0,82.0,26.0,99.0,37.0, PG,WAS
Jaden McDaniels,58,30.52,15,-0.86,1.89,0.98,4.78,61.0,59.0,68.0,45.0,38.0,74.0,5.0,9.0,9.0,13.0,1.5,2.9,97.0,36.0,71.0,77.0,73.0,62.0,72.0,35.0,62.0,14.0,35.0,38.0,60.0,80.0, PF,MIN
Dorian Finney-Smith,44,32.01,13,-1.06,1.99,0.98,3.78,55.0,53.0,61.0,19.0,35.0,73.0,6.0,12.0,6.0,10.0,1.4,1.3,98.0,15.0,33.0,43.0,41.0,,45.0,32.0,70.0,40.0,17.0,73.0,52.0,49.0, PF,BKN
Immanuel Quickley,59,27.72,19,0.07,0.88,0.88,4.28,57.0,52.0,63.0,46.0,35.0,82.0,3.0,13.0,17.0,9.0,1.5,0.4,99.0,61.0,46.0,38.0,50.0,67.0,48.0,67.0,31.0,42.0,70.0,84.0,63.0,11.0, SG,NYK
Deandre Ayton,51,30.22,24,0.98,-0.16,0.88,4.08,62.0,60.0,77.0,46.0,30.0,74.0,10.0,28.0,11.0,11.0,0.9,2.2,100.0,84.0,78.0,82.0,97.0,72.0,,33.0,87.0,96.0,48.0,60.0,18.0,72.0, C,PHX
Kentavious Caldwell-Pope,56,31.42,14,-0.17,0.98,0.88,4.58,62.0,59.0,55.0,45.0,45.0,84.0,2.0,9.0,9.0,12.0,2.1,1.2,101.0,26.0,79.0,78.0,19.0,63.0,98.0,74.0,21.0,12.0,36.0,58.0,87.0,47.0, SG,DEN
Tobias Harris,53,33.62,19,0.38,0.57,0.88,4.58,59.0,57.0,65.0,47.0,37.0,87.0,3.0,17.0,12.0,9.0,1.5,1.5,102.0,63.0,62.0,68.0,60.0,74.0,64.0,83.0,45.0,71.0,51.0,83.0,63.0,55.0, SF,PHI
Harrison Barnes,57,32.62,17,0.58,0.37,0.88,4.78,63.0,56.0,63.0,39.0,37.0,83.0,4.0,13.0,6.0,9.0,1.1,0.3,103.0,49.0,83.0,62.0,50.0,31.0,65.0,71.0,46.0,42.0,17.0,84.0,29.0,5.0, PF,SAC
Spencer Dinwiddie,57,33.72,22,2.19,-1.42,0.78,4.99,60.0,55.0,57.0,42.0,40.0,83.0,1.0,10.0,25.0,10.0,1.2,0.8,104.0,80.0,64.0,56.0,25.0,48.0,82.0,68.0,4.0,20.0,87.0,71.0,36.0,25.0, SG,BKN
Kelly Olynyk,48,28.21,18,0.48,0.37,0.78,3.48,63.0,59.0,67.0,37.0,40.0,85.0,5.0,16.0,16.0,19.0,1.7,1.6,105.0,55.0,86.0,77.0,71.0,23.0,85.0,77.0,62.0,63.0,67.0,8.0,69.0,59.0, C,UTA
Jakob Poeltl,49,26.11,19,1.18,-0.44,0.78,3.18,64.0,63.0,73.0,48.0,,59.0,13.0,26.0,16.0,18.0,1.5,3.8,106.0,61.0,86.0,91.0,92.0,82.0,,4.0,95.0,93.0,69.0,12.0,58.0,89.0, C,TOR
Kevin Huerter,54,30.52,19,1.99,-1.23,0.78,4.18,61.0,59.0,72.0,50.0,39.0,70.0,2.0,11.0,13.0,10.0,1.8,0.9,107.0,66.0,73.0,81.0,89.0,91.0,77.0,23.0,27.0,26.0,59.0,71.0,76.0,33.0, SG,SAC
Quentin Grimes,49,30.21,14,-0.76,1.49,0.78,3.68,58.0,56.0,70.0,27.0,35.0,80.0,3.0,9.0,9.0,11.0,1.1,1.3,108.0,22.0,55.0,63.0,81.0,,43.0,58.0,38.0,16.0,33.0,67.0,27.0,49.0, SG,NYK
Herbert Jones,43,28.81,15,-1.55,2.19,0.78,3.08,54.0,49.0,60.0,22.0,28.0,75.0,5.0,10.0,10.0,13.0,2.9,2.1,109.0,35.0,25.0,18.0,39.0,1.0,8.0,38.0,65.0,16.0,41.0,45.0,95.0,71.0, SG,NOP
Nickeil Alexander-Walker,38,14.15,18,-1.35,2.09,0.78,1.36,61.0,59.0,61.0,54.0,40.0,69.0,2.0,11.0,20.0,20.0,2.2,2.2,110.0,60.0,71.0,79.0,41.0,97.0,84.0,21.0,14.0,27.0,79.0,5.0,88.0,73.0, PG,MIN
Anfernee Simons,56,35.52,25,1.89,-1.23,0.68,4.99,59.0,55.0,62.0,45.0,38.0,91.0,1.0,8.0,19.0,11.0,1.0,0.6,111.0,85.0,60.0,59.0,48.0,65.0,70.0,96.0,2.0,5.0,76.0,65.0,21.0,17.0, SG,POR
Dillon Brooks,52,30.32,22,-1.35,1.99,0.68,3.88,49.0,45.0,52.0,39.0,31.0,79.0,2.0,9.0,12.0,9.0,1.3,0.6,112.0,79.0,6.0,7.0,11.0,32.0,18.0,54.0,22.0,14.0,50.0,81.0,49.0,17.0, SF,MEM
Terence Davis,44,13.86,21,-0.07,0.67,0.68,1.56,58.0,56.0,60.0,52.0,36.0,90.0,3.0,16.0,12.0,12.0,2.7,1.6,113.0,74.0,54.0,60.0,38.0,,56.0,93.0,41.0,66.0,55.0,49.0,95.0,58.0, SF,SAC
Kevon Looney,58,23.31,10,1.78,-1.13,0.57,3.28,66.0,66.0,70.0,47.0,,62.0,14.0,27.0,14.0,9.0,1.1,2.1,114.0,3.0,93.0,95.0,81.0,72.0,,7.0,97.0,95.0,63.0,85.0,31.0,70.0, C,GSW
Tyrese Maxey,38,32.81,25,1.28,-0.74,0.57,2.97,57.0,53.0,54.0,44.0,39.0,81.0,2.0,9.0,17.0,8.0,1.3,0.4,115.0,86.0,49.0,43.0,15.0,58.0,78.0,60.0,11.0,9.0,72.0,90.0,43.0,7.0, SG,PHI
Jock Landale,51,14.17,18,-0.56,1.08,0.57,1.76,59.0,55.0,72.0,45.0,23.0,78.0,13.0,19.0,9.0,14.0,0.9,2.9,116.0,60.0,62.0,57.0,89.0,64.0,2.0,51.0,94.0,78.0,40.0,30.0,14.0,81.0, C,PHX
Kyle Lowry,44,33.31,17,-0.17,0.67,0.57,3.48,56.0,50.0,55.0,45.0,33.0,85.0,3.0,13.0,23.0,16.0,1.7,1.2,117.0,46.0,38.0,25.0,19.0,66.0,32.0,78.0,35.0,44.0,83.0,21.0,70.0,46.0, PG,MIA
Gary Harris,30,24.57,13,-0.17,0.68,0.57,1.76,66.0,63.0,63.0,30.0,46.0,88.0,2.0,8.0,7.0,10.0,1.8,0.6,118.0,17.0,92.0,92.0,49.0,,99.0,90.0,21.0,7.0,19.0,77.0,77.0,18.0, SG,ORL
Josh Green,40,25.0,14,-0.96,1.39,0.47,2.37,66.0,64.0,71.0,52.0,41.0,72.0,4.0,9.0,9.0,13.0,1.7,0.3,119.0,26.0,93.0,94.0,86.0,94.0,89.0,28.0,54.0,11.0,39.0,43.0,74.0,4.0, SG,DAL
Cameron Payne,28,24.07,24,0.17,0.37,0.47,1.56,52.0,49.0,51.0,39.0,38.0,78.0,1.0,10.0,31.0,14.0,1.8,0.5,120.0,83.0,14.0,18.0,7.0,34.0,68.0,48.0,8.0,17.0,95.0,30.0,77.0,14.0, PG,PHX
Evan Mobley,59,34.22,20,-0.56,0.98,0.47,4.58,59.0,56.0,75.0,38.0,19.0,70.0,8.0,23.0,12.0,13.0,1.2,3.8,121.0,70.0,60.0,64.0,95.0,25.0,1.0,22.0,80.0,88.0,52.0,39.0,33.0,88.0, PF,CLE
Kevin Porter Jr.,40,34.01,25,0.88,-0.44,0.47,3.18,56.0,51.0,58.0,43.0,35.0,77.0,4.0,13.0,27.0,17.0,1.9,1.2,122.0,87.0,37.0,28.0,27.0,53.0,42.0,46.0,56.0,45.0,91.0,14.0,79.0,44.0, PG,HOU
Onyeka Okongwu,57,23.91,14,-0.76,1.18,0.47,3.18,66.0,63.0,68.0,51.0,20.0,74.0,12.0,21.0,6.0,12.0,1.3,4.8,123.0,26.0,92.0,92.0,75.0,93.0,,36.0,91.0,83.0,14.0,53.0,49.0,92.0, C,ATL
Hamidou Diallo,50,16.88,20,-1.74,2.1,0.37,1.96,61.0,60.0,72.0,40.0,28.0,59.0,6.0,16.0,9.0,14.0,2.5,1.5,124.0,72.0,73.0,82.0,90.0,37.0,,4.0,71.0,64.0,35.0,30.0,94.0,56.0, SG,DET
Mike Muscala,46,15.27,15,0.17,0.36,0.37,1.56,61.0,58.0,71.0,46.0,39.0,78.0,4.0,19.0,7.0,6.0,0.8,2.6,125.0,38.0,68.0,77.0,88.0,71.0,78.0,51.0,48.0,77.0,24.0,97.0,12.0,77.0, C,BOS
Gary Trent Jr.,50,33.62,21,0.38,0.06,0.37,3.78,58.0,53.0,67.0,43.0,37.0,83.0,1.0,8.0,7.0,5.0,2.4,0.8,126.0,75.0,51.0,44.0,71.0,52.0,60.0,72.0,4.0,6.0,23.0,98.0,91.0,26.0, SG,TOR
Christian Wood,48,27.21,26,1.79,-1.42,0.37,2.97,64.0,60.0,69.0,49.0,38.0,76.0,6.0,29.0,11.0,12.0,0.8,3.9,127.0,89.0,87.0,82.0,78.0,84.0,68.0,43.0,69.0,97.0,47.0,50.0,13.0,89.0, C,DAL
Jevon Carter,58,22.51,14,-1.64,1.89,0.37,2.97,57.0,55.0,48.0,44.0,42.0,81.0,2.0,10.0,16.0,14.0,2.1,1.6,128.0,28.0,45.0,59.0,3.0,59.0,92.0,63.0,23.0,18.0,67.0,32.0,85.0,60.0, PG,MIL
Mark Williams,29,15.95,17,-1.35,1.59,0.27,1.05,66.0,63.0,69.0,40.0,,73.0,11.0,24.0,3.0,12.0,2.1,6.0,129.0,49.0,92.0,92.0,81.0,36.0,,31.0,89.0,90.0,1.0,57.0,88.0,96.0, C,CHA
Javonte Green,28,16.04,13,-1.54,1.89,0.27,1.05,67.0,65.0,75.0,30.0,38.0,67.0,6.0,14.0,7.0,14.0,2.3,4.1,130.0,19.0,95.0,94.0,95.0,,,16.0,72.0,52.0,19.0,31.0,90.0,91.0, SF,CHI
Grayson Allen,54,27.61,14,0.17,0.16,0.27,3.28,62.0,57.0,59.0,33.0,40.0,90.0,3.0,9.0,12.0,11.0,1.4,0.5,131.0,29.0,80.0,72.0,32.0,11.0,85.0,94.0,44.0,15.0,50.0,59.0,56.0,16.0, SG,MIL
Dean Wade,31,21.77,10,-2.72,3.0,0.27,1.46,60.0,58.0,68.0,25.0,39.0,65.0,3.0,17.0,6.0,8.0,1.6,1.9,132.0,3.0,66.0,76.0,74.0,,74.0,,35.0,70.0,13.0,86.0,64.0,67.0, PF,CLE
Jordan Clarkson,58,32.52,28,2.09,-1.81,0.27,4.08,57.0,52.0,58.0,49.0,35.0,82.0,4.0,10.0,20.0,14.0,0.8,0.6,133.0,92.0,46.0,40.0,28.0,87.0,41.0,64.0,51.0,17.0,78.0,33.0,10.0,16.0, SG,UTA
Moritz Wagner,38,21.08,20,0.78,-0.64,0.27,1.76,63.0,56.0,65.0,43.0,32.0,87.0,7.0,19.0,12.0,12.0,1.7,1.1,134.0,70.0,85.0,63.0,60.0,,22.0,84.0,77.0,76.0,56.0,50.0,74.0,42.0, C,ORL
Scottie Barnes,56,35.22,20,0.78,-0.64,0.27,4.28,53.0,49.0,60.0,39.0,30.0,77.0,7.0,17.0,20.0,12.0,1.4,2.3,135.0,70.0,21.0,20.0,36.0,30.0,14.0,47.0,76.0,68.0,77.0,51.0,56.0,74.0, SF,TOR
Georges Niang,55,19.81,17,-0.37,0.47,0.17,2.27,62.0,60.0,62.0,46.0,41.0,88.0,2.0,13.0,8.0,9.0,1.0,0.9,136.0,48.0,80.0,84.0,46.0,,88.0,87.0,18.0,42.0,29.0,79.0,20.0,31.0, SF,PHI
Ben Simmons,42,26.31,14,-1.54,1.59,0.17,2.37,56.0,57.0,66.0,42.0,,44.0,4.0,22.0,29.0,27.0,2.4,1.8,137.0,29.0,41.0,67.0,65.0,47.0,,1.0,56.0,85.0,94.0,1.0,91.0,63.0, PF,BKN
Tim Hardaway Jr.,54,29.72,21,0.07,-0.06,0.07,3.28,52.0,49.0,49.0,37.0,35.0,75.0,1.0,13.0,9.0,6.0,1.3,0.4,138.0,73.0,17.0,18.0,6.0,20.0,48.0,39.0,6.0,45.0,32.0,96.0,42.0,9.0, SF,DAL
Chris Boucher,53,20.81,18,-0.37,0.37,0.07,2.27,59.0,55.0,63.0,42.0,32.0,74.0,12.0,22.0,3.0,6.0,1.7,4.2,139.0,56.0,57.0,55.0,52.0,46.0,21.0,35.0,90.0,85.0,1.0,98.0,70.0,91.0, PF,TOR
Monte Morris,50,28.11,15,1.99,-1.91,0.07,2.97,59.0,56.0,63.0,48.0,40.0,81.0,2.0,12.0,25.0,10.0,1.3,0.5,140.0,36.0,60.0,65.0,53.0,80.0,83.0,60.0,13.0,33.0,88.0,73.0,42.0,12.0, PG,WAS
Tari Eason,58,19.41,19,-1.54,1.59,-0.07,2.37,53.0,49.0,53.0,29.0,35.0,76.0,12.0,19.0,8.0,12.0,2.6,2.8,141.0,63.0,18.0,17.0,12.0,5.0,40.0,42.0,93.0,77.0,25.0,58.0,94.0,80.0, PF,HOU
Bobby Portis,47,26.81,21,0.78,-0.84,-0.07,2.57,57.0,55.0,64.0,50.0,34.0,83.0,10.0,28.0,11.0,9.0,0.8,0.7,142.0,76.0,48.0,57.0,57.0,91.0,37.0,68.0,87.0,97.0,45.0,82.0,13.0,24.0, PF,MIL
Terry Rozier,49,35.62,26,1.18,-1.23,-0.17,3.48,53.0,49.0,55.0,41.0,33.0,82.0,3.0,11.0,21.0,9.0,1.5,0.7,143.0,89.0,19.0,17.0,18.0,43.0,32.0,64.0,33.0,26.0,81.0,80.0,58.0,19.0, SG,CHA
Jose Alvarado,58,21.81,19,-1.06,0.98,-0.17,2.57,53.0,49.0,54.0,37.0,34.0,81.0,2.0,10.0,20.0,14.0,2.4,0.8,144.0,65.0,19.0,21.0,17.0,20.0,36.0,62.0,28.0,20.0,78.0,35.0,91.0,25.0, PG,NOP
Terance Mann,60,23.11,15,-0.17,0.06,-0.17,2.77,62.0,60.0,66.0,43.0,39.0,77.0,4.0,13.0,13.0,11.0,1.1,1.2,145.0,36.0,79.0,81.0,67.0,51.0,77.0,48.0,57.0,50.0,60.0,59.0,30.0,45.0, SF,LAC
Matisse Thybulle,51,12.76,9,-3.51,3.5,-0.17,1.25,54.0,53.0,60.0,33.0,35.0,75.0,4.0,9.0,5.0,7.0,3.7,2.4,146.0,1.0,29.0,44.0,37.0,,43.0,,46.0,12.0,9.0,95.0,98.0,75.0, SF,POR
Paolo Banchero,52,33.72,27,-0.66,0.57,-0.17,3.48,53.0,46.0,58.0,35.0,28.0,75.0,4.0,18.0,17.0,13.0,1.4,1.4,147.0,92.0,18.0,7.0,30.0,17.0,7.0,40.0,52.0,75.0,70.0,46.0,50.0,52.0, PF,ORL
Moses Brown,34,8.43,19,0.58,-0.64,-0.27,0.54,61.0,64.0,66.0,29.0,,46.0,19.0,30.0,2.0,10.0,0.5,4.6,148.0,64.0,68.0,93.0,67.0,,,1.0,99.0,98.0,0.0,75.0,2.0,92.0, C,LAC
Kelly Oubre Jr.,35,32.61,26,-0.07,-0.15,-0.27,2.27,52.0,49.0,54.0,45.0,31.0,71.0,5.0,13.0,6.0,6.0,2.3,1.0,149.0,89.0,15.0,16.0,16.0,63.0,16.0,26.0,58.0,47.0,13.0,97.0,90.0,37.0, SG,CHA
Jalen Suggs,34,23.08,20,-1.45,1.29,-0.27,1.56,53.0,50.0,59.0,46.0,31.0,68.0,5.0,9.0,22.0,18.0,2.7,2.0,150.0,69.0,22.0,24.0,32.0,67.0,16.0,18.0,58.0,11.0,82.0,12.0,95.0,69.0, SG,ORL
Brandon Clarke,51,19.91,18,-0.46,0.26,-0.27,1.96,70.0,67.0,77.0,52.0,17.0,72.0,9.0,21.0,10.0,12.0,1.5,3.3,151.0,55.0,97.0,96.0,97.0,94.0,,28.0,81.0,81.0,40.0,51.0,61.0,85.0, C,MEM
Naji Marshall,54,24.91,17,-1.64,1.49,-0.27,2.57,54.0,49.0,56.0,42.0,32.0,77.0,3.0,14.0,14.0,13.0,1.6,0.9,152.0,49.0,27.0,19.0,23.0,46.0,20.0,48.0,40.0,54.0,62.0,48.0,65.0,31.0, PF,NOP
Russell Westbrook,52,28.71,28,-0.76,0.47,-0.27,2.77,50.0,46.0,52.0,34.0,30.0,66.0,4.0,18.0,37.0,18.0,1.6,1.3,153.0,93.0,9.0,8.0,11.0,16.0,11.0,12.0,56.0,76.0,98.0,10.0,67.0,50.0, PG,UTA
Charles Bassey,26,13.64,14,-1.35,1.18,-0.37,0.65,63.0,63.0,68.0,47.0,33.0,64.0,17.0,29.0,12.0,24.0,1.2,6.3,154.0,27.0,84.0,90.0,74.0,,,10.0,98.0,97.0,53.0,2.0,37.0,96.0, C,SAS
De'Andre Hunter,49,32.02,20,-0.56,0.26,-0.37,2.87,57.0,52.0,57.0,49.0,36.0,83.0,2.0,13.0,6.0,8.0,0.8,0.5,155.0,69.0,47.0,40.0,24.0,85.0,54.0,69.0,26.0,43.0,15.0,87.0,12.0,15.0, SF,ATL
Mo Bamba,41,17.07,17,0.78,-1.03,-0.37,1.35,60.0,59.0,68.0,33.0,38.0,66.0,8.0,22.0,9.0,9.0,0.9,5.8,156.0,45.0,68.0,78.0,75.0,,69.0,14.0,79.0,84.0,35.0,85.0,14.0,95.0, C,LAL
Cam Thomas,41,16.67,27,0.48,-0.74,-0.36,1.25,59.0,51.0,62.0,42.0,41.0,84.0,1.0,10.0,15.0,10.0,1.1,0.7,157.0,91.0,58.0,31.0,46.0,49.0,88.0,75.0,3.0,22.0,65.0,71.0,26.0,19.0, SG,BKN
Christian Koloko,45,14.67,10,-2.72,2.4,-0.46,1.25,53.0,49.0,55.0,31.0,11.0,66.0,11.0,13.0,4.0,11.0,1.0,7.4,158.0,4.0,19.0,19.0,19.0,,,13.0,89.0,46.0,5.0,65.0,19.0,98.0, PF,TOR
Isaac Okoro,61,21.21,12,-2.04,1.69,-0.46,2.37,61.0,57.0,66.0,35.0,35.0,73.0,4.0,10.0,7.0,10.0,1.7,1.8,159.0,10.0,70.0,70.0,68.0,,41.0,33.0,47.0,24.0,23.0,69.0,71.0,64.0, SF,CLE
Ivica Zubac,59,29.22,15,-0.86,0.57,-0.46,3.08,64.0,62.0,64.0,53.0,,70.0,13.0,26.0,5.0,18.0,0.7,4.0,160.0,32.0,87.0,88.0,57.0,95.0,,24.0,95.0,94.0,8.0,13.0,6.0,90.0, C,LAC
Jordan Poole,58,30.72,29,-0.27,-0.25,-0.46,3.18,58.0,52.0,66.0,41.0,34.0,86.0,2.0,8.0,23.0,15.0,1.2,0.7,161.0,95.0,51.0,39.0,64.0,44.0,33.0,80.0,9.0,8.0,85.0,21.0,39.0,21.0, PG,GSW
Thomas Bryant,44,20.59,19,2.49,-2.82,-0.46,1.56,71.0,69.0,76.0,53.0,43.0,74.0,9.0,25.0,5.0,7.0,0.7,2.1,162.0,61.0,98.0,97.0,96.0,96.0,96.0,36.0,83.0,92.0,6.0,92.0,8.0,70.0, C,DEN
Tyus Jones,57,23.01,18,0.48,-0.93,-0.46,2.37,54.0,51.0,59.0,44.0,37.0,81.0,2.0,9.0,26.0,9.0,2.1,0.3,163.0,56.0,28.0,32.0,34.0,57.0,63.0,59.0,16.0,8.0,90.0,79.0,87.0,4.0, PG,MEM
T.J. McConnell,57,19.61,17,-1.25,0.88,-0.56,1.96,57.0,55.0,60.0,46.0,44.0,85.0,3.0,13.0,40.0,21.0,2.5,0.4,164.0,54.0,50.0,53.0,35.0,67.0,97.0,78.0,43.0,49.0,98.0,4.0,92.0,9.0, PG,IND
Dennis Smith Jr.,38,25.1,17,-3.12,2.7,-0.56,1.66,48.0,45.0,62.0,33.0,21.0,74.0,2.0,10.0,25.0,15.0,2.6,1.6,165.0,50.0,5.0,6.0,46.0,12.0,1.0,34.0,15.0,18.0,89.0,24.0,94.0,58.0, PG,CHA
Gabe Vincent,45,26.31,18,-1.54,1.18,-0.56,2.07,54.0,50.0,52.0,51.0,33.0,88.0,2.0,9.0,15.0,14.0,1.8,0.4,166.0,55.0,26.0,25.0,10.0,92.0,28.0,88.0,17.0,9.0,64.0,34.0,76.0,6.0, PG,MIA
Donte DiVincenzo,48,25.21,15,-0.76,0.26,-0.56,2.07,59.0,58.0,55.0,31.0,42.0,83.0,4.0,15.0,17.0,16.0,2.4,0.4,167.0,32.0,61.0,73.0,18.0,8.0,91.0,67.0,50.0,57.0,72.0,18.0,92.0,8.0, SG,GSW
Cade Cunningham,12,33.34,29,-0.17,-0.44,-0.56,0.75,49.0,45.0,54.0,42.0,28.0,84.0,3.0,17.0,31.0,14.0,1.2,1.4,168.0,95.0,7.0,6.0,17.0,50.0,7.0,73.0,40.0,68.0,95.0,35.0,35.0,52.0, SG,DET
Nikola Vucevic,59,34.02,22,1.58,-2.09,-0.56,3.38,59.0,57.0,67.0,53.0,36.0,82.0,7.0,31.0,15.0,10.0,1.0,2.3,169.0,77.0,61.0,73.0,70.0,96.0,51.0,65.0,76.0,98.0,65.0,71.0,21.0,73.0, C,CHI
Cedi Osman,58,21.01,18,-0.76,0.26,-0.56,2.07,58.0,56.0,70.0,30.0,35.0,67.0,2.0,11.0,11.0,9.0,1.3,0.5,170.0,55.0,52.0,60.0,82.0,7.0,46.0,16.0,14.0,27.0,46.0,85.0,42.0,14.0, SF,CLE
Josh Richardson,44,23.91,20,-0.37,-0.35,-0.66,1.76,56.0,52.0,60.0,50.0,35.0,85.0,3.0,10.0,19.0,13.0,2.1,1.1,171.0,70.0,38.0,39.0,37.0,88.0,47.0,77.0,42.0,22.0,75.0,45.0,85.0,42.0, SG,NOP
Dennis Schroder,45,30.71,17,-0.37,-0.35,-0.66,2.27,56.0,48.0,47.0,46.0,35.0,87.0,1.0,8.0,18.0,13.0,1.1,0.3,172.0,54.0,41.0,15.0,2.0,69.0,42.0,83.0,3.0,5.0,73.0,47.0,28.0,4.0, SG,LAL
Robert Covington,36,15.66,15,-2.23,1.69,-0.66,0.95,54.0,51.0,59.0,29.0,33.0,74.0,5.0,19.0,11.0,11.0,2.1,4.5,173.0,34.0,24.0,28.0,31.0,,32.0,33.0,61.0,78.0,49.0,62.0,84.0,92.0, PF,LAC
Collin Sexton,47,24.01,23,0.58,-1.13,-0.66,1.86,62.0,56.0,58.0,48.0,41.0,82.0,4.0,6.0,18.0,13.0,1.1,0.4,174.0,81.0,78.0,62.0,27.0,81.0,88.0,66.0,47.0,1.0,73.0,40.0,31.0,10.0, PG,UTA
Caleb Martin,49,30.31,15,-1.84,1.18,-0.76,2.37,56.0,53.0,62.0,39.0,36.0,76.0,5.0,15.0,8.0,11.0,1.7,1.4,175.0,33.0,38.0,45.0,47.0,32.0,55.0,44.0,64.0,61.0,26.0,61.0,72.0,52.0, PF,MIA
Nicolas Batum,57,21.31,11,-1.84,1.28,-0.76,1.96,57.0,56.0,61.0,27.0,38.0,66.0,4.0,17.0,9.0,11.0,1.3,2.8,176.0,7.0,49.0,65.0,42.0,,67.0,13.0,56.0,69.0,39.0,59.0,48.0,79.0, SF,LAC
Norman Powell,50,25.31,25,0.07,-0.74,-0.76,2.07,62.0,57.0,60.0,42.0,42.0,81.0,2.0,11.0,12.0,11.0,1.5,1.1,177.0,86.0,78.0,72.0,39.0,50.0,92.0,59.0,16.0,32.0,50.0,65.0,63.0,42.0, SF,LAC
Malcolm Brogdon,50,25.21,23,0.98,-1.62,-0.76,1.96,62.0,58.0,54.0,46.0,46.0,89.0,3.0,16.0,23.0,12.0,1.1,1.0,178.0,80.0,79.0,75.0,15.0,70.0,99.0,91.0,39.0,63.0,84.0,51.0,32.0,35.0, PG,BOS
Landry Shamet,30,21.46,19,-1.15,0.47,-0.76,1.05,55.0,51.0,48.0,26.0,38.0,91.0,1.0,8.0,16.0,10.0,1.4,0.7,179.0,66.0,30.0,26.0,3.0,3.0,66.0,95.0,6.0,5.0,68.0,75.0,51.0,25.0, SG,PHX
Blake Griffin,26,14.54,13,-0.36,-0.45,-0.76,0.64,63.0,61.0,64.0,50.0,40.0,63.0,7.0,21.0,11.0,11.0,1.0,1.2,180.0,20.0,82.0,87.0,57.0,,85.0,,74.0,81.0,48.0,67.0,23.0,47.0, C,BOS
Andre Drummond,46,12.96,20,-0.76,-0.06,-0.76,0.95,63.0,63.0,66.0,38.0,,53.0,18.0,39.0,6.0,18.0,2.5,2.7,181.0,68.0,81.0,90.0,67.0,,,3.0,99.0,100.0,18.0,9.0,93.0,78.0, C,CHI
Tre Jones,52,29.32,20,-0.27,-0.64,-0.86,2.37,51.0,47.0,57.0,41.0,27.0,89.0,3.0,11.0,29.0,12.0,2.2,0.4,182.0,70.0,14.0,10.0,24.0,39.0,5.0,92.0,37.0,29.0,94.0,49.0,88.0,11.0, PG,SAS
Zach Collins,48,21.21,20,-0.66,-0.25,-0.86,1.56,61.0,58.0,68.0,47.0,36.0,74.0,9.0,21.0,18.0,19.0,1.0,2.4,183.0,66.0,74.0,76.0,72.0,76.0,54.0,36.0,84.0,83.0,73.0,7.0,19.0,74.0, C,SAS
P.J. Washington,59,32.92,19,-1.25,0.57,-0.86,2.97,55.0,52.0,62.0,40.0,35.0,74.0,3.0,12.0,11.0,9.0,1.3,3.0,184.0,65.0,29.0,36.0,45.0,38.0,45.0,37.0,40.0,41.0,45.0,81.0,45.0,82.0, PF,CHA
Reggie Jackson,52,25.71,21,-1.54,0.78,-0.86,2.07,53.0,49.0,53.0,42.0,35.0,92.0,2.0,8.0,21.0,15.0,1.4,0.3,185.0,73.0,21.0,20.0,13.0,47.0,46.0,98.0,16.0,5.0,80.0,23.0,55.0,6.0, PG,DEN
Sam Hauser,57,15.89,14,-0.27,-0.64,-0.86,1.36,63.0,62.0,74.0,33.0,41.0,67.0,3.0,14.0,7.0,6.0,0.9,1.1,186.0,28.0,83.0,89.0,94.0,,91.0,,40.0,56.0,18.0,97.0,16.0,41.0, SG,BOS
Devin Vassell,29,31.39,24,0.78,-1.52,-0.86,1.36,57.0,53.0,55.0,44.0,40.0,79.0,1.0,15.0,17.0,8.0,1.8,1.1,187.0,84.0,45.0,45.0,21.0,57.0,85.0,56.0,1.0,58.0,71.0,87.0,78.0,42.0, SG,SAS
Keita Bates-Diop,45,20.19,16,-2.33,1.59,-0.86,1.36,58.0,54.0,64.0,23.0,36.0,78.0,5.0,13.0,8.0,10.0,1.6,1.1,188.0,41.0,53.0,49.0,58.0,1.0,51.0,52.0,63.0,50.0,28.0,74.0,68.0,40.0, SF,SAS
Gordon Hayward,34,31.21,19,-1.45,0.68,-0.86,1.56,55.0,51.0,68.0,45.0,32.0,81.0,2.0,12.0,16.0,13.0,1.3,0.5,189.0,64.0,35.0,28.0,76.0,65.0,19.0,61.0,27.0,36.0,69.0,44.0,48.0,15.0, SF,CHA
Trey Murphy III,56,29.32,15,0.17,-1.03,-0.96,2.37,65.0,60.0,71.0,29.0,40.0,91.0,3.0,11.0,6.0,7.0,1.7,1.6,190.0,37.0,89.0,83.0,87.0,6.0,81.0,95.0,38.0,29.0,15.0,92.0,70.0,59.0, SF,NOP
Isaiah Stewart,48,28.51,17,-0.56,-0.45,-0.96,1.97,56.0,52.0,56.0,50.0,32.0,73.0,9.0,22.0,7.0,12.0,0.7,2.1,191.0,50.0,37.0,34.0,22.0,89.0,23.0,31.0,82.0,87.0,22.0,54.0,7.0,70.0, C,DET
Precious Achiuwa,35,23.68,19,-1.15,0.26,-0.96,1.25,55.0,52.0,67.0,31.0,25.0,69.0,10.0,24.0,6.0,11.0,1.4,2.8,192.0,61.0,36.0,36.0,72.0,8.0,4.0,20.0,86.0,90.0,16.0,63.0,56.0,79.0, C,TOR
John Konchar,49,22.11,10,-2.13,1.29,-0.96,1.56,56.0,54.0,60.0,18.0,37.0,87.0,4.0,18.0,8.0,10.0,2.1,1.0,193.0,4.0,40.0,49.0,35.0,,62.0,,53.0,73.0,27.0,72.0,85.0,38.0, SG,MEM
Jarred Vanderbilt,55,24.01,14,-0.27,-0.74,-0.96,1.96,61.0,59.0,69.0,30.0,33.0,67.0,11.0,26.0,16.0,16.0,2.1,1.0,194.0,28.0,73.0,80.0,79.0,6.0,31.0,15.0,88.0,94.0,68.0,19.0,85.0,38.0, SF,LAL
Keldon Johnson,52,32.62,27,0.98,-1.71,-0.96,2.47,56.0,51.0,61.0,36.0,33.0,78.0,3.0,14.0,13.0,10.0,1.1,0.4,195.0,91.0,39.0,27.0,40.0,19.0,27.0,50.0,35.0,53.0,57.0,77.0,24.0,10.0, SF,SAS
Jordan Goodwin,40,18.17,15,-2.52,1.69,-0.96,1.05,54.0,51.0,58.0,39.0,39.0,75.0,5.0,14.0,20.0,13.0,2.7,2.5,196.0,37.0,28.0,31.0,28.0,34.0,75.0,39.0,64.0,53.0,78.0,38.0,95.0,77.0, PG,WAS
Wenyen Gabriel,46,15.47,15,-0.96,-0.16,-0.96,1.05,66.0,64.0,70.0,50.0,30.0,62.0,12.0,15.0,4.0,13.0,1.1,3.0,197.0,30.0,93.0,93.0,83.0,,,8.0,92.0,57.0,4.0,40.0,24.0,82.0, PF,LAL
Pat Connaughton,41,25.51,14,-1.45,0.47,-0.96,1.46,54.0,53.0,56.0,25.0,35.0,61.0,4.0,16.0,7.0,7.0,1.4,0.4,198.0,25.0,24.0,43.0,23.0,,49.0,6.0,47.0,67.0,21.0,94.0,52.0,8.0, SF,MIL
Keegan Murray,55,29.62,16,-0.37,-0.74,-0.96,2.27,59.0,57.0,54.0,39.0,42.0,79.0,4.0,13.0,5.0,8.0,1.2,1.5,199.0,41.0,61.0,70.0,16.0,30.0,91.0,56.0,55.0,49.0,7.0,88.0,36.0,55.0, SF,SAC
Justise Winslow,29,26.88,14,-3.22,2.4,-1.06,1.15,46.0,44.0,51.0,32.0,31.0,71.0,7.0,14.0,18.0,17.0,1.9,1.3,200.0,24.0,4.0,5.0,8.0,10.0,17.0,26.0,74.0,53.0,73.0,15.0,80.0,49.0, SF,POR
Josh Giddey,52,30.82,24,0.38,-1.23,-1.06,2.27,54.0,52.0,61.0,43.0,32.0,79.0,7.0,21.0,28.0,17.0,1.2,1.3,201.0,84.0,27.0,37.0,40.0,51.0,19.0,53.0,72.0,82.0,92.0,15.0,33.0,50.0, PG,OKC
Boban Marjanovic,19,4.48,21,0.27,-1.23,-1.06,0.13,74.0,66.0,85.0,56.0,,82.0,13.0,26.0,8.0,12.0,0.6,1.5,202.0,76.0,,,,,,,94.0,93.0,27.0,58.0,4.0,56.0, C,HOU
John Collins,50,31.12,17,-1.25,0.36,-1.06,2.17,58.0,54.0,73.0,49.0,25.0,81.0,4.0,21.0,5.0,9.0,1.0,3.3,203.0,48.0,56.0,53.0,91.0,86.0,3.0,62.0,49.0,82.0,10.0,79.0,23.0,85.0, PF,ATL
Victor Oladipo,26,28.47,19,-2.13,1.18,-1.06,1.05,51.0,48.0,55.0,45.0,30.0,75.0,2.0,13.0,21.0,14.0,2.9,0.9,204.0,65.0,13.0,11.0,20.0,66.0,11.0,40.0,20.0,47.0,81.0,28.0,96.0,29.0, SG,MIA
Cole Anthony,39,25.1,21,0.28,-1.32,-1.06,1.35,56.0,50.0,54.0,47.0,33.0,88.0,3.0,18.0,25.0,12.0,1.1,2.4,205.0,74.0,40.0,24.0,17.0,76.0,28.0,90.0,32.0,74.0,88.0,50.0,32.0,75.0, PG,ORL
Anthony Lamb,43,19.48,14,-1.15,0.16,-1.16,1.15,66.0,64.0,80.0,48.0,40.0,72.0,5.0,14.0,12.0,15.0,1.2,1.2,206.0,24.0,90.0,93.0,98.0,,82.0,27.0,59.0,56.0,55.0,24.0,40.0,46.0, PF,GSW
Santi Aldama,54,22.11,16,-0.66,-0.54,-1.15,1.56,61.0,58.0,65.0,45.0,37.0,74.0,5.0,18.0,7.0,8.0,1.5,2.9,207.0,40.0,69.0,74.0,62.0,64.0,64.0,34.0,61.0,73.0,24.0,86.0,57.0,80.0, PF,MEM
Xavier Tillman,38,14.56,13,-1.64,0.67,-1.15,0.75,61.0,62.0,69.0,52.0,30.0,50.0,12.0,16.0,10.0,11.0,2.4,2.2,208.0,18.0,73.0,88.0,78.0,94.0,,2.0,92.0,62.0,43.0,61.0,92.0,73.0, C,MEM
Malik Monk,54,22.61,25,-0.27,-0.93,-1.15,1.56,58.0,52.0,63.0,38.0,33.0,91.0,3.0,10.0,26.0,15.0,1.4,0.9,209.0,86.0,53.0,38.0,51.0,28.0,26.0,96.0,31.0,25.0,90.0,28.0,52.0,30.0, SG,SAC
Markelle Fultz,38,29.11,21,-0.66,-0.64,-1.15,1.46,55.0,52.0,59.0,46.0,30.0,77.0,5.0,11.0,29.0,16.0,2.4,1.3,210.0,73.0,32.0,36.0,34.0,68.0,13.0,46.0,59.0,28.0,93.0,17.0,92.0,49.0, PG,ORL
Isaiah Hartenstein,60,19.71,11,-1.55,0.47,-1.15,1.56,57.0,53.0,60.0,48.0,24.0,75.0,15.0,20.0,6.0,15.0,1.4,3.9,211.0,8.0,44.0,45.0,34.0,79.0,,41.0,98.0,80.0,14.0,24.0,54.0,90.0, C,NYK
Patrick Williams,59,29.12,16,-2.33,1.18,-1.15,2.17,57.0,54.0,60.0,38.0,40.0,89.0,4.0,13.0,6.0,13.0,1.4,2.5,212.0,39.0,48.0,50.0,37.0,25.0,81.0,92.0,49.0,45.0,17.0,43.0,53.0,76.0, PF,CHI
Eric Gordon,49,29.91,18,-0.66,-0.54,-1.15,1.86,58.0,53.0,61.0,35.0,35.0,82.0,1.0,7.0,14.0,13.0,1.1,1.2,213.0,56.0,51.0,41.0,43.0,16.0,44.0,64.0,2.0,2.0,63.0,41.0,23.0,45.0, SF,LAC
Naz Reid,53,17.79,23,-0.37,-0.83,-1.25,1.15,61.0,59.0,71.0,40.0,33.0,67.0,7.0,23.0,9.0,13.0,1.4,4.4,214.0,81.0,70.0,80.0,85.0,36.0,28.0,16.0,76.0,88.0,36.0,39.0,57.0,92.0, C,MIN
Marcus Morris Sr.,53,28.31,19,-0.17,-1.03,-1.25,1.86,55.0,52.0,53.0,47.0,38.0,78.0,2.0,15.0,9.0,7.0,1.1,1.3,215.0,64.0,31.0,38.0,12.0,73.0,69.0,51.0,17.0,59.0,39.0,95.0,28.0,48.0, PF,LAC
Jalen Johnson,55,14.48,15,-2.33,1.18,-1.25,1.05,55.0,53.0,64.0,41.0,28.0,66.0,6.0,24.0,8.0,9.0,1.5,2.7,216.0,35.0,34.0,41.0,56.0,44.0,8.0,12.0,67.0,89.0,31.0,79.0,61.0,77.0, PF,ATL
Austin Reaves,41,27.91,14,-1.45,0.26,-1.25,1.46,66.0,58.0,73.0,48.0,37.0,87.0,2.0,9.0,10.0,14.0,0.9,1.1,217.0,22.0,92.0,76.0,91.0,80.0,63.0,86.0,30.0,10.0,43.0,31.0,14.0,40.0, SF,LAL
Nick Richards,45,17.28,16,-0.36,-0.93,-1.25,0.95,67.0,62.0,66.0,33.0,,73.0,15.0,20.0,4.0,13.0,0.5,4.9,218.0,40.0,94.0,89.0,65.0,13.0,,29.0,97.0,80.0,5.0,45.0,3.0,93.0, C,CHA
Torrey Craig,57,25.91,13,-1.74,0.57,-1.25,1.86,57.0,56.0,62.0,26.0,40.0,73.0,9.0,16.0,8.0,13.0,1.3,2.2,219.0,19.0,44.0,60.0,45.0,2.0,83.0,31.0,80.0,65.0,29.0,42.0,44.0,72.0, SF,PHX
Chimezie Metu,44,10.85,16,-1.15,-0.25,-1.25,0.64,66.0,63.0,77.0,38.0,26.0,81.0,8.0,23.0,9.0,13.0,1.1,2.5,220.0,44.0,92.0,92.0,96.0,,,61.0,78.0,87.0,33.0,37.0,31.0,76.0, C,SAC
Jalen Duren,51,25.11,13,-0.96,-0.35,-1.25,1.56,66.0,65.0,70.0,40.0,,61.0,14.0,25.0,6.0,15.0,1.2,3.1,221.0,17.0,91.0,95.0,82.0,39.0,,6.0,96.0,91.0,17.0,22.0,33.0,83.0, C,DET
Bruce Brown,58,28.82,17,-1.25,-0.06,-1.35,1.96,59.0,57.0,65.0,39.0,39.0,72.0,3.0,12.0,17.0,15.0,1.8,1.9,222.0,46.0,58.0,67.0,60.0,32.0,75.0,26.0,36.0,41.0,71.0,28.0,79.0,67.0, SG,DEN
Royce O'Neale,55,33.42,13,-1.64,0.37,-1.35,2.17,55.0,54.0,42.0,30.0,40.0,73.0,2.0,13.0,15.0,16.0,1.2,1.8,223.0,21.0,30.0,47.0,1.0,6.0,84.0,30.0,29.0,49.0,66.0,19.0,40.0,65.0, SF,BKN
Kevin Love,41,20.08,19,-0.66,-0.74,-1.35,0.95,56.0,51.0,57.0,38.0,35.0,89.0,6.0,34.0,13.0,13.0,0.4,0.7,224.0,63.0,40.0,29.0,27.0,26.0,49.0,91.0,69.0,99.0,59.0,40.0,1.0,20.0, C,CLE
Caris LeVert,55,30.52,19,-2.04,0.78,-1.35,1.96,52.0,49.0,57.0,30.0,36.0,71.0,3.0,12.0,19.0,13.0,1.4,0.7,225.0,63.0,16.0,16.0,26.0,7.0,58.0,25.0,34.0,39.0,75.0,44.0,53.0,22.0, SG,CLE
Dyson Daniels,39,19.98,11,-3.78,2.5,-1.35,0.95,52.0,51.0,58.0,33.0,33.0,62.0,4.0,16.0,16.0,20.0,2.1,1.2,226.0,7.0,17.0,27.0,29.0,13.0,31.0,8.0,52.0,63.0,69.0,4.0,83.0,47.0, SG,NOP
Andrew Nembhard,53,27.11,15,-2.23,0.98,-1.35,1.66,52.0,50.0,68.0,39.0,34.0,87.0,2.0,9.0,21.0,18.0,1.8,0.6,227.0,30.0,15.0,24.0,77.0,31.0,35.0,84.0,23.0,13.0,80.0,10.0,75.0,18.0, SG,IND
Drew Eubanks,56,19.61,11,-1.06,-0.35,-1.35,1.25,70.0,69.0,77.0,51.0,43.0,68.0,10.0,20.0,8.0,16.0,1.3,5.4,228.0,6.0,97.0,97.0,97.0,91.0,,17.0,85.0,80.0,28.0,20.0,45.0,94.0, C,POR
Deni Avdija,56,26.31,16,-1.84,0.57,-1.35,1.66,54.0,49.0,61.0,27.0,29.0,75.0,5.0,21.0,13.0,15.0,1.7,1.5,229.0,43.0,24.0,21.0,43.0,4.0,11.0,39.0,59.0,82.0,59.0,27.0,69.0,57.0, SF,WAS
Kenyon Martin Jr.,58,26.32,16,0.17,-1.42,-1.35,1.76,63.0,61.0,71.0,44.0,33.0,64.0,6.0,17.0,9.0,11.0,0.8,1.5,230.0,41.0,84.0,87.0,86.0,55.0,26.0,9.0,71.0,70.0,32.0,60.0,12.0,54.0, SF,HOU
Stanley Johnson,30,15.65,15,-1.06,-0.35,-1.35,0.34,63.0,61.0,64.0,48.0,45.0,67.0,5.0,17.0,18.0,19.0,1.6,1.1,231.0,33.0,85.0,85.0,56.0,83.0,98.0,14.0,64.0,69.0,74.0,6.0,65.0,39.0, SF,SAS
Aaron Nesmith,53,24.51,17,-0.96,-0.44,-1.35,1.46,56.0,51.0,57.0,32.0,36.0,87.0,4.0,14.0,7.0,9.0,1.5,1.6,232.0,47.0,37.0,30.0,25.0,11.0,52.0,83.0,48.0,50.0,21.0,78.0,63.0,58.0, SF,IND
Grant Williams,58,27.62,13,-1.64,0.26,-1.35,1.76,63.0,59.0,63.0,42.0,41.0,83.0,5.0,15.0,9.0,14.0,1.1,1.2,233.0,14.0,81.0,78.0,53.0,45.0,90.0,70.0,57.0,59.0,34.0,32.0,29.0,43.0, PF,BOS
Montrezl Harrell,50,12.56,17,-0.86,-0.64,-1.35,0.75,64.0,61.0,65.0,44.0,,69.0,11.0,14.0,7.0,12.0,1.3,3.7,234.0,54.0,87.0,85.0,62.0,58.0,,22.0,90.0,56.0,24.0,49.0,40.0,87.0, C,PHI
Jalen Williams,53,29.02,17,-1.64,0.16,-1.55,1.66,58.0,55.0,66.0,40.0,32.0,76.0,3.0,12.0,13.0,13.0,2.0,1.7,235.0,49.0,55.0,58.0,66.0,35.0,24.0,43.0,44.0,38.0,61.0,42.0,82.0,62.0, SF,OKC
Saddiq Bey,54,28.52,21,0.17,-1.62,-1.55,1.66,56.0,49.0,57.0,27.0,35.0,86.0,4.0,14.0,8.0,7.0,1.5,0.7,236.0,73.0,37.0,17.0,24.0,4.0,44.0,81.0,55.0,55.0,30.0,93.0,64.0,24.0, SF,ATL
Luke Kornet,51,11.86,11,-1.15,-0.44,-1.55,0.64,74.0,71.0,76.0,50.0,33.0,85.0,12.0,14.0,8.0,12.0,0.8,5.4,237.0,5.0,99.0,98.0,96.0,,,77.0,92.0,54.0,31.0,50.0,11.0,94.0, C,BOS
Patrick Beverley,45,26.91,11,-2.13,0.68,-1.55,1.25,55.0,52.0,54.0,46.0,35.0,78.0,2.0,10.0,13.0,14.0,1.6,1.7,238.0,5.0,30.0,33.0,17.0,69.0,44.0,51.0,27.0,20.0,56.0,35.0,65.0,61.0, PG,ORL
Ricky Rubio,14,16.82,18,-1.64,0.26,-1.55,0.24,45.0,41.0,30.0,43.0,28.0,75.0,1.0,15.0,33.0,10.0,3.1,0.7,239.0,59.0,2.0,1.0,,,8.0,,7.0,60.0,96.0,73.0,97.0,23.0, PG,CLE
RJ Barrett,53,34.52,25,-0.37,-1.23,-1.55,1.86,53.0,48.0,56.0,35.0,32.0,75.0,3.0,14.0,12.0,11.0,0.7,0.4,240.0,87.0,20.0,14.0,22.0,17.0,23.0,38.0,34.0,50.0,54.0,65.0,7.0,9.0, SF,NYK
Yuta Watanabe,43,17.98,13,-1.25,-0.35,-1.55,0.85,67.0,66.0,69.0,31.0,48.0,74.0,4.0,12.0,7.0,7.0,1.2,1.8,241.0,15.0,94.0,95.0,78.0,8.0,100.0,37.0,50.0,39.0,20.0,92.0,35.0,63.0, SF,BKN
Jalen McDaniels,59,26.32,17,-2.13,0.68,-1.55,1.66,56.0,51.0,59.0,41.0,33.0,85.0,3.0,16.0,10.0,13.0,2.0,1.7,242.0,46.0,37.0,32.0,30.0,42.0,26.0,75.0,43.0,67.0,44.0,46.0,82.0,61.0, SF,PHI
Talen Horton-Tucker,46,16.58,22,-1.94,0.37,-1.55,0.75,50.0,45.0,53.0,42.0,26.0,73.0,3.0,13.0,24.0,14.0,1.7,2.1,243.0,77.0,9.0,7.0,13.0,45.0,5.0,32.0,36.0,42.0,87.0,36.0,72.0,71.0, SF,UTA
AJ Griffin,55,20.41,17,-0.86,-0.74,-1.55,1.15,59.0,57.0,66.0,51.0,39.0,87.0,2.0,9.0,7.0,7.0,1.6,0.5,244.0,53.0,58.0,72.0,65.0,92.0,78.0,84.0,29.0,9.0,20.0,94.0,66.0,16.0, SF,ATL
Jalen Smith,51,18.29,21,-0.96,-0.74,-1.55,0.95,55.0,52.0,69.0,36.0,27.0,76.0,10.0,22.0,8.0,12.0,0.9,3.6,245.0,74.0,36.0,33.0,79.0,18.0,6.0,43.0,86.0,86.0,26.0,53.0,15.0,87.0, PF,IND
Obi Toppin,45,14.97,18,-1.45,-0.25,-1.65,0.64,53.0,52.0,56.0,30.0,35.0,74.0,3.0,18.0,9.0,7.0,1.0,0.9,246.0,58.0,23.0,35.0,22.0,,47.0,36.0,42.0,72.0,32.0,94.0,22.0,33.0, PF,NYK
Jonas Valanciunas,58,24.71,24,1.48,-3.01,-1.65,1.36,61.0,57.0,66.0,47.0,34.0,82.0,13.0,31.0,10.0,14.0,0.5,1.8,247.0,82.0,72.0,69.0,64.0,75.0,37.0,67.0,94.0,99.0,45.0,33.0,3.0,65.0, C,NOP
George Hill,36,18.87,11,-2.82,1.28,-1.64,0.64,58.0,53.0,67.0,56.0,31.0,74.0,2.0,8.0,18.0,15.0,1.4,0.4,248.0,6.0,56.0,46.0,69.0,99.0,17.0,35.0,23.0,7.0,75.0,23.0,55.0,8.0, PG,IND
Eugene Omoruyi,23,11.83,19,-2.62,0.98,-1.64,0.24,53.0,51.0,60.0,,26.0,61.0,9.0,12.0,6.0,13.0,2.5,2.0,249.0,66.0,20.0,30.0,37.0,,,5.0,82.0,41.0,15.0,42.0,94.0,, PF,OKC
Rui Hachimura,41,24.81,20,-2.92,1.28,-1.74,0.95,55.0,53.0,64.0,46.0,32.0,70.0,4.0,16.0,6.0,8.0,0.7,1.2,250.0,72.0,36.0,42.0,56.0,70.0,25.0,24.0,49.0,64.0,16.0,87.0,8.0,45.0, PF,LAL
Willy Hernangomez,28,13.34,22,0.07,-1.72,-1.74,0.34,61.0,54.0,65.0,28.0,11.0,79.0,14.0,28.0,12.0,15.0,1.1,3.1,251.0,79.0,72.0,50.0,60.0,5.0,,54.0,96.0,95.0,52.0,26.0,30.0,82.0, C,NOP
Kevon Harris,27,12.43,13,-3.31,1.69,-1.74,0.34,56.0,49.0,48.0,,39.0,81.0,7.0,11.0,5.0,16.0,1.8,0.9,252.0,14.0,38.0,16.0,3.0,,,62.0,77.0,27.0,7.0,21.0,79.0,30.0, SG,ORL
Derrick Jones Jr.,46,15.27,13,-1.64,-0.16,-1.74,0.64,61.0,56.0,61.0,30.0,33.0,79.0,8.0,11.0,5.0,9.0,1.5,3.8,253.0,21.0,74.0,65.0,44.0,,31.0,57.0,78.0,33.0,11.0,82.0,60.0,88.0, PF,CHI
Edmond Sumner,46,14.67,21,-1.15,-0.64,-1.74,0.64,60.0,52.0,56.0,38.0,35.0,93.0,2.0,10.0,14.0,13.0,2.1,1.2,254.0,75.0,64.0,33.0,23.0,24.0,41.0,98.0,22.0,19.0,61.0,38.0,85.0,44.0, PG,BKN
Goga Bitadze,21,9.62,15,-1.84,0.16,-1.74,0.23,55.0,56.0,66.0,33.0,29.0,46.0,13.0,14.0,13.0,16.0,2.1,5.2,255.0,33.0,32.0,62.0,64.0,,,,95.0,55.0,56.0,19.0,86.0,94.0, C,ORL
Nathan Knight,33,8.13,17,-1.45,-0.35,-1.74,0.24,65.0,62.0,69.0,,38.0,69.0,8.0,13.0,7.0,16.0,1.5,1.6,256.0,54.0,90.0,89.0,80.0,,,19.0,79.0,44.0,22.0,20.0,60.0,57.0, PF,MIN
Ish Wainright,42,15.67,12,-2.23,0.47,-1.84,0.54,53.0,51.0,56.0,20.0,34.0,81.0,6.0,9.0,9.0,10.0,2.6,1.8,257.0,8.0,21.0,29.0,21.0,,36.0,,67.0,13.0,34.0,73.0,94.0,66.0, PF,PHX
Raul Neto,39,10.34,12,-1.45,-0.35,-1.84,0.34,63.0,58.0,71.0,56.0,31.0,92.0,2.0,8.0,20.0,12.0,2.0,0.7,258.0,12.0,81.0,75.0,87.0,,18.0,97.0,19.0,7.0,77.0,54.0,83.0,19.0, PG,CLE
Cam Reddish,23,22.15,16,-1.94,0.16,-1.84,0.44,57.0,52.0,64.0,32.0,33.0,88.0,2.0,6.0,7.0,8.0,1.7,1.6,259.0,42.0,44.0,40.0,55.0,10.0,27.0,89.0,13.0,1.0,21.0,87.0,73.0,59.0, SF,POR
Devonte' Graham,57,16.29,16,-0.76,-1.13,-1.84,0.75,54.0,50.0,48.0,45.0,34.0,76.0,2.0,9.0,21.0,9.0,1.8,1.3,260.0,38.0,26.0,25.0,4.0,66.0,37.0,43.0,18.0,9.0,80.0,82.0,77.0,51.0, PG,SAS
Aaron Holiday,50,14.57,13,-2.82,1.08,-1.84,0.64,53.0,50.0,50.0,34.0,41.0,86.0,3.0,7.0,12.0,13.0,1.8,1.2,261.0,16.0,22.0,23.0,7.0,14.0,90.0,80.0,39.0,3.0,50.0,44.0,75.0,47.0, PG,ATL
John Wall,34,21.97,26,-2.13,0.36,-1.84,0.64,50.0,46.0,57.0,34.0,30.0,68.0,2.0,11.0,38.0,17.0,1.7,1.4,262.0,88.0,9.0,7.0,26.0,15.0,14.0,17.0,22.0,29.0,98.0,14.0,71.0,53.0, PG,HOU
Taurean Prince,37,21.38,15,-1.94,0.16,-1.84,0.64,63.0,60.0,68.0,51.0,40.0,82.0,2.0,11.0,10.0,15.0,1.1,1.6,263.0,38.0,82.0,83.0,73.0,93.0,80.0,66.0,11.0,31.0,43.0,22.0,28.0,59.0, SF,MIN
Isaiah Jackson,45,15.37,17,-2.03,0.16,-1.94,0.54,60.0,58.0,64.0,38.0,17.0,65.0,10.0,18.0,9.0,13.0,1.2,8.6,264.0,48.0,67.0,75.0,58.0,27.0,,11.0,86.0,73.0,34.0,38.0,38.0,99.0, C,IND
Garrison Mathews,46,13.26,14,-2.33,0.47,-1.94,0.44,58.0,51.0,55.0,25.0,35.0,91.0,2.0,9.0,6.0,9.0,1.8,0.7,265.0,22.0,55.0,32.0,,,42.0,95.0,14.0,10.0,12.0,83.0,77.0,19.0, SG,ATL
Marvin Bagley III,25,21.25,20,-0.37,-1.62,-1.94,0.44,59.0,56.0,68.0,46.0,27.0,77.0,10.0,22.0,4.0,9.0,1.2,3.0,266.0,69.0,59.0,64.0,77.0,68.0,,47.0,88.0,86.0,4.0,82.0,37.0,82.0, C,DET
Romeo Langford,32,20.36,15,-1.74,-0.25,-1.94,0.54,54.0,52.0,66.0,42.0,28.0,65.0,7.0,8.0,9.0,9.0,1.2,1.4,267.0,35.0,26.0,38.0,66.0,44.0,8.0,12.0,77.0,7.0,34.0,81.0,34.0,51.0, SG,SAS
Trey Lyles,51,15.98,17,-0.76,-1.23,-1.94,0.64,62.0,57.0,66.0,35.0,36.0,82.0,6.0,20.0,7.0,12.0,1.0,2.6,268.0,50.0,77.0,73.0,64.0,,57.0,66.0,72.0,79.0,22.0,52.0,21.0,77.0, PF,SAC
Jonathan Kuminga,46,19.39,19,-2.72,0.78,-1.94,0.65,57.0,55.0,63.0,42.0,33.0,64.0,5.0,13.0,13.0,16.0,1.2,1.9,269.0,65.0,46.0,55.0,51.0,49.0,31.0,10.0,66.0,45.0,60.0,17.0,33.0,68.0, PF,GSW
Bismack Biyombo,46,13.96,13,-3.79,1.79,-1.94,0.44,55.0,57.0,70.0,33.0,,31.0,9.0,22.0,9.0,21.0,1.2,7.8,270.0,19.0,34.0,71.0,83.0,12.0,,0.0,80.0,87.0,38.0,4.0,32.0,99.0, C,PHX
Bruno Fernando,32,11.54,15,-1.54,-0.44,-2.04,0.24,55.0,52.0,59.0,26.0,,68.0,15.0,22.0,12.0,15.0,0.8,8.3,271.0,38.0,35.0,36.0,33.0,,,18.0,97.0,84.0,55.0,24.0,12.0,99.0, C,ATL
R.J. Hampton,26,13.94,17,-1.84,-0.25,-2.04,0.24,58.0,52.0,67.0,41.0,34.0,84.0,3.0,9.0,14.0,14.0,2.1,1.1,272.0,51.0,52.0,34.0,69.0,43.0,37.0,73.0,36.0,15.0,63.0,32.0,86.0,39.0, PG,ORL
T.J. Warren,28,18.15,20,-1.84,-0.25,-2.04,0.34,58.0,55.0,73.0,50.0,35.0,82.0,3.0,14.0,8.0,7.0,1.5,1.2,273.0,68.0,55.0,59.0,92.0,87.0,43.0,63.0,44.0,52.0,29.0,94.0,59.0,46.0, PF,PHX
Darius Bazley,36,15.46,16,-3.51,1.59,-2.04,0.44,52.0,51.0,49.0,35.0,40.0,55.0,6.0,17.0,8.0,10.0,1.7,4.8,274.0,42.0,16.0,26.0,5.0,,82.0,4.0,66.0,71.0,29.0,68.0,69.0,93.0, C,PHX
Jordan McLaughlin,24,15.34,11,-2.33,0.37,-2.04,0.24,49.0,46.0,59.0,62.0,22.0,100.0,4.0,7.0,24.0,18.0,2.3,0.5,275.0,7.0,8.0,9.0,33.0,,1.0,,53.0,4.0,87.0,10.0,90.0,13.0, PG,MIN
Oshae Brissett,49,16.08,14,-2.52,0.57,-2.04,0.54,53.0,48.0,48.0,27.0,33.0,69.0,6.0,17.0,5.0,8.0,1.7,0.9,276.0,27.0,20.0,12.0,4.0,,30.0,21.0,71.0,70.0,7.0,91.0,72.0,32.0, PF,IND
Jalen Green,54,33.92,28,0.38,-2.45,-2.14,1.15,54.0,48.0,54.0,38.0,33.0,79.0,2.0,11.0,17.0,12.0,1.1,0.7,277.0,94.0,25.0,13.0,15.0,24.0,29.0,54.0,18.0,29.0,71.0,49.0,26.0,20.0, SG,HOU
Ayo Dosunmu,57,28.42,15,-2.52,0.37,-2.14,0.95,58.0,56.0,65.0,41.0,32.0,81.0,3.0,9.0,14.0,14.0,1.1,1.1,278.0,31.0,54.0,61.0,62.0,41.0,24.0,60.0,33.0,11.0,62.0,30.0,32.0,43.0, PG,CHI
Jonathan Isaac,10,10.81,20,-2.72,0.68,-2.24,0.13,44.0,43.0,47.0,31.0,33.0,56.0,12.0,28.0,8.0,4.0,5.4,2.9,279.0,71.0,1.0,1.0,,,,,92.0,96.0,27.0,99.0,99.0,80.0, SF,ORL
Killian Hayes,55,26.71,20,-2.13,-0.06,-2.24,0.85,45.0,43.0,43.0,41.0,31.0,79.0,1.0,10.0,32.0,16.0,2.4,1.1,280.0,68.0,3.0,2.0,1.0,40.0,15.0,56.0,6.0,23.0,96.0,19.0,91.0,42.0, PG,DET
Shake Milton,53,21.51,18,-1.06,-1.23,-2.24,0.64,59.0,55.0,61.0,43.0,39.0,85.0,3.0,12.0,20.0,15.0,0.8,0.7,281.0,59.0,59.0,57.0,44.0,54.0,74.0,78.0,34.0,36.0,78.0,27.0,10.0,22.0, PG,PHI
Aaron Wiggins,46,18.48,14,-1.25,-1.03,-2.24,0.44,61.0,58.0,59.0,38.0,41.0,83.0,6.0,13.0,10.0,13.0,1.2,0.9,282.0,24.0,70.0,74.0,32.0,,86.0,70.0,70.0,47.0,41.0,40.0,35.0,29.0, SF,OKC
Kemba Walker,9,16.01,22,-0.66,-1.62,-2.24,0.03,55.0,48.0,57.0,60.0,25.0,81.0,2.0,10.0,22.0,6.0,0.7,1.3,283.0,77.0,30.0,14.0,,,,,26.0,23.0,82.0,98.0,7.0,48.0, PG,DAL
Joe Ingles,25,22.56,13,-2.23,-0.16,-2.24,0.34,53.0,51.0,52.0,50.0,34.0,85.0,2.0,11.0,18.0,17.0,1.2,0.4,284.0,14.0,24.0,31.0,,,39.0,,10.0,31.0,75.0,16.0,34.0,10.0, SF,MIL
Zeke Nnaji,43,13.56,14,-2.33,0.16,-2.24,0.34,63.0,62.0,70.0,33.0,29.0,67.0,11.0,9.0,3.0,10.0,1.3,2.9,285.0,28.0,84.0,87.0,84.0,,9.0,14.0,90.0,11.0,1.0,72.0,44.0,81.0, C,DEN
Bogdan Bogdanovic,34,29.81,20,0.27,-2.44,-2.24,0.54,55.0,54.0,57.0,45.0,38.0,77.0,2.0,11.0,14.0,8.0,1.4,0.9,286.0,72.0,35.0,47.0,25.0,62.0,71.0,45.0,9.0,25.0,62.0,88.0,52.0,34.0, SG,ATL
Haywood Highsmith,43,19.78,12,-4.16,1.99,-2.24,0.44,52.0,52.0,65.0,26.0,36.0,46.0,6.0,16.0,5.0,15.0,1.9,1.8,287.0,9.0,16.0,37.0,63.0,3.0,53.0,,66.0,63.0,10.0,25.0,81.0,65.0, PF,MIA
Joe Harris,51,23.81,14,-0.86,-1.42,-2.34,0.64,62.0,61.0,60.0,47.0,42.0,61.0,2.0,10.0,9.0,8.0,1.1,0.9,288.0,25.0,77.0,86.0,38.0,73.0,94.0,,18.0,24.0,38.0,87.0,24.0,31.0, SG,BKN
Coby White,51,22.31,17,-1.54,-0.74,-2.34,0.54,55.0,52.0,64.0,35.0,35.0,83.0,1.0,12.0,12.0,9.0,1.6,0.4,289.0,45.0,33.0,40.0,55.0,16.0,48.0,70.0,3.0,38.0,54.0,81.0,66.0,10.0, PG,CHI
Bol Bol,54,23.21,18,-1.84,-0.54,-2.34,0.64,64.0,62.0,81.0,40.0,34.0,75.0,6.0,25.0,6.0,18.0,0.9,5.7,290.0,59.0,88.0,88.0,99.0,36.0,34.0,38.0,67.0,91.0,12.0,10.0,16.0,95.0, PF,ORL
Corey Kispert,50,27.21,13,-1.15,-1.22,-2.34,0.64,64.0,61.0,70.0,31.0,41.0,86.0,2.0,9.0,6.0,9.0,1.0,0.4,291.0,20.0,87.0,86.0,85.0,9.0,90.0,82.0,15.0,10.0,15.0,78.0,23.0,7.0, SG,WAS
Damion Lee,60,22.11,16,-1.74,-0.74,-2.34,0.54,61.0,56.0,52.0,39.0,44.0,91.0,2.0,14.0,10.0,14.0,1.0,0.4,292.0,38.0,69.0,66.0,10.0,33.0,97.0,94.0,28.0,57.0,40.0,34.0,22.0,10.0, SF,PHX
Bennedict Mathurin,60,28.22,24,-1.55,-0.93,-2.34,0.75,56.0,48.0,54.0,38.0,32.0,83.0,4.0,12.0,8.0,11.0,1.0,0.3,293.0,85.0,42.0,15.0,15.0,25.0,21.0,68.0,54.0,36.0,27.0,64.0,22.0,5.0, SF,IND
Saben Lee,20,14.73,17,-2.52,0.16,-2.44,0.13,55.0,48.0,48.0,40.0,37.0,76.0,4.0,10.0,29.0,18.0,2.4,0.3,294.0,53.0,32.0,14.0,3.0,,,41.0,45.0,19.0,92.0,10.0,92.0,5.0, PG,PHX
P.J. Tucker,55,25.71,6,-3.12,0.78,-2.44,0.54,57.0,55.0,47.0,48.0,40.0,89.0,6.0,12.0,4.0,18.0,0.9,0.8,295.0,0.0,47.0,54.0,2.0,,84.0,,69.0,38.0,3.0,12.0,17.0,28.0, PF,PHI
Max Strus,57,30.22,18,-1.15,-1.32,-2.44,0.65,55.0,52.0,63.0,37.0,34.0,88.0,3.0,11.0,11.0,8.0,1.1,0.5,296.0,57.0,33.0,37.0,49.0,22.0,34.0,88.0,30.0,32.0,48.0,89.0,26.0,15.0, SF,MIA
Paul Reed,44,9.64,14,-2.92,0.57,-2.44,0.23,60.0,58.0,68.0,24.0,,73.0,14.0,25.0,5.0,19.0,3.3,6.4,297.0,23.0,66.0,76.0,76.0,,,,96.0,92.0,7.0,8.0,98.0,97.0, PF,PHI
Markieff Morris,27,10.63,15,-2.23,-0.25,-2.44,0.13,56.0,52.0,50.0,36.0,41.0,100.0,5.0,17.0,11.0,14.0,1.3,1.6,298.0,32.0,43.0,40.0,,19.0,87.0,,62.0,69.0,49.0,31.0,46.0,58.0, C,DAL
Jeremy Sochan,48,25.91,18,-1.55,-1.03,-2.43,0.44,51.0,48.0,55.0,43.0,26.0,69.0,7.0,15.0,13.0,15.0,1.4,1.5,299.0,60.0,12.0,13.0,20.0,53.0,5.0,21.0,74.0,59.0,57.0,26.0,52.0,54.0, PF,SAS
Usman Garuba,51,13.67,10,-2.92,0.47,-2.43,0.24,59.0,59.0,62.0,,47.0,53.0,13.0,23.0,11.0,20.0,2.5,3.3,300.0,1.0,60.0,80.0,47.0,,,3.0,94.0,87.0,45.0,5.0,93.0,85.0, C,HOU
Kira Lewis Jr.,14,11.12,20,-1.25,-1.23,-2.53,0.13,58.0,54.0,52.0,50.0,40.0,92.0,3.0,15.0,13.0,11.0,1.3,0.7,301.0,68.0,56.0,51.0,,,,,38.0,60.0,58.0,63.0,45.0,18.0, PG,NOP
Seth Curry,40,22.89,19,-1.25,-1.32,-2.53,0.34,60.0,57.0,51.0,50.0,42.0,97.0,1.0,8.0,13.0,11.0,1.4,0.7,302.0,62.0,66.0,69.0,9.0,89.0,93.0,100.0,5.0,6.0,57.0,64.0,53.0,19.0, SG,BKN
Jabari Smith Jr.,55,29.92,19,-2.33,-0.25,-2.53,0.54,50.0,46.0,61.0,37.0,30.0,79.0,5.0,21.0,6.0,11.0,0.8,3.0,303.0,61.0,11.0,9.0,41.0,23.0,15.0,57.0,60.0,81.0,13.0,63.0,13.0,82.0, PF,HOU
Thaddeus Young,47,16.08,13,-1.94,-0.74,-2.63,0.24,59.0,58.0,72.0,50.0,16.0,69.0,9.0,15.0,13.0,16.0,3.5,0.7,304.0,18.0,59.0,74.0,88.0,89.0,,21.0,84.0,62.0,58.0,18.0,98.0,24.0, PF,TOR
Davion Mitchell,56,17.9,15,-2.92,0.37,-2.63,0.24,54.0,52.0,63.0,43.0,32.0,80.0,1.0,7.0,17.0,14.0,1.4,1.0,305.0,32.0,26.0,35.0,54.0,53.0,21.0,58.0,7.0,3.0,70.0,36.0,50.0,35.0, PG,SAC
Dewayne Dedmon,30,11.74,20,-2.03,-0.64,-2.63,0.13,58.0,54.0,60.0,54.0,30.0,73.0,9.0,27.0,8.0,11.0,0.9,3.8,306.0,71.0,53.0,49.0,35.0,98.0,12.0,30.0,80.0,94.0,30.0,59.0,18.0,88.0, C,PHI
Evan Fournier,23,18.04,18,-2.33,-0.35,-2.63,0.13,49.0,46.0,39.0,42.0,32.0,86.0,1.0,11.0,12.0,11.0,1.6,0.7,307.0,57.0,6.0,8.0,,45.0,23.0,,2.0,26.0,52.0,66.0,68.0,22.0, SF,NYK
Ty Jerome,36,17.86,15,-0.37,-2.36,-2.63,0.13,63.0,59.0,62.0,55.0,41.0,91.0,1.0,10.0,23.0,10.0,1.3,0.7,308.0,35.0,83.0,78.0,48.0,98.0,88.0,96.0,2.0,20.0,84.0,74.0,41.0,22.0, SG,GSW
Lonnie Walker IV,42,26.71,20,-1.15,-1.52,-2.63,0.24,57.0,54.0,60.0,40.0,37.0,88.0,1.0,7.0,7.0,7.0,1.1,1.0,309.0,67.0,49.0,48.0,36.0,35.0,59.0,89.0,5.0,3.0,22.0,93.0,27.0,38.0, SG,LAL
Miles McBride,47,12.66,14,-3.22,0.67,-2.73,0.13,46.0,43.0,46.0,39.0,29.0,69.0,2.0,6.0,13.0,11.0,2.2,0.3,310.0,24.0,3.0,2.0,1.0,29.0,9.0,20.0,16.0,1.0,60.0,67.0,89.0,6.0, PG,NYK
Kevin Knox II,44,13.86,16,-2.62,-0.16,-2.73,0.13,61.0,59.0,78.0,43.0,36.0,80.0,4.0,16.0,4.0,14.0,1.1,1.8,311.0,39.0,71.0,77.0,98.0,,58.0,58.0,49.0,67.0,2.0,34.0,27.0,65.0, PF,POR
Udoka Azubuike,24,5.71,11,-2.62,-0.06,-2.73,0.03,81.0,88.0,91.0,,,33.0,10.0,28.0,6.0,27.0,1.0,3.7,312.0,4.0,,,,,,,87.0,96.0,16.0,1.0,21.0,87.0, C,UTA
Goran Dragic,51,15.48,20,-1.45,-1.42,-2.83,0.13,51.0,50.0,58.0,40.0,35.0,66.0,2.0,8.0,24.0,15.0,0.7,0.5,313.0,68.0,14.0,23.0,29.0,38.0,48.0,13.0,20.0,6.0,85.0,25.0,6.0,12.0, PG,CHI
Lamar Stevens,42,17.67,14,-3.61,0.88,-2.83,0.13,53.0,51.0,62.0,41.0,30.0,69.0,4.0,16.0,4.0,9.0,0.9,1.8,314.0,24.0,21.0,28.0,46.0,42.0,14.0,22.0,51.0,64.0,3.0,83.0,19.0,62.0, SF,CLE
Khem Birch,20,8.12,11,-3.61,0.98,-2.83,0.03,63.0,61.0,81.0,36.0,50.0,80.0,6.0,13.0,6.0,19.0,1.5,3.1,315.0,8.0,,,,,,,70.0,44.0,17.0,6.0,62.0,84.0, C,SAS
Patty Mills,36,13.35,18,-1.25,-1.62,-2.83,0.03,56.0,53.0,71.0,41.0,37.0,90.0,2.0,7.0,14.0,11.0,1.3,0.4,316.0,58.0,39.0,44.0,,43.0,60.0,,10.0,2.0,61.0,66.0,45.0,8.0, PG,BKN
Davis Bertans,34,10.23,15,-1.54,-1.42,-2.93,0.03,61.0,59.0,64.0,100.0,38.0,83.0,2.0,9.0,5.0,7.0,0.9,0.8,317.0,36.0,74.0,79.0,,,71.0,,19.0,10.0,10.0,93.0,19.0,26.0, PF,DAL
Taj Gibson,35,10.14,16,-1.74,-1.23,-2.93,0.03,60.0,57.0,73.0,37.0,25.0,69.0,9.0,16.0,10.0,15.0,1.8,2.7,318.0,39.0,67.0,69.0,92.0,21.0,,19.0,82.0,63.0,43.0,25.0,76.0,78.0, C,WAS
Wesley Matthews,39,15.66,10,-3.61,0.78,-2.93,0.03,49.0,46.0,40.0,25.0,33.0,85.0,5.0,10.0,4.0,10.0,1.3,1.4,319.0,2.0,7.0,8.0,,,25.0,,65.0,17.0,4.0,68.0,47.0,52.0, SF,MIL
Josh Minott,11,6.27,17,-2.13,-0.83,-2.93,0.03,58.0,54.0,62.0,,25.0,100.0,9.0,23.0,5.0,100.0,1.9,7.0,320.0,52.0,,,,,,,81.0,87.0,11.0,,81.0,98.0, SF,MIN
Reggie Bullock,58,30.22,10,-2.23,-0.74,-2.93,0.03,57.0,55.0,66.0,28.0,37.0,69.0,2.0,12.0,6.0,7.0,1.3,0.7,321.0,2.0,47.0,56.0,65.0,,62.0,19.0,17.0,38.0,16.0,92.0,44.0,18.0, SF,DAL
JaMychal Green,38,14.76,17,-1.54,-1.42,-2.93,0.03,64.0,61.0,71.0,36.0,36.0,76.0,11.0,19.0,9.0,18.0,1.5,2.1,322.0,49.0,88.0,87.0,85.0,,50.0,41.0,89.0,78.0,38.0,12.0,58.0,70.0, C,GSW
Jaylin Williams,25,15.74,14,-1.45,-1.52,-2.93,0.03,57.0,55.0,47.0,48.0,45.0,67.0,6.0,26.0,12.0,12.0,1.2,0.9,323.0,26.0,47.0,58.0,2.0,83.0,98.0,,68.0,94.0,51.0,51.0,38.0,32.0, C,OKC
Nikola Jovic,15,13.62,19,-2.03,-0.93,-2.93,0.03,53.0,46.0,71.0,38.0,23.0,95.0,5.0,14.0,8.0,11.0,1.7,1.0,324.0,64.0,22.0,9.0,,,1.0,,61.0,52.0,25.0,59.0,72.0,36.0, PF,MIA
Aleksej Pokusevski,31,21.97,18,-1.84,-1.13,-2.93,0.03,53.0,52.0,57.0,27.0,38.0,64.0,7.0,18.0,13.0,14.0,1.4,5.3,325.0,57.0,19.0,34.0,26.0,4.0,66.0,9.0,73.0,74.0,59.0,36.0,53.0,94.0, PF,OKC
Dario Saric,38,14.45,19,-0.86,-2.17,-3.03,0.03,56.0,51.0,63.0,26.0,39.0,83.0,8.0,24.0,15.0,16.0,1.3,0.9,326.0,60.0,43.0,30.0,52.0,2.0,76.0,69.0,79.0,90.0,65.0,19.0,42.0,28.0, PF,OKC
Malik Beasley,58,26.42,21,-0.76,-2.36,-3.03,0.03,54.0,52.0,52.0,47.0,36.0,84.0,2.0,13.0,9.0,8.0,1.5,0.4,327.0,75.0,25.0,37.0,12.0,77.0,52.0,74.0,21.0,46.0,37.0,88.0,59.0,11.0, SF,LAL
Orlando Robinson,29,13.74,12,-2.33,-0.74,-3.03,0.03,58.0,53.0,67.0,30.0,,72.0,12.0,24.0,8.0,13.0,1.5,3.4,328.0,12.0,52.0,46.0,72.0,,,29.0,92.0,89.0,28.0,39.0,63.0,86.0, C,MIA
Admiral Schofield,27,13.04,13,-1.06,-2.08,-3.03,0.03,62.0,58.0,71.0,33.0,33.0,89.0,6.0,12.0,10.0,6.0,0.8,0.9,329.0,18.0,75.0,74.0,88.0,,30.0,,68.0,37.0,42.0,98.0,13.0,34.0, SF,ORL
Jaylen Nowell,61,19.71,24,-0.86,-2.26,-3.03,0.03,53.0,50.0,59.0,47.0,30.0,78.0,3.0,12.0,15.0,9.0,1.5,0.3,330.0,83.0,22.0,25.0,33.0,78.0,12.0,52.0,39.0,40.0,65.0,84.0,62.0,5.0, SG,MIN
Isaiah Livers,37,21.18,11,-3.02,-0.06,-3.03,0.03,56.0,54.0,71.0,41.0,36.0,79.0,3.0,10.0,4.0,11.0,1.2,2.3,331.0,6.0,42.0,47.0,,,51.0,53.0,33.0,24.0,3.0,64.0,36.0,73.0, SF,DET
Kai Jones,27,8.82,12,-3.12,0.16,-3.03,0.03,58.0,55.0,67.0,22.0,27.0,67.0,9.0,15.0,3.0,13.0,1.0,4.5,332.0,11.0,54.0,57.0,68.0,,,,84.0,58.0,1.0,47.0,21.0,92.0, PF,CHA
Luke Kennard,37,20.78,15,-1.35,-1.72,-3.03,0.02,63.0,60.0,39.0,53.0,45.0,96.0,1.0,11.0,7.0,12.0,1.2,0.5,333.0,33.0,85.0,84.0,1.0,95.0,97.0,,3.0,28.0,23.0,57.0,39.0,12.0, SG,MEM
Garrett Temple,18,7.21,12,-3.12,0.06,-3.13,0.03,57.0,56.0,60.0,,43.0,75.0,2.0,7.0,11.0,8.0,3.2,0.7,334.0,10.0,45.0,62.0,,,,,12.0,3.0,50.0,91.0,97.0,25.0, SG,NOP
Troy Brown Jr.,53,24.11,12,-1.94,-1.13,-3.13,-0.12,56.0,55.0,63.0,36.0,36.0,96.0,4.0,15.0,6.0,10.0,1.4,0.5,335.0,12.0,43.0,53.0,51.0,17.0,57.0,99.0,53.0,57.0,12.0,74.0,56.0,14.0, SF,LAL
Austin Rivers,46,20.9,10,-2.92,-0.35,-3.23,-0.12,59.0,56.0,63.0,47.0,36.0,86.0,1.0,9.0,9.0,10.0,1.4,0.3,336.0,3.0,62.0,66.0,53.0,,54.0,79.0,1.0,13.0,39.0,77.0,54.0,4.0, SG,MIN
Rudy Gay,44,14.76,16,-3.31,0.26,-3.23,-0.12,47.0,44.0,63.0,45.0,24.0,86.0,5.0,16.0,9.0,11.0,1.2,1.8,337.0,44.0,4.0,3.0,49.0,64.0,2.0,79.0,60.0,67.0,31.0,63.0,36.0,63.0, PF,UTA
Svi Mykhailiuk,14,4.66,17,-2.52,-0.83,-3.23,0.03,63.0,63.0,50.0,,50.0,50.0,2.0,11.0,2.0,10.0,0.7,1.0,338.0,54.0,,,,,,,10.0,28.0,1.0,70.0,7.0,, SF,CHA
Anthony Gill,41,10.04,11,-1.94,-1.32,-3.33,-0.12,67.0,63.0,89.0,33.0,16.0,83.0,6.0,10.0,7.0,9.0,0.6,1.8,339.0,5.0,94.0,90.0,100.0,,,68.0,70.0,18.0,21.0,85.0,4.0,64.0, PF,WAS
Doug McDermott,51,20.51,18,-0.86,-2.53,-3.32,-0.22,59.0,58.0,60.0,41.0,42.0,75.0,2.0,10.0,10.0,10.0,0.4,0.5,340.0,59.0,63.0,75.0,39.0,42.0,91.0,37.0,12.0,23.0,42.0,73.0,1.0,12.0, SF,SAS
Bones Hyland,44,19.49,28,0.17,-3.41,-3.32,-0.22,54.0,50.0,50.0,32.0,38.0,85.0,2.0,11.0,24.0,13.0,1.7,1.4,341.0,93.0,28.0,25.0,7.0,11.0,68.0,76.0,15.0,30.0,85.0,45.0,74.0,54.0, PG,LAC
Lindy Waters III,23,11.23,14,-0.86,-2.54,-3.32,-0.12,58.0,55.0,50.0,100.0,36.0,71.0,3.0,12.0,8.0,7.0,1.3,2.3,342.0,29.0,52.0,60.0,,,57.0,,40.0,36.0,28.0,96.0,47.0,74.0, PF,OKC
Vlatko Cancar,44,16.07,14,-1.74,-1.62,-3.32,-0.22,63.0,61.0,65.0,38.0,42.0,96.0,3.0,14.0,13.0,13.0,1.2,1.4,343.0,23.0,84.0,84.0,63.0,29.0,94.0,99.0,45.0,55.0,59.0,39.0,35.0,53.0, PF,DEN
Kendrick Nunn,50,14.67,22,-1.64,-1.72,-3.32,-0.22,53.0,51.0,61.0,41.0,34.0,84.0,2.0,9.0,12.0,12.0,1.2,0.3,344.0,77.0,20.0,29.0,43.0,40.0,38.0,74.0,15.0,12.0,54.0,57.0,37.0,6.0, SG,WAS
Derrick Rose,26,12.93,22,-2.72,-0.64,-3.32,-0.12,48.0,45.0,50.0,38.0,32.0,92.0,2.0,9.0,21.0,12.0,1.0,1.3,345.0,78.0,5.0,7.0,6.0,28.0,20.0,,29.0,15.0,81.0,52.0,20.0,48.0, PG,NYK
Cory Joseph,40,15.86,14,-1.35,-2.08,-3.42,-0.22,50.0,46.0,59.0,37.0,32.0,76.0,2.0,8.0,28.0,14.0,1.3,0.7,346.0,28.0,9.0,8.0,31.0,23.0,20.0,42.0,15.0,4.0,92.0,35.0,44.0,21.0, PG,DET
Patrick Baldwin Jr.,16,8.11,23,-1.15,-2.36,-3.42,0.02,62.0,61.0,71.0,,45.0,67.0,0.0,21.0,4.0,10.0,2.2,0.7,347.0,82.0,75.0,86.0,,,97.0,,,81.0,5.0,76.0,89.0,20.0, PF,GSW
Gary Payton II,15,17.13,9,-2.33,-1.13,-3.42,-0.12,71.0,70.0,68.0,,53.0,100.0,5.0,14.0,11.0,22.0,2.9,0.4,348.0,1.0,98.0,97.0,,,,,64.0,51.0,47.0,3.0,96.0,7.0, SG,GSW
Rodney McGruder,21,10.42,13,-1.94,-1.52,-3.52,-0.12,55.0,53.0,86.0,,39.0,73.0,5.0,9.0,8.0,10.0,1.1,1.0,349.0,15.0,33.0,42.0,,,76.0,,64.0,14.0,30.0,72.0,27.0,, SG,DET
Robin Lopez,30,7.92,15,-2.52,-1.03,-3.52,-0.12,69.0,66.0,76.0,54.0,67.0,75.0,9.0,10.0,9.0,24.0,0.2,1.7,350.0,37.0,96.0,96.0,96.0,97.0,,,82.0,21.0,32.0,2.0,0.0,60.0, C,CLE
Duane Washington Jr.,31,12.74,30,-2.03,-1.52,-3.52,-0.12,46.0,45.0,39.0,36.0,36.0,67.0,1.0,10.0,26.0,11.0,0.7,0.9,351.0,96.0,3.0,6.0,0.0,19.0,55.0,,1.0,16.0,90.0,60.0,8.0,29.0, PG,PHX
Frank Kaminsky,28,7.02,15,-0.66,-2.92,-3.52,-0.12,66.0,63.0,67.0,58.0,42.0,86.0,2.0,23.0,19.0,14.0,1.2,1.4,352.0,31.0,91.0,91.0,,,,,25.0,88.0,77.0,37.0,38.0,54.0, C,HOU
Maxi Kleber,22,25.76,10,-3.51,-0.06,-3.62,-0.21,62.0,61.0,74.0,40.0,37.0,79.0,4.0,12.0,5.0,10.0,0.6,3.7,353.0,2.0,76.0,85.0,93.0,,61.0,,52.0,40.0,10.0,68.0,5.0,87.0, PF,DAL
Jericho Sims,47,16.38,8,-1.74,-1.91,-3.62,-0.31,78.0,77.0,81.0,44.0,,75.0,13.0,20.0,4.0,18.0,1.0,3.3,354.0,1.0,100.0,99.0,99.0,,,,95.0,79.0,5.0,11.0,20.0,85.0, C,NYK
Matt Ryan,32,9.53,16,-1.94,-1.71,-3.62,-0.12,54.0,52.0,57.0,24.0,39.0,83.0,1.0,7.0,6.0,6.0,0.8,0.3,355.0,43.0,29.0,39.0,,,73.0,,8.0,3.0,18.0,97.0,9.0,3.0, SF,MIN
Tre Mann,51,18.49,20,-2.92,-0.74,-3.62,-0.48,49.0,48.0,55.0,43.0,31.0,68.0,2.0,11.0,12.0,11.0,1.7,0.9,356.0,72.0,7.0,11.0,20.0,54.0,17.0,18.0,24.0,30.0,53.0,66.0,71.0,34.0, PG,OKC
Damian Jones,23,8.02,13,-3.21,-0.45,-3.62,-0.12,61.0,56.0,61.0,50.0,,73.0,10.0,21.0,3.0,15.0,0.8,6.5,357.0,20.0,70.0,65.0,42.0,,,,87.0,82.0,2.0,25.0,10.0,97.0, C,UTA
Nerlens Noel,14,10.82,12,-4.92,1.39,-3.62,-0.12,47.0,42.0,55.0,29.0,50.0,70.0,5.0,22.0,6.0,19.0,4.0,6.2,358.0,8.0,,,,,,,61.0,86.0,18.0,7.0,98.0,96.0, C,DET
Juan Toscano-Anderson,31,12.64,10,-4.25,0.67,-3.62,-0.22,56.0,54.0,71.0,25.0,23.0,73.0,4.0,15.0,9.0,19.0,1.3,1.5,359.0,3.0,42.0,51.0,86.0,,,,54.0,60.0,37.0,8.0,49.0,56.0, SF,UTA
A.J. Lawson,12,5.16,19,-1.94,-1.72,-3.62,0.03,61.0,63.0,60.0,,44.0,33.0,3.0,15.0,3.0,3.0,0.7,1.0,360.0,62.0,,,,,,,43.0,61.0,1.0,99.0,9.0,, SG,DAL
MarJon Beauchamp,38,14.86,18,-2.72,-1.03,-3.72,-0.31,51.0,49.0,57.0,36.0,32.0,72.0,6.0,10.0,7.0,14.0,1.5,0.6,361.0,57.0,13.0,20.0,25.0,18.0,22.0,29.0,72.0,19.0,20.0,32.0,62.0,17.0, SG,MIL
Jeff Dowtin Jr.,15,6.81,12,-3.12,-0.64,-3.72,-0.12,50.0,46.0,88.0,31.0,17.0,100.0,5.0,9.0,15.0,10.0,1.4,1.0,362.0,12.0,,,,,,,62.0,14.0,66.0,76.0,54.0,36.0, SG,TOR
Facundo Campazzo,8,6.55,14,-3.61,-0.15,-3.72,0.03,36.0,35.0,,,27.0,50.0,1.0,4.0,30.0,18.0,5.7,3.0,363.0,27.0,,,,,,,,0.0,94.0,12.0,100.0,, PG,DAL
Terrence Ross,43,22.6,16,-2.43,-1.42,-3.82,-0.56,54.0,53.0,63.0,48.0,37.0,73.0,1.0,9.0,9.0,10.0,1.3,0.8,364.0,42.0,27.0,42.0,,79.0,61.0,,5.0,13.0,33.0,70.0,41.0,27.0, SG,PHX
Nassir Little,37,16.76,14,-1.45,-2.45,-3.82,-0.41,59.0,57.0,62.0,43.0,40.0,63.0,4.0,14.0,8.0,10.0,0.9,1.8,365.0,30.0,57.0,73.0,47.0,52.0,79.0,9.0,47.0,54.0,25.0,74.0,15.0,66.0, SF,POR
Duncan Robinson,29,18.15,17,-1.84,-2.09,-3.82,-0.31,52.0,50.0,69.0,37.0,33.0,91.0,2.0,12.0,10.0,9.0,0.9,1.0,366.0,53.0,17.0,22.0,,,27.0,,14.0,34.0,43.0,82.0,14.0,, SF,MIA
Caleb Houstan,34,16.15,11,-2.62,-1.23,-3.82,-0.31,56.0,54.0,46.0,40.0,39.0,85.0,5.0,11.0,5.0,9.0,0.6,0.5,367.0,6.0,39.0,50.0,1.0,,75.0,,63.0,33.0,6.0,86.0,5.0,15.0, SG,ORL
Matthew Dellavedova,24,6.11,12,-3.31,-0.54,-3.82,-0.12,47.0,47.0,33.0,36.0,40.0,60.0,1.0,5.0,31.0,19.0,1.8,1.0,368.0,11.0,,,,,,,1.0,1.0,95.0,8.0,77.0,, SG,SAC
Daishen Nix,41,15.56,14,-3.51,-0.45,-3.82,-0.49,47.0,44.0,51.0,14.0,31.0,71.0,2.0,10.0,22.0,27.0,2.0,0.9,369.0,23.0,5.0,5.0,8.0,,16.0,25.0,24.0,23.0,82.0,1.0,82.0,33.0, SG,HOU
Dalano Banton,26,9.52,22,-2.13,-1.71,-3.92,-0.22,50.0,47.0,68.0,20.0,28.0,79.0,4.0,13.0,18.0,11.0,2.4,5.1,370.0,79.0,8.0,10.0,76.0,1.0,7.0,,50.0,43.0,75.0,62.0,91.0,93.0, SG,TOR
Dru Smith,8,12.2,12,-3.61,-0.25,-3.92,0.02,48.0,48.0,80.0,50.0,20.0,,1.0,16.0,15.0,8.0,4.0,3.2,371.0,8.0,,,,,,,3.0,65.0,64.0,89.0,99.0,84.0, PG,BKN
Chris Duarte,36,19.37,19,-2.43,-1.52,-3.92,-0.58,49.0,44.0,48.0,37.0,30.0,83.0,2.0,12.0,11.0,10.0,1.2,1.0,372.0,62.0,7.0,4.0,5.0,20.0,13.0,71.0,28.0,35.0,47.0,71.0,39.0,38.0, SG,IND
Trendon Watford,42,16.27,14,-2.13,-1.81,-3.92,-0.48,65.0,62.0,60.0,54.0,48.0,74.0,5.0,20.0,15.0,18.0,1.1,0.9,373.0,23.0,89.0,88.0,40.0,97.0,,34.0,57.0,78.0,64.0,9.0,25.0,28.0, PF,POR
Dominick Barlow,10,9.6,15,-2.23,-1.71,-3.92,-0.12,58.0,52.0,56.0,100.0,,90.0,14.0,12.0,11.0,17.0,1.0,1.8,374.0,31.0,,,,,,,96.0,40.0,45.0,16.0,19.0,66.0, SF,SAS
Payton Pritchard,42,12.85,18,-2.82,-1.13,-3.92,-0.41,52.0,51.0,57.0,38.0,34.0,69.0,4.0,8.0,13.0,13.0,1.3,0.1,375.0,59.0,15.0,29.0,27.0,28.0,38.0,,54.0,8.0,58.0,41.0,43.0,3.0, PG,BOS
Brandon Boston Jr.,21,11.72,24,-2.03,-1.91,-3.92,-0.22,53.0,47.0,53.0,33.0,41.0,76.0,3.0,11.0,12.0,8.0,1.7,1.0,376.0,82.0,18.0,11.0,14.0,12.0,,44.0,31.0,26.0,56.0,88.0,73.0,, SG,LAC
Chuma Okeke,19,21.34,11,-2.52,-1.52,-3.92,-0.31,50.0,47.0,62.0,17.0,30.0,76.0,6.0,15.0,9.0,9.0,1.3,2.1,377.0,7.0,11.0,9.0,,,11.0,,70.0,59.0,33.0,80.0,47.0,69.0, SF,ORL
Ochai Agbaji,37,15.16,11,-2.13,-1.91,-3.92,-0.49,62.0,61.0,70.0,33.0,40.0,63.0,5.0,7.0,4.0,7.0,0.4,0.6,378.0,5.0,76.0,86.0,82.0,,80.0,,59.0,2.0,3.0,93.0,1.0,17.0, SF,UTA
Otto Porter Jr.,8,18.31,10,-2.13,-1.91,-3.92,-0.12,67.0,60.0,100.0,43.0,35.0,100.0,4.0,11.0,8.0,11.0,3.7,2.0,379.0,4.0,,,,,,,55.0,32.0,26.0,64.0,98.0,, SG,TOR
Joshua Primo,4,23.39,17,-3.41,-0.64,-4.02,0.03,47.0,40.0,33.0,50.0,25.0,78.0,2.0,13.0,24.0,27.0,0.5,1.8,380.0,51.0,,,,,,,26.0,42.0,85.0,1.0,1.0,64.0, PG,SAS
Jason Preston,13,9.41,17,-2.23,-1.81,-4.02,-0.12,49.0,50.0,60.0,54.0,28.0,,2.0,20.0,31.0,19.0,0.8,1.0,381.0,46.0,6.0,22.0,,,,,9.0,79.0,95.0,6.0,9.0,, PG,LAC
Gorgui Dieng,19,10.22,17,-1.64,-2.44,-4.02,-0.12,52.0,50.0,80.0,44.0,29.0,83.0,9.0,22.0,21.0,20.0,0.5,3.2,382.0,47.0,14.0,23.0,,,10.0,,83.0,85.0,80.0,5.0,1.0,84.0, C,SAS
Jeff Green,37,19.27,17,-3.12,-0.93,-4.02,-0.57,57.0,53.0,68.0,45.0,24.0,70.0,4.0,10.0,9.0,12.0,1.0,1.1,383.0,53.0,49.0,45.0,75.0,61.0,2.0,23.0,51.0,24.0,37.0,56.0,22.0,43.0, PF,DEN
Jaxson Hayes,33,13.34,15,-2.72,-1.32,-4.02,-0.31,59.0,54.0,68.0,53.0,12.0,67.0,7.0,17.0,8.0,13.0,1.4,2.5,384.0,31.0,57.0,52.0,73.0,,,15.0,75.0,71.0,31.0,47.0,54.0,76.0, C,NOP
Malaki Branham,45,22.1,18,-2.13,-2.08,-4.12,-0.82,53.0,52.0,65.0,49.0,32.0,78.0,2.0,9.0,12.0,11.0,1.1,0.5,385.0,56.0,22.0,33.0,61.0,86.0,18.0,49.0,12.0,12.0,54.0,63.0,31.0,13.0, PG,SAS
David Roddy,46,17.88,16,-4.07,-0.25,-4.22,-0.74,51.0,49.0,60.0,39.0,29.0,63.0,4.0,12.0,5.0,13.0,1.4,1.3,386.0,43.0,13.0,19.0,39.0,31.0,10.0,9.0,50.0,34.0,8.0,41.0,50.0,50.0, SF,MEM
Jaden Hardy,31,11.44,24,-2.23,-2.08,-4.22,-0.31,56.0,50.0,53.0,36.0,34.0,87.0,1.0,13.0,11.0,13.0,1.2,0.7,387.0,83.0,36.0,22.0,13.0,,35.0,85.0,1.0,43.0,49.0,46.0,33.0,23.0, SG,DAL
Moses Moody,44,14.36,14,-3.02,-1.23,-4.22,-0.56,57.0,55.0,67.0,41.0,35.0,69.0,4.0,10.0,9.0,13.0,1.1,0.7,388.0,25.0,50.0,55.0,68.0,,42.0,20.0,47.0,18.0,35.0,46.0,29.0,24.0, SF,GSW
James Johnson,12,8.3,15,-4.34,0.16,-4.22,-0.12,45.0,43.0,46.0,25.0,30.0,75.0,2.0,18.0,10.0,15.0,1.9,5.4,389.0,30.0,,,,,,,24.0,75.0,42.0,27.0,81.0,94.0, PF,IND
Moussa Diabate,17,10.02,12,-2.33,-1.91,-4.21,-0.12,58.0,54.0,53.0,50.0,50.0,63.0,16.0,11.0,2.0,16.0,1.4,3.1,390.0,13.0,51.0,48.0,13.0,,,,98.0,31.0,1.0,17.0,50.0,83.0, C,LAC
Richaun Holmes,33,9.13,12,-2.52,-1.81,-4.21,-0.31,74.0,70.0,73.0,57.0,75.0,80.0,9.0,18.0,3.0,14.0,0.5,3.2,391.0,10.0,98.0,98.0,91.0,,,,83.0,74.0,1.0,33.0,1.0,84.0, C,SAC
Dalen Terry,23,5.01,16,-3.79,-0.64,-4.31,-0.12,44.0,43.0,57.0,25.0,17.0,50.0,6.0,9.0,19.0,13.0,1.6,3.7,392.0,44.0,1.0,3.0,,,,,71.0,14.0,76.0,42.0,66.0,88.0, SF,CHI
DeAndre Jordan,34,14.65,14,-2.62,-1.72,-4.31,-0.58,73.0,78.0,79.0,,100.0,44.0,10.0,28.0,9.0,27.0,0.8,4.0,393.0,22.0,98.0,100.0,98.0,,,1.0,86.0,96.0,36.0,1.0,10.0,90.0, C,DEN
Devon Dotson,6,8.85,9,-3.97,-0.45,-4.31,0.03,17.0,17.0,,,33.0,,13.0,10.0,21.0,25.0,4.5,3.0,394.0,1.0,,,,,,,94.0,16.0,81.0,2.0,99.0,, PG,WAS
Ziaire Williams,28,17.45,17,-4.34,-0.06,-4.31,-0.58,51.0,48.0,70.0,47.0,25.0,76.0,3.0,13.0,7.0,15.0,1.2,0.9,395.0,45.0,12.0,15.0,84.0,75.0,3.0,,30.0,45.0,19.0,26.0,34.0,33.0, SG,MEM
Theo Maledon,36,16.16,15,-2.43,-1.91,-4.31,-0.65,55.0,48.0,53.0,40.0,33.0,88.0,2.0,15.0,20.0,16.0,2.2,0.9,396.0,34.0,33.0,13.0,14.0,39.0,30.0,87.0,13.0,59.0,79.0,18.0,89.0,34.0, PG,CHA
Ousmane Dieng,19,15.03,13,-3.61,-0.84,-4.41,-0.31,49.0,50.0,71.0,25.0,29.0,40.0,3.0,15.0,12.0,13.0,0.8,1.8,397.0,19.0,8.0,22.0,,,9.0,,32.0,61.0,54.0,41.0,12.0,63.0, SF,OKC
AJ Green,26,9.42,17,0.17,-4.5,-4.41,-0.21,65.0,64.0,75.0,55.0,43.0,100.0,2.0,10.0,8.0,7.0,0.8,1.0,398.0,45.0,89.0,93.0,,,96.0,,14.0,19.0,26.0,95.0,11.0,, SG,MIL
Jabari Walker,38,8.83,14,-3.12,-1.32,-4.41,-0.31,52.0,48.0,58.0,27.0,22.0,72.0,11.0,16.0,9.0,12.0,0.6,1.7,399.0,27.0,15.0,12.0,30.0,,,28.0,90.0,64.0,33.0,53.0,3.0,61.0, SF,POR
Trevelin Queen,7,10.07,19,-4.16,-0.35,-4.41,-0.12,35.0,28.0,50.0,,13.0,100.0,10.0,17.0,11.0,19.0,1.4,8.5,400.0,66.0,,,,,,,85.0,68.0,46.0,7.0,49.0,99.0, SG,IND
Terry Taylor,26,8.82,13,-3.22,-1.23,-4.41,-0.22,51.0,49.0,62.0,38.0,22.0,71.0,10.0,9.0,6.0,12.0,0.6,2.3,401.0,16.0,12.0,19.0,45.0,,,,85.0,12.0,14.0,56.0,4.0,73.0, PF,IND
Jaden Ivey,55,30.12,24,-1.15,-3.41,-4.41,-1.71,53.0,48.0,52.0,38.0,33.0,72.0,4.0,11.0,24.0,16.0,1.5,0.7,402.0,84.0,18.0,12.0,11.0,26.0,29.0,29.0,46.0,31.0,86.0,17.0,59.0,20.0, SG,DET
Sandro Mamukelashvili,24,9.12,15,-3.79,-0.93,-4.61,-0.31,43.0,39.0,50.0,25.0,22.0,67.0,9.0,19.0,11.0,12.0,0.9,2.0,403.0,31.0,1.0,0.0,,,,,81.0,78.0,47.0,55.0,17.0,69.0, PF,MIL
KZ Okpala,35,7.12,8,-4.73,0.16,-4.71,-0.31,55.0,51.0,67.0,20.0,33.0,88.0,3.0,12.0,7.0,14.0,1.3,2.3,404.0,1.0,32.0,30.0,,,,,42.0,35.0,19.0,29.0,43.0,74.0, SF,SAC
Jamal Cain,13,13.92,14,-2.82,-1.91,-4.71,-0.22,58.0,54.0,68.0,44.0,18.0,75.0,7.0,16.0,7.0,7.0,2.1,2.0,405.0,21.0,55.0,51.0,74.0,,,,77.0,66.0,23.0,96.0,87.0,, SG,MIA
Jarrett Culver,10,13.71,16,-4.16,-0.64,-4.71,-0.12,45.0,41.0,55.0,44.0,8.0,69.0,7.0,24.0,5.0,13.0,2.1,1.3,406.0,44.0,2.0,1.0,,,,,75.0,91.0,11.0,47.0,84.0,50.0, SF,ATL
Jordan Nwora,40,15.66,17,-3.21,-1.52,-4.71,-0.73,52.0,48.0,49.0,25.0,38.0,86.0,5.0,16.0,9.0,13.0,1.1,0.9,407.0,52.0,18.0,11.0,5.0,2.0,72.0,80.0,63.0,66.0,36.0,37.0,25.0,31.0, SF,IND
Jae'Sean Tate,20,21.04,17,-2.82,-1.91,-4.71,-0.57,51.0,48.0,48.0,50.0,31.0,65.0,8.0,12.0,18.0,18.0,1.3,0.9,408.0,50.0,13.0,13.0,4.0,,,11.0,78.0,34.0,74.0,11.0,41.0,33.0, SF,HOU
Furkan Korkmaz,25,10.23,17,-3.78,-1.03,-4.71,-0.31,52.0,49.0,58.0,29.0,34.0,66.0,3.0,10.0,10.0,14.0,1.1,1.1,409.0,50.0,17.0,17.0,28.0,,39.0,12.0,31.0,21.0,44.0,31.0,30.0,40.0, SG,PHI
Day'Ron Sharpe,32,10.23,18,-1.94,-2.83,-4.71,-0.49,56.0,56.0,58.0,18.0,67.0,59.0,17.0,25.0,10.0,19.0,0.7,4.2,410.0,56.0,40.0,64.0,29.0,,,5.0,99.0,93.0,44.0,6.0,7.0,91.0, C,BKN
Daniel Theis,6,15.59,20,-3.02,-1.81,-4.71,-0.12,50.0,50.0,68.0,40.0,13.0,40.0,5.0,17.0,10.0,5.0,0.5,3.9,411.0,67.0,11.0,22.0,,,,,60.0,71.0,40.0,99.0,2.0,89.0, C,IND
Max Christie,35,14.25,10,-4.07,-0.74,-4.81,-0.65,57.0,54.0,40.0,43.0,42.0,88.0,1.0,14.0,5.0,10.0,0.8,1.2,412.0,3.0,45.0,52.0,,,92.0,,7.0,53.0,8.0,76.0,10.0,45.0, SF,LAL
Josh Christopher,40,10.14,22,-3.51,-1.23,-4.89,-0.57,52.0,49.0,65.0,41.0,24.0,73.0,3.0,10.0,16.0,18.0,1.9,2.1,413.0,77.0,16.0,18.0,59.0,40.0,2.0,30.0,35.0,17.0,67.0,13.0,80.0,71.0, SG,HOU
Shaedon Sharpe,57,20.31,16,-1.94,-2.92,-4.89,-1.51,57.0,55.0,63.0,47.0,36.0,67.0,5.0,10.0,5.0,8.0,0.9,1.1,414.0,43.0,43.0,59.0,50.0,74.0,50.0,14.0,58.0,22.0,6.0,86.0,15.0,41.0, SG,POR
Vit Krejci,21,5.71,12,-3.41,-1.42,-4.89,-0.22,47.0,47.0,50.0,67.0,28.0,50.0,3.0,13.0,13.0,12.0,1.2,0.8,415.0,10.0,,,,,,,33.0,47.0,57.0,56.0,38.0,27.0, SF,ATL
Danny Green,4,13.86,15,-4.25,-0.74,-4.99,-0.12,40.0,40.0,,,36.0,,2.0,8.0,5.0,17.0,1.8,2.0,416.0,34.0,,,,,,,24.0,7.0,10.0,15.0,78.0,, SF,CLE
Malachi Flynn,42,13.96,16,-2.04,-2.92,-4.98,-0.83,49.0,47.0,50.0,26.0,37.0,75.0,3.0,11.0,15.0,8.0,1.4,0.5,417.0,43.0,6.0,10.0,6.0,3.0,64.0,,32.0,28.0,66.0,89.0,57.0,13.0, PG,TOR
Serge Ibaka,16,11.62,16,-3.31,-1.72,-5.08,-0.21,55.0,54.0,75.0,31.0,33.0,62.0,9.0,17.0,4.0,15.0,0.5,3.1,418.0,42.0,34.0,48.0,,,,,80.0,70.0,2.0,21.0,2.0,84.0, C,IND
Danuel House Jr.,37,14.85,12,-3.22,-1.81,-5.08,-0.83,60.0,56.0,74.0,43.0,33.0,70.0,2.0,12.0,7.0,11.0,0.7,1.2,419.0,11.0,64.0,63.0,93.0,,29.0,24.0,17.0,35.0,19.0,67.0,8.0,44.0, PF,PHI
Kessler Edwards,15,6.09,13,-5.01,-0.06,-5.08,-0.12,29.0,28.0,67.0,,15.0,50.0,7.0,13.0,5.0,13.0,1.5,1.1,420.0,20.0,,,,,,,75.0,43.0,9.0,38.0,62.0,40.0, PF,SAC
McKinley Wright IV,19,10.82,14,-2.62,-2.63,-5.18,-0.31,54.0,51.0,75.0,37.0,29.0,64.0,3.0,11.0,27.0,18.0,1.7,1.3,421.0,22.0,25.0,29.0,,,,,43.0,26.0,91.0,9.0,70.0,48.0, PG,DAL
Jordan Hall,9,8.78,21,-3.41,-1.81,-5.27,0.02,44.0,38.0,75.0,33.0,20.0,78.0,4.0,15.0,23.0,18.0,0.6,0.0,422.0,73.0,,,,,,,52.0,61.0,84.0,11.0,5.0,, SG,SAS
Greg Brown III,16,5.89,17,-5.61,0.37,-5.37,-0.12,42.0,41.0,56.0,,14.0,42.0,2.0,19.0,6.0,15.0,2.0,5.6,423.0,47.0,,,,,,,25.0,77.0,11.0,22.0,82.0,95.0, PF,POR
Noah Vonleh,23,7.32,9,-4.63,-0.74,-5.37,-0.22,50.0,48.0,53.0,33.0,25.0,100.0,13.0,20.0,5.0,31.0,0.5,4.0,424.0,1.0,,,,,,,93.0,80.0,9.0,1.0,2.0,91.0, PF,BOS
James Bouknight,26,13.64,17,-5.02,-0.45,-5.37,-0.65,42.0,39.0,54.0,22.0,25.0,68.0,2.0,14.0,11.0,13.0,1.7,1.0,425.0,52.0,1.0,1.0,16.0,,4.0,,9.0,50.0,48.0,47.0,73.0,37.0, SG,CHA
Jake LaRavia,30,12.54,12,-3.78,-1.62,-5.37,-0.65,53.0,52.0,50.0,67.0,34.0,78.0,4.0,12.0,7.0,17.0,1.5,1.0,426.0,10.0,23.0,33.0,,,35.0,,57.0,34.0,24.0,15.0,59.0,35.0, SF,MEM
Theo Pinson,31,7.42,13,-2.62,-2.73,-5.36,-0.49,50.0,47.0,30.0,29.0,36.0,82.0,4.0,14.0,17.0,12.0,0.6,0.4,427.0,18.0,11.0,10.0,,,52.0,,54.0,56.0,71.0,49.0,5.0,8.0, PF,DAL
JT Thor,47,10.85,12,-5.02,-0.44,-5.46,-0.82,46.0,44.0,53.0,46.0,25.0,62.0,5.0,12.0,5.0,14.0,1.0,2.0,428.0,13.0,4.0,4.0,14.0,70.0,3.0,7.0,65.0,37.0,9.0,29.0,22.0,68.0, PF,CHA
David Duke Jr.,16,8.81,19,-5.31,-0.16,-5.46,-0.21,45.0,44.0,53.0,,,50.0,5.0,8.0,13.0,20.0,2.0,0.7,429.0,64.0,3.0,4.0,12.0,,,,63.0,5.0,61.0,5.0,82.0,21.0, SG,BKN
Amir Coffey,39,14.66,13,-3.51,-2.17,-5.66,-1.01,50.0,43.0,55.0,32.0,27.0,82.0,3.0,7.0,12.0,10.0,0.6,0.5,430.0,17.0,10.0,2.0,20.0,10.0,6.0,63.0,38.0,1.0,53.0,77.0,4.0,12.0, SF,LAC
Juancho Hernangomez,41,14.86,9,-3.22,-2.45,-5.65,-1.11,51.0,50.0,70.0,,26.0,56.0,5.0,19.0,5.0,11.0,1.3,1.0,431.0,1.0,14.0,23.0,84.0,,5.0,,60.0,76.0,8.0,61.0,43.0,36.0, SF,TOR
Frank Ntilikina,35,12.04,13,-4.92,-0.74,-5.65,-0.83,43.0,40.0,46.0,57.0,20.0,75.0,1.0,11.0,13.0,19.0,0.9,0.9,432.0,17.0,1.0,1.0,,,1.0,,6.0,29.0,58.0,7.0,18.0,29.0, SG,DAL
Mamadi Diakite,16,6.3,15,-4.44,-1.32,-5.75,-0.22,50.0,50.0,100.0,20.0,27.0,,4.0,12.0,3.0,19.0,1.1,6.0,433.0,35.0,,,,,,,51.0,33.0,2.0,8.0,24.0,96.0, PF,CLE
James Wiseman,22,13.03,20,-1.64,-4.11,-5.75,-0.56,64.0,63.0,73.0,44.0,33.0,68.0,8.0,25.0,8.0,10.0,0.5,2.4,434.0,67.0,88.0,90.0,92.0,60.0,,17.0,79.0,92.0,26.0,70.0,1.0,75.0, C,DET
Jamaree Bouyea,4,16.36,13,-3.88,-2.09,-5.85,0.03,54.0,54.0,60.0,33.0,40.0,50.0,2.0,9.0,10.0,22.0,3.2,3.1,435.0,16.0,,,,,,,21.0,8.0,41.0,3.0,97.0,83.0, PG,MIA
Ryan Rollins,12,5.26,27,-4.73,-1.13,-5.84,-0.12,50.0,43.0,38.0,33.0,33.0,100.0,5.0,17.0,21.0,41.0,0.7,1.8,436.0,90.0,,,,,,,59.0,70.0,82.0,0.0,8.0,62.0, PG,GSW
Christian Braun,54,15.58,12,-3.88,-2.17,-5.94,-1.71,57.0,56.0,65.0,28.0,37.0,59.0,5.0,12.0,7.0,10.0,1.5,1.2,437.0,9.0,48.0,61.0,59.0,5.0,62.0,5.0,66.0,41.0,21.0,70.0,61.0,44.0, SF,DEN
Johnny Davis,13,4.76,14,-4.93,-1.03,-5.94,-0.12,42.0,36.0,100.0,25.0,25.0,100.0,1.0,16.0,6.0,10.0,0.8,2.1,438.0,29.0,,,,,,,8.0,62.0,15.0,78.0,9.0,71.0, SG,WAS
Cody Martin,7,19.11,12,-3.51,-2.45,-5.94,-0.31,46.0,43.0,53.0,43.0,21.0,57.0,7.0,12.0,11.0,5.0,1.4,0.7,439.0,13.0,3.0,3.0,,,,,73.0,40.0,47.0,98.0,55.0,22.0, SF,CHA
Bryce McGowens,26,14.74,13,-4.25,-1.71,-6.03,-0.82,50.0,44.0,49.0,19.0,36.0,79.0,2.0,10.0,9.0,12.0,0.9,0.9,440.0,15.0,10.0,5.0,5.0,,,53.0,29.0,17.0,38.0,48.0,14.0,30.0, SG,CHA
Trent Forrest,18,13.32,11,-4.25,-1.81,-6.03,-0.57,49.0,48.0,37.0,59.0,,67.0,2.0,12.0,18.0,16.0,1.2,0.8,441.0,7.0,7.0,12.0,,99.0,,,27.0,37.0,73.0,17.0,37.0,26.0, SG,ATL
JaVale McGee,36,8.13,22,-2.82,-3.31,-6.13,-0.64,61.0,61.0,69.0,38.0,25.0,56.0,11.0,25.0,6.0,21.0,0.7,5.8,442.0,78.0,74.0,85.0,80.0,,,4.0,88.0,92.0,12.0,4.0,6.0,95.0, C,DAL
Keon Johnson,28,9.83,23,-4.73,-1.42,-6.13,-0.65,45.0,44.0,55.0,20.0,34.0,53.0,3.0,12.0,16.0,18.0,2.1,1.4,443.0,80.0,2.0,4.0,18.0,0.0,36.0,,33.0,38.0,68.0,13.0,83.0,53.0, PG,POR
Kennedy Chandler,24,9.22,16,-4.44,-1.71,-6.13,-0.57,42.0,41.0,52.0,37.0,14.0,45.0,3.0,11.0,30.0,18.0,2.1,2.1,444.0,39.0,1.0,1.0,9.0,,,,34.0,32.0,94.0,9.0,84.0,70.0, PG,MEM
Justin Holiday,28,14.74,14,-3.79,-2.54,-6.22,-0.91,50.0,50.0,68.0,26.0,34.0,,1.0,6.0,8.0,9.0,0.6,2.1,445.0,21.0,11.0,26.0,,,40.0,,1.0,1.0,31.0,84.0,3.0,72.0, SF,DAL
Justin Jackson,23,4.71,12,-5.01,-1.23,-6.22,-0.22,36.0,35.0,50.0,20.0,25.0,50.0,2.0,14.0,15.0,7.0,1.8,3.0,446.0,12.0,,,,,,,19.0,51.0,64.0,96.0,75.0,81.0, SF,BOS
TyTy Washington Jr.,23,12.73,17,-4.07,-2.17,-6.22,-0.64,41.0,40.0,38.0,53.0,18.0,55.0,1.0,11.0,16.0,7.0,1.5,0.4,447.0,51.0,0.0,1.0,,95.0,0.0,,1.0,30.0,69.0,94.0,60.0,7.0, PG,HOU
Wendell Moore Jr.,24,5.81,13,-4.35,-2.09,-6.32,-0.31,47.0,44.0,69.0,50.0,13.0,80.0,2.0,10.0,16.0,17.0,1.9,2.9,448.0,21.0,5.0,5.0,,,,,10.0,24.0,68.0,14.0,80.0,81.0, SG,MIN
Will Barton,40,19.68,19,-3.12,-3.41,-6.51,-1.9,51.0,48.0,47.0,34.0,38.0,78.0,1.0,14.0,17.0,13.0,1.1,1.0,449.0,63.0,12.0,14.0,2.0,15.0,72.0,49.0,4.0,57.0,72.0,43.0,24.0,35.0, SG,WAS
Bryn Forbes,25,10.73,16,-3.97,-2.63,-6.51,-0.64,50.0,45.0,44.0,43.0,30.0,100.0,2.0,5.0,9.0,12.0,1.2,0.7,450.0,40.0,10.0,6.0,,52.0,15.0,,11.0,1.0,35.0,55.0,39.0,21.0, PG,MIN
Simone Fontecchio,31,9.63,17,-3.31,-3.21,-6.51,-0.73,50.0,47.0,48.0,42.0,32.0,69.0,5.0,8.0,8.0,14.0,0.6,1.7,451.0,52.0,8.0,11.0,,,22.0,,63.0,4.0,25.0,36.0,5.0,60.0, SF,UTA
Isaiah Roby,42,11.35,17,-4.26,-2.45,-6.51,-1.21,50.0,49.0,60.0,37.0,30.0,49.0,5.0,21.0,11.0,15.0,1.8,1.3,452.0,51.0,10.0,18.0,36.0,21.0,13.0,2.0,58.0,82.0,49.0,22.0,75.0,50.0, PF,SAS
Leandro Bolmaro,14,4.97,15,-6.21,-0.54,-6.71,-0.22,16.0,16.0,14.0,25.0,,,6.0,5.0,12.0,27.0,1.3,1.2,453.0,36.0,,,,,,,68.0,1.0,53.0,1.0,48.0,45.0, SG,UTA
Davon Reed,37,8.83,14,-5.31,-1.52,-6.81,-0.92,47.0,43.0,40.0,22.0,38.0,75.0,4.0,17.0,9.0,18.0,1.9,1.3,454.0,29.0,4.0,3.0,,1.0,67.0,,48.0,68.0,36.0,11.0,80.0,49.0, SF,LAL
Blake Wesley,15,13.12,19,-5.41,-1.62,-7.01,-0.56,44.0,43.0,42.0,33.0,37.0,55.0,1.0,10.0,14.0,22.0,1.2,0.4,455.0,62.0,2.0,3.0,1.0,,,,4.0,21.0,63.0,3.0,35.0,9.0, SG,SAS
Thanasis Antetokounmpo,25,4.11,12,-6.2,-1.42,-7.71,-0.31,26.0,21.0,31.0,,,50.0,9.0,18.0,6.0,23.0,0.9,2.6,456.0,11.0,,,,,,,83.0,73.0,14.0,3.0,15.0,77.0, PF,MIL
Keon Ellis,9,4.04,14,-0.8,-0.8,-1.6,0.0,86.0,85.0,,50.0,63.0,67.0,9.0,16.0,12.0,8.0,2.6,2.9,,,,,,,,,,,,,,, SG,SAC
Tyler Dorsey,3,2.88,23,-1.7,-0.5,-2.2,0.0,90.0,90.0,,100.0,50.0,,13.0,10.0,,,,,,,,,,,,,,,,,,, SG,DAL
Darius Days,3,7.82,20,-1.7,-0.5,-2.2,0.0,63.0,59.0,100.0,,33.0,100.0,4.0,33.0,7.0,,,5.6,,,,,,,,,,,,,,, SF,HOU
Ron Harper Jr.,3,3.19,23,-1.7,-0.5,-2.2,0.0,80.0,80.0,100.0,,67.0,,13.0,11.0,,,,,,,,,,,,,,,,,,, SF,TOR
Quenton Jackson,3,2.68,15,-2.0,-0.4,-2.4,0.0,83.0,83.0,100.0,,50.0,,17.0,,17.0,,,,,,,,,,,,,,,,,, PG,WAS
Jordan Schakel,2,3.16,15,-2.1,-0.3,-2.4,0.0,75.0,75.0,,,100.0,,,,17.0,,8.3,,,,,,,,,,,,,,,, SF,WAS
Justin Champagnie,3,3.61,13,-2.0,-0.6,-2.6,0.0,100.0,100.0,100.0,100.0,,,10.0,50.0,13.0,,,,,,,,,,,,,,,,,, SG,TOR
Jaden Springer,7,3.73,24,-2.0,-0.6,-2.6,0.0,61.0,58.0,71.0,40.0,,75.0,17.0,13.0,8.0,7.0,3.6,10.5,,,,,,,,,,,,,,, SG,PHI
Joe Wieskamp,2,8.52,14,-2.0,-0.6,-2.7,0.0,90.0,90.0,,,75.0,,,,8.0,17.0,,,,,,,,,,,,,,,,, PG,TOR
PJ Dozier,4,2.61,12,-2.3,-0.4,-2.7,0.0,83.0,83.0,100.0,,50.0,,,22.0,,,13.0,,,,,,,,,,,,,,,, SF,SAC
Malcolm Hill,5,1.89,17,-2.4,-0.4,-2.8,0.0,63.0,63.0,100.0,,33.0,,,23.0,,,,,,,,,,,,,,,,,,, PF,CHI
Braxton Key,3,3.09,8,-2.4,-0.5,-2.9,0.0,100.0,100.0,,100.0,,100.0,,8.0,,,,,,,,,,,,,,,,,,, PF,DET
Alondes Williams,1,5.35,15,-2.5,-0.4,-2.9,0.0,,,,,,,,25.0,,100.0,,,,,,,,,,,,,,,,, SF,BKN
Micah Potter,3,4.81,5,-2.5,-0.4,-2.9,0.0,100.0,100.0,100.0,,,,8.0,12.0,20.0,,,,,,,,,,,,,,,,,, PF,UTA
Andre Iguodala,3,14.14,9,-3.5,0.5,-3.0,,88.0,88.0,100.0,,50.0,,3.0,13.0,14.0,56.0,1.1,1.8,,,,,,,,,,,,,,, PF,GSW
Deonte Burton,2,3.37,13,-2.6,-0.5,-3.0,,,,,,,,,,,,,,,,,,,,,,,,,,,, PF,SAC
Mfiondu Kabengele,2,7.01,10,-2.6,-0.5,-3.1,0.0,50.0,50.0,100.0,,,,33.0,17.0,,33.0,,,,,,,,,,,,,,,,, C,BOS
Chima Moneke,2,4.08,25,-2.6,-0.5,-3.1,0.0,33.0,50.0,50.0,,,,29.0,,25.0,40.0,,,,,,,,,,,,,,,,, SF,SAC
Julian Champagnie,2,3.37,13,-2.7,-0.5,-3.2,0.0,,,,,,,,,,,8.3,,,,,,,,,,,,,,,, SF,PHI
Dereon Seabron,5,2.31,16,-2.8,-0.6,-3.4,0.0,40.0,40.0,67.0,,,,8.0,,,,,,,,,,,,,,,,,,,, SF,NOP
Alize Johnson,4,7.43,14,-3.5,0.1,-3.4,0.0,50.0,50.0,75.0,,,50.0,8.0,22.0,4.0,36.0,1.6,,,,,,,,,,,,,,,, SG,SAS
Tony Bradley,12,2.83,17,-2.3,-1.1,-3.4,0.0,68.0,63.0,60.0,,60.0,100.0,3.0,30.0,4.0,7.0,1.2,3.1,,,,,,,,,,,,,,, C,CHI
Jared Rhoden,1,12.01,10,-2.8,-0.7,-3.5,0.0,33.0,33.0,,50.0,,,,14.0,,,,,,,,,,,,,,,,,,, PF,DET
Neemias Queta,4,6.12,15,-2.5,-1.0,-3.5,0.0,67.0,75.0,75.0,,,,16.0,25.0,8.0,10.0,,3.1,,,,,,,,,,,,,,, C,SAC
Scotty Pippen Jr.,6,5.33,23,-3.3,-0.3,-3.6,0.0,44.0,38.0,50.0,,33.0,56.0,6.0,7.0,13.0,11.0,3.1,2.6,,,,,,,,,,,,,,, PG,LAL
Kendall Brown,6,6.74,9,-3.4,-0.2,-3.6,0.0,56.0,57.0,60.0,100.0,,50.0,6.0,11.0,9.0,20.0,4.0,,,,,,,,,,,,,,,, SF,IND
Isaiah Todd,4,3.11,13,-3.1,-0.6,-3.6,0.0,25.0,25.0,,100.0,,,,,,,,,,,,,,,,,,,,,,, SF,WAS
Trevor Hudgins,4,6.73,18,-2.8,-1.0,-3.8,0.0,45.0,33.0,,,25.0,100.0,,,19.0,9.0,,,,,,,,,,,,,,,,, PG,HOU
Isaiah Mobley,8,3.33,14,-2.9,-1.0,-3.9,0.0,56.0,56.0,67.0,33.0,50.0,,6.0,29.0,,,1.8,,,,,,,,,,,,,,,, PF,CLE
Sterling Brown,4,6.12,6,-3.5,-0.4,-4.0,0.0,,,,,,,10.0,17.0,8.0,,5.0,,,,,,,,,,,,,,,, PF,LAL
JD Davison,6,2.31,27,-3.4,-0.6,-4.0,0.0,25.0,25.0,100.0,25.0,,,,15.0,13.0,11.0,3.5,,,,,,,,,,,,,,,, SG,BOS
John Butler Jr.,8,3.23,6,-3.6,-0.4,-4.1,0.0,25.0,25.0,100.0,,,,4.0,5.0,6.0,,,7.4,,,,,,,,,,,,,,, PF,POR
Cole Swider,6,6.74,9,-2.8,-1.3,-4.1,0.0,50.0,50.0,,,38.0,,3.0,21.0,11.0,,,,,,,,,,,,,,,,,, C,LAL
Alex Len,13,3.55,13,-3.3,-1.1,-4.3,0.0,54.0,50.0,75.0,40.0,,75.0,10.0,22.0,15.0,25.0,,,,,,,,,,,,,,,,, C,SAC
Kenneth Lofton Jr.,8,3.93,28,-3.4,-0.9,-4.4,0.0,43.0,39.0,78.0,,,60.0,3.0,17.0,33.0,9.0,,,,,,,,,,,,,,,,, C,MEM
Vernon Carey Jr.,11,2.63,14,-3.7,-0.8,-4.5,0.0,33.0,25.0,40.0,,,100.0,9.0,32.0,21.0,18.0,3.2,7.7,,,,,,,,,,,,,,, C,WAS
Carlik Jones,2,11.42,15,-3.7,-0.8,-4.5,0.0,21.0,20.0,50.0,,,25.0,4.0,9.0,11.0,13.0,,,,,,,,,,,,,,,,, PG,CHI
Peyton Watson,12,3.24,20,-3.3,-1.4,-4.8,0.0,53.0,56.0,67.0,33.0,50.0,,8.0,18.0,5.0,10.0,,2.4,,,,,,,,,,,,,,, SF,DEN
Vince Williams Jr.,9,5.45,11,-4.5,-0.4,-4.9,-0.1,27.0,27.0,50.0,,11.0,,3.0,15.0,11.0,7.0,3.8,2.0,,,,,,,,,,,,,,, SG,MEM
Ryan Arcidiacono,13,2.74,9,-4.5,-0.8,-5.2,-0.1,25.0,25.0,,,25.0,,,13.0,9.0,25.0,2.6,,,,,,,,,,,,,,,, SG,POR
Tyrese Martin,13,3.54,17,-3.7,-1.7,-5.4,-0.1,44.0,41.0,50.0,40.0,20.0,100.0,4.0,13.0,,6.0,1.1,,,,,,,,,,,,,,,, SF,ATL
Udonis Haslem,6,7.65,12,-5.2,-0.2,-5.5,-0.1,12.0,8.0,,17.0,,50.0,8.0,13.0,,,1.0,2.2,,,,,,,,,,,,,,, C,MIA
Jack White,14,3.14,14,-4.1,-1.5,-5.5,-0.1,43.0,39.0,57.0,,17.0,100.0,7.0,13.0,,7.0,1.1,5.3,,,,,,,,,,,,,,, PF,DEN
Ish Smith,30,10.43,18,-5.01,-3.01,-8.0,-1.11,43.0,43.0,56.0,37.0,33.0,50.0,2.0,13.0,33.0,26.0,0.9,1.8,457.0,58.0,1.0,2.0,21.0,21.0,,,11.0,48.0,97.0,2.0,17.0,64.0, PG,DEN
