Player,Team,GP,W,L,MIN,PTS,TOUCHES,Front CT Touches,Time Of Poss,Avg Sec Per Touch,Avg Drib Per Touch,PTS Per Touch,Elbow Touches,Post Ups,Paint Touches,PTS Per Elbow Touch,PTS Per Post Touch,PTS Per Paint Touch
A.J. Lawson,DAL,13,5,8,63,34,63,42,2,1.39,0.62,0.54,0,0,2,0.0,0.0,2.0
AJ Green,MIL,29,23,6,284,139,363,222,16,2.62,1.86,0.383,3,0,10,0.0,0.0,0.8
AJ Griffin,ATL,58,27,31,1169,527,1261,859,43,2.05,1.47,0.418,27,1,37,0.852,2.0,1.0
Aaron Gordon,DEN,51,37,14,1533,865,2168,1199,106,2.94,2.12,0.399,94,116,348,0.479,0.75,1.19
Aaron Holiday,ATL,51,27,24,727,211,1058,427,71,4.03,3.65,0.199,7,0,21,0.286,0.0,0.571
Aaron Nesmith,IND,56,24,32,1374,548,1935,1131,52,1.62,0.76,0.283,22,0,59,0.909,0.0,0.881
Aaron Wiggins,OKC,50,25,25,941,324,1090,701,35,1.93,1.3,0.297,29,2,103,0.345,1.0,0.796
Admiral Schofield,ORL,29,11,18,358,126,549,255,16,1.7,0.8,0.23,13,0,28,0.615,0.0,0.821
Al Horford,BOS,49,35,14,1507,475,2278,1252,59,1.55,0.47,0.209,59,51,140,0.322,0.353,0.543
Alec Burks,DET,49,12,37,1079,633,1689,1033,86,3.06,2.37,0.375,16,15,17,0.625,0.533,0.529
Aleksej Pokusevski,OKC,31,15,16,677,273,1375,749,37,1.6,0.75,0.199,51,0,105,0.608,0.0,0.724
Alex Caruso,CHI,52,22,30,1260,292,2378,979,106,2.66,1.92,0.123,43,1,66,0.186,0.0,0.561
Alex Len,SAC,14,9,5,48,13,86,48,2,1.51,0.41,0.151,18,0,12,0.333,0.0,0.75
Alize Johnson,SAS,4,1,3,30,7,46,22,2,2.7,1.98,0.152,0,1,4,0.0,0.0,0.0
Alondes Williams,BKN,1,1,0,5,0,9,3,0,2.72,2.0,0.0,0,0,0,0.0,0.0,0.0
Alperen Sengun,HOU,57,10,47,1607,842,3088,2149,125,2.43,1.25,0.273,300,252,410,0.553,0.504,0.763
Amir Coffey,LAC,41,21,20,571,161,622,453,26,2.53,1.71,0.259,6,0,12,0.167,0.0,0.333
Andre Drummond,CHI,50,22,28,652,317,912,573,22,1.42,0.47,0.348,87,22,236,0.644,0.5,0.945
Andre Iguodala,GSW,2,0,2,24,2,42,21,1,1.81,0.62,0.048,2,0,2,0.0,0.0,1.0
Andrew Nembhard,IND,56,25,31,1514,449,2440,1276,137,3.36,3.03,0.184,26,3,35,0.462,0.0,0.543
Andrew Wiggins,GSW,36,18,18,1163,617,1663,1138,63,2.28,1.48,0.371,26,62,118,0.808,0.581,0.992
Anfernee Simons,POR,57,27,30,2010,1200,3899,1873,310,4.77,4.18,0.308,16,0,33,1.188,0.0,0.909
Anthony Davis,LAL,38,18,20,1266,980,2565,1400,88,2.06,0.83,0.382,187,201,426,0.727,0.731,1.192
Anthony Edwards,MIN,64,32,32,2327,1577,4656,2347,312,4.02,3.5,0.339,32,38,58,0.656,0.684,0.862
Anthony Gill,WAS,42,17,25,419,132,418,276,12,1.66,0.64,0.316,20,0,50,0.6,0.0,1.28
Anthony Lamb,GSW,46,25,21,910,316,1550,830,47,1.8,0.94,0.204,32,16,85,0.344,0.0,0.553
Austin Reaves,LAL,45,22,23,1242,491,1634,896,84,3.07,2.51,0.3,27,0,47,0.444,0.0,0.617
Austin Rivers,MIN,49,24,25,1002,255,1169,683,59,3.0,2.37,0.218,4,0,7,1.0,0.0,0.571
Ayo Dosunmu,CHI,60,28,32,1676,551,2861,1086,166,3.49,3.18,0.193,14,0,42,1.0,0.0,1.048
Bam Adebayo,MIA,58,30,28,2027,1231,3704,2155,176,2.85,1.61,0.332,412,154,461,0.697,0.63,0.9
Ben Simmons,BKN,42,24,18,1105,291,2577,903,147,3.42,2.35,0.113,96,45,169,0.344,0.444,0.846
Bennedict Mathurin,IND,63,28,35,1778,1077,2638,1799,109,2.48,1.69,0.408,76,6,116,0.908,0.333,0.983
Bismack Biyombo,PHX,46,25,21,642,174,1061,625,28,1.59,0.49,0.164,117,40,207,0.35,0.325,0.662
Blake Griffin,BOS,27,17,10,380,128,555,339,16,1.68,0.68,0.231,31,14,57,0.581,0.571,0.825
Blake Wesley,SAS,17,3,14,251,83,487,162,39,4.85,4.45,0.17,7,0,11,0.429,0.0,0.364
Boban Marjanovic,HOU,22,1,21,98,74,129,88,5,2.18,0.92,0.574,11,29,28,1.364,1.138,1.571
Bobby Portis,MIL,51,34,17,1334,712,2618,1332,78,1.78,0.74,0.272,76,161,232,0.592,0.627,0.884
Bogdan Bogdanovic,ATL,37,18,19,1085,543,1575,963,73,2.79,2.02,0.345,27,4,21,0.444,0.5,0.571
Bojan Bogdanovic,DET,58,15,43,1858,1248,2701,1913,134,2.97,2.15,0.462,44,60,49,0.955,0.483,0.816
Bol Bol,ORL,58,23,35,1315,574,1395,787,54,2.33,1.58,0.411,24,10,120,1.125,0.6,1.417
Bones Hyland,LAC,45,30,15,867,533,2073,880,167,4.83,4.13,0.257,10,0,17,0.6,0.0,0.471
Bradley Beal,WAS,39,21,18,1290,901,2591,1544,188,4.36,3.91,0.348,78,25,67,0.603,0.32,0.94
Brandon Boston Jr.,LAC,21,8,13,247,143,427,243,21,2.94,2.6,0.335,2,3,10,1.0,0.667,0.5
Brandon Clarke,MEM,55,32,23,1088,557,1586,992,40,1.52,0.65,0.351,237,9,304,0.561,0.444,1.095
Brandon Ingram,NOP,28,13,15,920,658,1839,1075,122,3.98,3.0,0.358,46,45,24,0.87,0.733,0.833
Braxton Key,DET,3,0,3,9,4,10,4,0,1.56,1.0,0.4,0,0,0,0.0,0.0,0.0
Brook Lopez,MIL,61,44,17,1847,898,2061,1394,49,1.42,0.41,0.436,142,115,331,0.451,1.009,1.082
Bruce Brown,DEN,62,44,18,1773,691,3242,1567,182,3.37,2.71,0.213,53,4,111,0.906,1.0,0.892
Bruno Fernando,ATL,33,10,23,370,130,663,390,16,1.4,0.49,0.196,49,6,122,0.347,0.667,0.828
Bryce McGowens,CHA,28,9,19,402,109,421,263,16,2.3,1.39,0.259,1,0,14,0.0,0.0,0.714
Bryn Forbes,MIN,25,9,16,268,89,297,223,10,2.06,1.31,0.3,1,0,3,0.0,0.0,1.0
Buddy Boeheim,DET,1,0,1,1,0,0,0,0,0.0,0.0,0.0,0,0,0,0.0,0.0,0.0
Buddy Hield,IND,63,28,35,2017,1089,3781,2216,128,2.03,1.35,0.288,23,0,54,0.522,0.0,0.759
CJ McCollum,NOP,56,27,29,1962,1177,4196,1819,306,4.37,3.91,0.281,47,3,33,0.702,0.0,0.606
Cade Cunningham,DET,12,3,9,400,239,939,298,84,5.37,4.99,0.255,4,5,11,1.0,0.6,0.909
Caleb Houstan,ORL,35,12,23,553,144,468,271,11,1.36,0.42,0.308,2,0,26,0.0,0.0,0.769
Caleb Martin,MIA,53,27,26,1588,529,2072,1177,85,2.46,1.57,0.255,32,4,124,0.75,0.0,0.645
Cam Reddish,POR,27,11,16,627,256,639,455,27,2.52,1.58,0.401,19,0,21,0.737,0.0,1.048
Cam Thomas,BKN,45,25,20,785,505,1384,640,112,4.85,4.29,0.365,18,0,11,1.0,0.0,1.273
Cameron Johnson,BKN,24,14,10,632,369,866,539,29,2.02,1.36,0.426,13,0,24,0.769,0.0,1.167
Cameron Payne,PHX,31,17,14,710,361,1723,594,146,5.08,4.48,0.21,2,0,9,0.0,0.0,0.889
Caris LeVert,CLE,59,34,25,1772,682,2852,1680,173,3.64,3.05,0.239,35,3,63,0.514,0.0,0.54
Carlik Jones,CHI,1,0,1,22,1,35,18,2,3.85,3.31,0.029,0,0,1,0.0,0.0,0.0
Cedi Osman,CLE,61,37,24,1266,533,1809,1252,72,2.4,1.59,0.295,21,2,47,0.952,0.0,0.83
Charles Bassey,SAS,29,6,23,409,151,696,393,18,1.51,0.43,0.217,45,12,133,0.4,0.667,0.97
Chima Moneke,SAC,2,1,1,8,2,13,10,0,1.12,0.54,0.154,1,0,3,0.0,0.0,0.667
Chimezie Metu,SAC,48,29,19,535,240,790,455,22,1.69,0.71,0.304,64,14,144,0.422,0.643,1.09
Chris Boucher,TOR,57,29,28,1177,551,1384,739,39,1.68,0.6,0.398,27,4,241,0.778,0.0,1.029
Chris Duarte,IND,39,16,23,731,297,1085,715,41,2.27,1.62,0.274,11,0,19,0.727,0.0,0.842
Chris Paul,PHX,42,22,20,1351,569,3170,1133,304,5.75,4.93,0.179,13,10,11,0.077,0.4,0.455
Chris Silva,DAL,1,1,0,3,2,4,1,0,2.21,1.0,0.5,0,1,0,0.0,2.0,0.0
Christian Braun,DEN,58,41,17,869,253,982,592,34,2.08,1.19,0.258,17,0,55,0.706,0.0,0.636
Christian Koloko,TOR,46,21,25,663,158,699,454,14,1.19,0.27,0.226,41,2,152,0.415,0.0,0.842
Christian Wood,DAL,51,27,24,1389,894,2470,1392,91,2.22,1.01,0.362,113,113,227,0.681,0.726,1.018
Chuma Okeke,ORL,20,5,15,409,101,481,231,16,2.04,1.24,0.21,3,1,16,0.667,1.0,0.438
Clint Capela,ATL,46,25,21,1232,552,1701,838,37,1.29,0.26,0.325,118,25,476,0.525,0.56,1.025
Coby White,CHI,54,25,29,1215,482,1900,957,98,3.09,2.41,0.254,2,0,10,1.0,0.0,0.7
Cody Martin,CHA,7,2,5,134,35,150,93,6,2.56,1.66,0.233,1,0,8,0.0,0.0,0.5
Cody Zeller,MIA,4,1,3,62,24,91,60,3,1.7,0.67,0.264,12,0,15,0.5,0.0,0.933
Cole Anthony,ORL,43,20,23,1071,522,2288,787,186,4.88,4.29,0.228,13,0,39,0.692,0.0,0.872
Cole Swider,LAL,6,1,5,40,9,55,30,1,1.57,0.62,0.164,0,0,2,0.0,0.0,0.0
Collin Sexton,UTA,47,24,23,1129,670,2168,908,176,4.86,4.33,0.309,19,0,58,0.526,0.0,0.862
Corey Kispert,WAS,53,25,28,1427,493,1601,981,39,1.44,0.59,0.308,24,0,52,0.792,0.0,0.846
Cory Joseph,DET,44,10,34,712,206,1500,502,127,5.09,5.24,0.137,5,2,7,0.4,0.0,0.571
D'Angelo Russell,LAL,58,30,28,1877,1021,4733,2043,319,4.04,3.37,0.216,34,9,46,0.765,0.667,0.717
Daishen Nix,HOU,45,11,34,730,191,1667,675,126,4.53,4.38,0.115,4,0,10,1.0,0.0,0.9
Dalano Banton,TOR,27,14,13,251,120,562,259,36,3.81,2.89,0.214,4,0,20,1.0,0.0,1.3
Dalen Terry,CHI,24,12,12,126,44,188,100,8,2.53,1.85,0.234,2,0,10,0.0,0.0,0.4
Damian Jones,UTA,24,7,17,197,62,235,130,5,1.3,0.32,0.264,24,2,57,0.167,1.0,0.912
Damian Lillard,POR,49,24,25,1778,1582,4294,1861,364,5.09,4.5,0.368,19,7,30,0.684,1.0,0.533
Damion Lee,PHX,63,34,29,1368,541,1898,1135,74,2.33,1.6,0.285,19,0,29,0.632,0.0,0.621
Daniel Gafford,WAS,59,27,32,1127,500,1592,871,38,1.45,0.32,0.314,117,24,308,0.675,0.708,1.192
Daniel Theis,IND,7,1,6,109,49,166,126,4,1.51,0.39,0.295,15,1,24,0.8,0.0,0.917
Danny Green,CLE,6,2,4,72,19,101,58,3,1.72,0.88,0.188,1,0,0,0.0,0.0,0.0
Danuel House Jr.,PHI,38,25,13,563,168,640,344,22,2.09,1.21,0.263,6,0,17,1.167,0.0,1.235
Dario Saric,OKC,43,18,25,621,273,1005,600,30,1.76,0.89,0.272,30,27,83,0.567,0.741,0.916
Darius Bazley,PHX,36,16,20,555,196,859,410,29,2.0,1.14,0.228,31,7,75,0.71,0.429,0.733
Darius Days,HOU,4,0,4,25,15,43,22,1,1.19,0.14,0.349,0,0,0,0.0,0.0,0.0
Darius Garland,CLE,55,29,26,1937,1211,4264,1609,413,5.81,5.5,0.284,31,2,28,0.645,1.0,0.571
David Duke Jr.,BKN,17,7,10,146,49,196,95,13,3.87,3.4,0.25,1,0,7,0.0,0.0,0.571
David Roddy,MEM,49,31,18,836,300,938,584,32,2.02,1.17,0.32,19,2,41,0.526,1.5,1.122
Davion Mitchell,SAC,60,35,25,1083,340,2078,750,155,4.48,4.38,0.164,8,0,27,0.5,0.0,0.778
Davis Bertans,DAL,34,17,17,360,141,429,261,8,1.14,0.36,0.329,7,0,8,0.571,0.0,0.5
Davon Reed,LAL,39,25,14,335,87,617,303,28,2.76,2.04,0.141,5,3,14,0.0,0.0,0.286
Day'Ron Sharpe,BKN,35,16,19,372,137,592,351,18,1.77,0.67,0.231,42,13,115,0.524,0.231,0.774
De'Aaron Fox,SAC,55,34,21,1877,1397,4397,1373,368,5.03,4.68,0.318,21,6,38,0.667,0.667,0.974
De'Andre Hunter,ATL,52,29,23,1651,811,1990,1223,75,2.26,1.41,0.408,49,22,60,0.959,1.136,0.95
De'Anthony Melton,PHI,58,38,20,1638,598,2911,1470,131,2.7,1.94,0.205,34,0,72,0.5,0.0,0.431
DeAndre Jordan,DEN,34,21,13,498,167,651,378,14,1.3,0.23,0.257,83,7,130,0.084,0.571,1.131
DeMar DeRozan,CHI,56,27,29,2022,1398,3394,2061,258,4.56,3.67,0.412,80,150,31,0.713,0.807,0.677
Dean Wade,CLE,35,23,12,728,177,813,469,23,1.68,0.52,0.218,10,0,22,0.4,0.0,0.955
Deandre Ayton,PHX,54,26,28,1639,1008,2890,1597,81,1.67,0.49,0.349,294,236,627,0.803,0.72,1.008
Dejounte Murray,ATL,57,29,28,2075,1188,4141,1657,338,4.9,4.44,0.287,35,7,62,0.343,0.429,0.774
Delon Wright,WAS,32,20,12,733,218,1445,579,118,4.9,4.4,0.151,13,0,34,0.615,0.0,0.588
Deni Avdija,WAS,59,28,31,1557,531,2564,1261,115,2.7,1.94,0.207,48,5,127,0.646,0.4,0.701
Dennis Schroder,LAL,50,26,24,1511,622,2704,1137,207,4.59,4.02,0.23,12,0,15,0.5,0.0,0.533
Dennis Smith Jr.,CHA,42,14,28,1063,357,2127,903,147,4.14,3.74,0.168,16,1,41,0.813,2.0,0.805
Deonte Burton,SAC,2,1,1,7,0,4,3,0,1.1,0.25,0.0,0,0,0,0.0,0.0,0.0
Dereon Seabron,NOP,5,2,3,12,4,14,8,1,3.24,2.57,0.286,0,0,1,0.0,0.0,2.0
Derrick Jones Jr.,CHI,47,19,28,689,236,909,481,19,1.28,0.38,0.26,33,3,108,0.818,0.667,0.898
Derrick Rose,NYK,27,12,15,338,152,725,289,51,4.25,3.86,0.21,6,0,11,0.667,0.0,1.0
Derrick White,BOS,63,45,18,1743,746,2906,1242,196,4.04,3.42,0.257,34,3,68,0.588,0.0,0.618
Desmond Bane,MEM,39,25,14,1209,833,2359,1321,110,2.8,2.01,0.353,30,0,35,1.1,0.0,1.0
Devin Booker,PHX,36,23,13,1225,963,2277,1315,188,4.95,4.26,0.423,39,36,59,0.718,0.917,0.847
Devin Vassell,SAS,29,8,21,907,563,1573,996,87,3.33,2.4,0.358,19,0,18,1.211,0.0,0.944
Devon Dotson,WAS,6,1,5,53,3,98,54,7,4.11,3.65,0.031,3,0,3,0.0,0.0,0.0
Devonte' Graham,SAS,60,28,32,1004,374,1921,935,108,3.36,2.7,0.195,10,0,11,0.4,0.0,0.545
Dewayne Dedmon,PHI,30,17,13,350,171,592,321,17,1.67,0.45,0.289,48,14,86,0.917,0.714,0.919
Dillon Brooks,MEM,56,35,21,1695,813,2329,1531,106,2.73,1.85,0.349,25,12,47,0.64,0.667,0.936
Domantas Sabonis,SAC,59,35,24,2035,1108,4858,2825,196,2.41,1.39,0.228,510,274,568,0.596,0.464,0.886
Dominick Barlow,SAS,11,0,11,111,37,134,88,4,1.59,0.66,0.276,13,1,30,0.462,0.0,0.667
Donovan Mitchell,CLE,54,34,20,1919,1485,3708,1739,311,5.04,4.55,0.4,45,0,53,0.978,0.0,0.962
Donte DiVincenzo,GSW,51,29,22,1314,470,2460,1185,111,2.7,2.13,0.191,34,1,71,0.324,0.0,0.592
Dorian Finney-Smith,BKN,48,21,27,1512,414,1863,1085,48,1.54,0.64,0.222,29,1,93,0.379,0.0,0.796
Doug McDermott,SAS,53,15,38,1092,523,1480,1068,41,1.67,0.79,0.353,12,1,49,1.25,2.0,0.98
Draymond Green,GSW,53,28,25,1674,436,3888,2127,119,1.84,0.91,0.112,143,59,145,0.462,0.136,0.6
Drew Eubanks,POR,60,27,33,1182,356,1571,858,42,1.61,0.45,0.227,126,19,235,0.619,0.526,0.885
Dru Smith,BKN,9,4,5,101,25,174,60,13,4.43,4.46,0.144,2,0,4,1.0,0.0,0.5
Duane Washington Jr.,NYK,31,17,14,394,244,929,378,77,5.0,4.68,0.263,2,0,2,0.0,0.0,0.0
Duncan Robinson,MIA,32,14,18,555,206,773,542,22,1.71,0.8,0.266,6,0,13,0.833,0.0,1.0
Dwight Powell,DAL,58,31,27,1149,398,1466,804,38,1.54,0.53,0.271,116,7,339,0.448,0.857,0.956
Dyson Daniels,NOP,41,22,19,792,178,1203,589,59,2.96,2.2,0.148,6,1,37,0.333,0.0,0.757
Edmond Sumner,BKN,46,28,18,668,342,1131,524,75,3.96,3.48,0.302,11,0,29,0.727,0.0,1.069
Eric Gordon,LAC,52,14,38,1519,643,2100,1262,128,3.66,3.1,0.306,12,1,19,0.333,2.0,1.158
Eugene Omoruyi,OKC,23,9,14,272,113,318,208,8,1.44,0.63,0.355,12,0,54,0.417,0.0,0.833
Evan Fournier,NYK,23,13,10,414,157,542,385,22,2.46,1.83,0.29,1,0,4,0.0,0.0,1.0
Evan Mobley,CLE,63,37,26,2156,1002,3691,1921,121,1.97,0.77,0.271,260,132,515,0.619,0.561,0.948
Facundo Campazzo,DAL,8,2,6,52,10,119,59,7,3.57,3.26,0.084,0,0,1,0.0,0.0,0.0
Frank Kaminsky,HOU,31,11,20,208,77,426,266,13,1.75,0.69,0.181,8,6,25,0.25,1.0,0.72
Frank Ntilikina,DAL,38,18,20,464,93,632,293,32,3.04,2.47,0.147,2,1,7,0.0,0.0,0.286
Franz Wagner,ORL,62,25,37,2055,1167,3357,2019,210,3.75,3.14,0.348,44,20,123,0.727,0.8,0.959
Fred VanVleet,TOR,51,25,26,1882,988,4307,1908,323,4.5,4.1,0.229,8,1,13,0.75,1.0,0.923
Furkan Korkmaz,PHI,25,17,8,255,95,382,259,17,2.73,2.1,0.249,6,1,9,1.0,0.0,1.333
Gabe Vincent,MIA,49,26,23,1291,474,2164,1030,141,3.92,3.23,0.219,10,2,21,0.6,1.0,0.762
Garrett Temple,NOP,19,11,8,133,42,174,105,6,1.93,1.28,0.241,2,0,3,0.0,0.0,0.667
Garrison Mathews,ATL,47,13,34,608,217,660,426,15,1.33,0.41,0.329,4,0,6,0.0,0.0,1.167
Gary Harris,ORL,34,14,20,839,286,731,536,26,2.16,1.6,0.391,3,0,20,0.667,0.0,0.8
Gary Payton II,GSW,15,8,7,255,61,345,187,10,1.67,0.72,0.177,10,2,27,0.2,1.0,0.741
Gary Trent Jr.,TOR,54,26,28,1810,995,2187,1708,89,2.43,1.86,0.455,23,0,35,1.087,0.0,1.086
George Hill,IND,36,24,12,677,175,1193,463,89,4.47,3.97,0.147,12,0,22,0.417,0.0,0.5
Georges Niang,PHI,58,38,20,1125,492,1709,923,38,1.33,0.46,0.288,5,1,24,0.4,0.0,1.292
Giannis Antetokounmpo,MIL,50,38,12,1617,1564,3956,1854,268,4.07,2.98,0.395,206,226,248,0.558,0.46,1.093
Goga Bitadze,ORL,23,8,15,216,78,330,217,8,1.48,0.58,0.236,18,7,64,0.5,0.429,0.719
Goran Dragic,CHI,50,22,28,773,323,1722,674,120,4.19,3.65,0.188,6,4,10,1.0,0.75,0.8
Gordon Hayward,CHA,38,15,23,1190,555,1840,1334,88,2.85,1.87,0.302,63,19,81,0.619,0.316,0.778
Gorgui Dieng,SAS,21,2,19,201,65,369,266,11,1.83,0.62,0.176,15,7,28,0.133,0.0,0.643
Grant Williams,BOS,61,44,17,1668,515,1925,1045,57,1.77,0.76,0.268,36,6,103,0.333,0.333,0.709
Grayson Allen,MIL,58,43,15,1601,609,2106,1412,86,2.44,1.47,0.289,19,0,48,0.526,0.0,0.542
Greg Brown III,POR,16,10,6,93,28,85,54,3,2.31,1.33,0.329,1,0,5,2.0,0.0,0.8
Hamidou Diallo,DET,53,12,41,921,482,1419,690,55,2.32,1.66,0.34,56,7,100,1.196,0.0,1.24
Harrison Barnes,SAC,61,36,25,1995,912,2893,1845,104,2.16,1.11,0.315,44,41,118,0.818,0.976,1.008
Haywood Highsmith,MIA,45,23,22,856,209,949,548,27,1.7,0.9,0.22,28,2,89,0.25,0.0,0.506
Herbert Jones,NOP,47,20,27,1347,440,1954,1075,68,2.08,1.04,0.225,35,3,87,0.486,1.0,0.816
Immanuel Quickley,NYK,63,37,26,1746,814,2970,1498,215,4.34,3.71,0.274,18,1,28,0.5,0.0,0.607
Isaac Okoro,CLE,65,39,26,1374,411,1292,820,42,1.95,1.05,0.318,20,1,68,0.7,2.0,0.853
Isaiah Hartenstein,NYK,64,37,27,1256,328,1892,898,43,1.35,0.24,0.173,111,12,334,0.405,0.75,0.704
Isaiah Jackson,IND,45,17,28,689,306,965,617,22,1.35,0.42,0.317,78,14,223,0.538,0.643,0.955
Isaiah Joe,OKC,54,25,29,907,489,1172,737,39,1.98,1.33,0.417,16,0,19,0.625,0.0,0.789
Isaiah Livers,DET,39,9,30,819,216,914,550,28,1.84,0.83,0.236,8,1,14,0.75,2.0,0.714
Isaiah Mobley,CLE,8,5,3,26,9,41,17,2,2.31,1.2,0.22,0,1,1,0.0,2.0,2.0
Isaiah Roby,SAS,41,9,32,464,168,770,424,26,1.99,0.99,0.218,21,7,37,0.619,0.714,0.811
Isaiah Stewart,DET,49,12,37,1384,560,1923,1088,54,1.7,0.71,0.291,74,38,231,0.784,0.421,0.805
Isaiah Todd,WAS,4,2,2,13,2,17,10,1,1.81,0.59,0.118,0,0,0,0.0,0.0,0.0
Ish Smith,DEN,31,20,11,315,87,744,283,62,5.0,4.86,0.117,5,0,9,0.0,0.0,0.444
Ish Wainright,PHX,45,24,21,693,194,703,464,18,1.52,0.73,0.276,2,0,30,0.0,0.0,0.733
Ivica Zubac,LAC,60,32,28,1762,614,2564,1262,64,1.5,0.45,0.239,233,109,534,0.511,0.826,0.904
JD Davison,BOS,6,5,1,14,4,19,11,1,3.28,2.95,0.211,1,0,0,2.0,0.0,0.0
JT Thor,CHA,51,15,36,591,130,757,379,19,1.49,0.53,0.172,13,2,43,0.154,0.0,0.814
Ja Morant,MEM,52,34,18,1689,1409,4108,1396,404,5.9,5.13,0.343,24,8,77,0.458,0.0,0.935
JaMychal Green,GSW,42,22,20,606,262,968,610,21,1.28,0.34,0.271,47,19,132,0.426,0.263,0.939
JaVale McGee,DAL,36,17,19,293,147,419,228,10,1.49,0.46,0.351,38,14,113,0.658,0.571,0.903
Jabari Smith Jr.,HOU,59,12,47,1772,694,2701,1356,87,1.93,1.0,0.257,75,46,134,0.693,0.587,1.0
Jabari Walker,POR,41,20,21,368,112,415,233,12,1.76,0.73,0.27,15,5,57,1.133,0.4,0.877
Jack White,DEN,15,12,3,47,19,71,39,2,1.75,0.77,0.268,2,0,9,0.0,0.0,0.444
Jaden Hardy,DAL,32,16,16,371,205,588,304,36,3.68,3.35,0.349,4,0,6,0.0,0.0,0.667
Jaden Ivey,DET,57,15,42,1714,875,3114,1221,250,4.81,4.44,0.281,46,3,88,0.652,0.0,0.705
Jaden McDaniels,MIN,61,31,30,1868,705,2382,1397,73,1.84,1.14,0.296,40,15,157,0.55,0.533,0.873
Jaden Springer,PHI,7,7,0,26,17,28,17,2,4.41,3.29,0.607,1,0,5,0.0,0.0,1.6
Jae Crowder,MIL,4,4,0,77,24,117,54,3,1.44,0.5,0.205,1,0,1,0.0,0.0,0.0
Jae'Sean Tate,HOU,23,3,20,492,196,942,499,55,3.51,2.61,0.208,13,29,56,0.385,0.552,0.732
Jake LaRavia,MEM,31,21,10,386,96,463,263,14,1.75,0.87,0.207,4,2,18,1.25,1.0,0.389
Jakob Poeltl,TOR,52,16,36,1363,647,2788,1624,79,1.69,0.56,0.232,352,107,423,0.469,0.664,0.853
Jalen Brunson,NYK,60,35,25,2111,1430,5087,1774,512,6.03,5.67,0.281,11,56,20,0.455,0.571,0.5
Jalen Duren,DET,51,14,37,1287,432,1784,823,47,1.57,0.48,0.242,95,40,387,0.505,0.55,0.91
Jalen Green,HOU,56,11,45,1881,1213,3668,1916,267,4.36,3.84,0.331,22,0,50,0.455,0.0,1.0
Jalen Johnson,ATL,57,29,28,817,294,1181,472,40,2.01,0.93,0.249,29,5,71,0.69,0.2,0.845
Jalen McDaniels,PHI,63,20,43,1603,625,2470,1329,85,2.07,1.24,0.253,26,5,106,0.692,0.0,1.142
Jalen Smith,IND,53,26,27,963,481,1567,926,36,1.39,0.45,0.307,67,21,198,0.716,0.524,0.98
Jalen Suggs,ORL,38,15,23,875,352,1717,689,111,3.87,3.21,0.205,8,4,55,0.875,1.0,0.655
Jalen Williams,OKC,58,26,32,1703,743,2570,1268,137,3.19,2.69,0.289,45,0,125,1.044,0.0,1.008
Jamal Cain,MIA,14,8,6,186,66,181,105,4,1.4,0.59,0.365,2,0,37,0.0,0.0,1.135
Jamal Murray,DEN,49,35,14,1595,987,3496,1692,276,4.74,4.12,0.282,55,32,63,0.709,0.688,0.81
Jamaree Bouyea,MIA,4,2,2,65,15,112,45,8,4.38,3.66,0.134,0,0,0,0.0,0.0,0.0
James Bouknight,CHA,26,5,21,354,111,471,298,23,2.89,2.13,0.236,2,0,6,1.0,0.0,0.333
James Harden,PHI,45,30,15,1650,973,4209,1539,386,5.51,4.75,0.231,13,17,26,0.538,0.882,0.538
James Johnson,IND,12,5,7,98,26,129,65,6,2.89,2.57,0.202,3,1,5,0.0,0.0,0.6
James Wiseman,DET,26,9,17,386,204,663,308,15,1.37,0.33,0.308,29,22,104,1.103,0.727,1.163
Jared Rhoden,DET,1,0,1,12,2,12,5,1,3.25,2.75,0.167,0,0,0,0.0,0.0,0.0
Jaren Jackson Jr.,MEM,44,28,16,1202,735,1682,966,53,1.9,0.93,0.437,47,103,172,0.766,0.816,1.186
Jarred Vanderbilt,LAL,59,30,29,1418,486,1948,1106,70,2.14,1.24,0.249,118,0,319,0.542,0.0,0.84
Jarrett Allen,CLE,58,36,22,1929,850,2534,1499,65,1.54,0.32,0.335,320,58,668,0.559,0.655,0.991
Jarrett Culver,ATL,10,5,5,137,44,205,109,7,2.12,1.14,0.215,1,0,12,0.0,0.0,1.0
Jason Preston,LAC,13,3,10,122,41,308,100,24,4.64,4.29,0.133,1,0,2,2.0,0.0,1.0
Javonte Green,CHI,28,11,17,449,164,664,333,14,1.24,0.43,0.247,14,0,51,1.071,0.0,1.294
Jaxson Hayes,NOP,36,16,20,483,185,570,352,13,1.38,0.53,0.325,30,4,89,0.9,0.0,1.022
Jaylen Brown,BOS,51,36,15,1824,1343,3239,1769,185,3.43,2.71,0.415,74,31,116,0.811,0.645,0.948
Jaylen Nowell,MIN,62,31,31,1207,676,2088,1159,114,3.28,2.95,0.324,16,0,45,1.438,0.0,1.044
Jaylin Williams,OKC,30,12,18,503,168,1007,557,25,1.47,0.4,0.167,39,2,76,0.487,0.0,0.553
Jayson Tatum,BOS,59,43,16,2202,1789,4451,2347,285,3.85,2.82,0.402,166,78,186,0.849,1.026,0.93
Jeff Dowtin Jr.,TOR,18,12,6,159,44,269,132,18,3.98,3.58,0.164,4,0,7,1.0,0.0,0.857
Jeff Green,DEN,39,25,14,757,315,1027,689,33,1.95,0.83,0.307,51,53,74,0.569,0.509,0.986
Jerami Grant,POR,57,26,31,2033,1186,3034,1881,126,2.48,1.42,0.391,52,159,108,0.5,0.428,1.019
Jeremiah Robinson-Earl,OKC,33,11,22,661,244,1003,554,19,1.16,0.39,0.243,25,0,109,0.52,0.0,0.67
Jeremy Sochan,SAS,49,12,37,1278,510,2102,1041,101,2.87,2.21,0.243,54,52,165,0.537,0.231,1.006
Jericho Sims,NYK,49,29,20,774,172,953,381,20,1.26,0.32,0.18,25,1,176,0.48,0.0,0.886
Jevon Carter,MIL,62,45,17,1402,474,2394,956,167,4.18,3.72,0.198,19,0,32,0.211,0.0,0.313
Jimmy Butler,MIA,48,25,23,1596,1045,2995,1768,217,4.34,3.17,0.349,91,122,281,0.516,0.451,0.847
Jock Landale,PHX,54,28,26,765,353,1276,837,32,1.5,0.48,0.277,119,81,266,0.361,0.815,0.861
Joe Harris,BKN,55,29,26,1265,448,1338,955,33,1.48,0.79,0.335,19,1,31,0.842,0.0,1.032
Joe Ingles,MIL,29,21,8,649,185,914,564,46,3.02,1.8,0.202,1,0,6,0.0,0.0,0.667
Joe Wieskamp,TOR,3,1,2,24,9,26,21,1,1.75,1.11,0.346,1,0,0,0.0,0.0,0.0
Joel Embiid,PHI,48,31,17,1683,1584,3488,2519,149,2.56,1.16,0.454,447,350,249,0.707,0.663,1.084
John Butler Jr.,POR,9,2,7,30,2,22,12,1,1.42,0.68,0.091,0,0,2,0.0,0.0,1.0
John Collins,ATL,52,27,25,1607,684,2314,1155,63,1.63,0.5,0.296,79,141,179,0.848,0.709,1.168
John Konchar,MEM,53,33,20,1157,302,1615,780,47,1.75,0.81,0.187,21,0,58,0.429,0.0,0.879
John Wall,LAC,34,15,19,755,386,1885,620,175,5.58,4.98,0.205,8,12,8,0.0,0.667,0.75
Johnny Davis,WAS,13,6,7,62,16,84,58,4,2.49,1.96,0.19,0,0,2,0.0,0.0,2.0
Johnny Juzang,UTA,1,0,1,15,3,19,12,1,2.0,1.37,0.158,0,0,1,0.0,0.0,0.0
Jonas Valanciunas,NOP,61,29,32,1517,868,3016,1851,89,1.77,0.58,0.288,190,272,388,0.595,0.651,1.149
Jonathan Isaac,ORL,11,8,3,124,55,215,110,6,1.69,0.7,0.256,8,8,26,0.25,0.5,0.808
Jonathan Kuminga,GSW,50,28,22,988,434,1606,929,66,2.46,1.57,0.27,45,72,95,0.711,0.375,0.874
Jordan Clarkson,UTA,60,30,30,1954,1253,3355,1899,233,4.17,3.51,0.373,40,14,84,0.85,0.571,0.857
Jordan Goodwin,WAS,42,16,26,759,259,1546,636,107,4.16,3.76,0.168,15,1,45,0.267,2.0,0.667
Jordan Hall,SAS,9,1,8,83,28,160,80,10,3.64,2.98,0.175,0,0,3,0.0,0.0,0.0
Jordan McLaughlin,MIN,27,14,13,413,98,943,325,63,3.98,3.59,0.104,6,0,12,0.333,0.0,0.667
Jordan Nwora,IND,43,29,14,692,276,967,607,37,2.28,1.51,0.285,16,1,29,0.563,0.0,0.828
Jordan Poole,GSW,61,31,30,1874,1265,4180,2094,284,4.08,3.67,0.303,49,1,62,0.98,2.0,0.677
Jordan Schakel,WAS,2,0,2,6,3,10,5,1,3.06,3.0,0.3,0,0,0,0.0,0.0,0.0
Jose Alvarado,NOP,61,30,31,1310,550,2809,1103,202,4.32,4.17,0.196,10,0,36,1.0,0.0,0.444
Josh Christopher,HOU,44,7,37,476,216,768,474,47,3.64,3.54,0.281,9,1,13,0.667,2.0,0.769
Josh Giddey,OKC,57,23,34,1751,920,4353,2115,248,3.42,2.74,0.211,67,12,169,0.672,0.0,0.899
Josh Green,DAL,43,21,22,1058,397,1370,727,60,2.63,1.91,0.29,29,0,62,0.862,0.0,0.339
Josh Hart,NYK,58,32,26,1888,574,2556,1322,113,2.66,2.05,0.225,40,3,106,0.3,0.667,0.642
Josh Minott,MIN,11,5,6,68,35,82,47,2,1.78,0.92,0.427,1,0,10,2.0,0.0,1.6
Josh Okogie,PHX,53,27,26,846,345,1096,656,45,2.47,1.71,0.315,19,0,82,0.368,0.0,0.634
Josh Richardson,NOP,47,13,34,1138,530,2119,1044,122,3.44,2.71,0.25,14,1,41,0.286,0.0,0.805
Joshua Primo,SAS,4,3,1,93,28,172,61,13,4.52,4.45,0.163,2,0,4,0.0,0.0,0.5
Jrue Holiday,MIL,51,39,12,1675,1008,3801,1348,318,5.03,4.55,0.265,45,49,120,0.311,0.571,0.692
Juan Toscano-Anderson,UTA,34,14,20,422,88,579,279,18,1.9,1.14,0.152,18,2,61,0.389,0.0,0.443
Juancho Hernangomez,TOR,42,20,22,613,122,715,386,17,1.41,0.51,0.171,15,6,48,0.2,0.667,0.854
Julian Champagnie,SAS,2,2,0,7,0,6,2,0,1.34,0.5,0.0,0,0,0,0.0,0.0,0.0
Julius Randle,NYK,64,37,27,2291,1603,4510,2789,225,3.0,1.9,0.355,142,219,213,0.669,0.557,1.066
Justin Champagnie,TOR,3,2,1,11,6,14,7,0,1.31,0.57,0.429,0,0,2,0.0,0.0,2.0
Justin Holiday,DAL,31,13,18,475,147,548,363,15,1.59,0.71,0.268,8,0,17,0.25,0.0,0.353
Justin Jackson,BOS,23,15,8,107,20,118,69,4,1.77,1.1,0.169,1,0,2,2.0,0.0,1.5
Justise Winslow,POR,29,15,14,776,196,1520,660,90,3.57,2.83,0.129,24,8,93,0.5,0.25,0.742
Jusuf Nurkic,POR,45,23,22,1226,619,2488,1453,69,1.65,0.59,0.249,153,215,258,0.562,0.591,0.919
KZ Okpala,SAC,35,19,16,248,46,244,172,7,1.72,0.79,0.189,1,0,16,0.0,0.0,0.75
Kai Jones,CHA,30,8,22,271,81,297,172,9,1.78,0.79,0.273,1,2,34,0.0,1.0,1.029
Karl-Anthony Towns,MIN,21,10,11,709,436,1296,920,46,2.14,0.77,0.336,37,67,49,1.027,0.433,1.143
Kawhi Leonard,LAC,37,23,14,1225,852,2148,1383,145,4.05,3.22,0.397,92,106,80,0.652,0.566,0.613
Keegan Murray,SAC,59,35,24,1761,711,2073,1414,57,1.66,0.79,0.343,26,9,130,0.692,0.444,0.823
Keita Bates-Diop,SAS,47,11,36,993,390,1119,721,40,2.13,1.19,0.349,38,26,109,0.5,0.5,1.037
Keldon Johnson,SAS,54,14,40,1768,1184,3080,1835,149,2.89,2.02,0.384,49,44,77,0.837,0.5,0.948
Kelly Olynyk,UTA,51,24,27,1438,611,2728,1415,90,1.98,0.73,0.224,64,37,150,0.672,0.351,0.8
Kelly Oubre Jr.,CHA,39,13,26,1252,773,1743,1246,66,2.26,1.4,0.443,36,1,89,0.861,0.0,0.82
Kemba Walker,DAL,9,5,4,144,72,258,110,24,5.47,5.37,0.279,0,0,0,0.0,0.0,0.0
Kendall Brown,IND,6,1,5,40,9,40,27,1,1.61,1.45,0.225,0,0,2,0.0,0.0,1.0
Kendrick Nunn,WAS,53,26,27,770,374,1070,604,67,3.77,3.27,0.35,12,0,24,0.667,0.0,1.083
Kennedy Chandler,MEM,26,17,9,227,61,481,172,43,5.36,4.71,0.127,2,0,14,1.0,0.0,0.786
Kenneth Lofton Jr.,MEM,10,7,3,36,19,64,45,3,2.37,1.23,0.297,5,2,6,0.8,0.0,1.667
Kenrich Williams,OKC,53,26,27,1206,425,1656,1017,52,1.87,1.22,0.257,59,15,185,0.644,0.267,0.811
Kentavious Caldwell-Pope,DEN,60,43,17,1886,688,2339,1570,76,1.94,1.02,0.294,50,1,66,0.82,0.0,0.712
Kenyon Martin Jr.,HOU,62,13,49,1656,743,2212,1353,56,1.53,0.81,0.336,97,1,243,0.753,0.0,1.033
Keon Ellis,SAC,9,4,5,36,19,50,35,2,2.09,1.12,0.38,0,0,0,0.0,0.0,0.0
Keon Johnson,POR,32,13,19,315,134,606,272,50,4.96,4.29,0.221,8,0,15,0.0,0.0,0.333
Kessler Edwards,SAC,16,6,10,94,15,125,67,4,1.8,0.83,0.12,0,0,9,0.0,0.0,0.556
Kevin Durant,PHX,40,27,13,1429,1181,2682,1547,167,3.75,2.66,0.44,106,121,50,0.887,0.62,1.2
Kevin Huerter,SAC,58,33,25,1748,852,2598,1772,97,2.24,1.48,0.328,34,2,93,0.765,0.0,1.043
Kevin Knox II,POR,47,10,37,617,241,801,391,20,1.52,0.64,0.301,6,0,31,0.833,0.0,0.839
Kevin Love,MIA,45,25,20,914,377,1700,902,52,1.84,0.46,0.222,22,70,77,0.273,0.329,0.636
Kevin Porter Jr.,HOU,41,10,31,1385,778,3244,1400,280,5.18,4.76,0.24,32,4,76,0.375,0.0,0.724
Kevon Harris,ORL,27,10,17,336,97,293,182,13,2.75,2.18,0.331,5,0,28,0.8,0.0,1.0
Kevon Looney,GSW,61,31,30,1434,420,2570,1520,64,1.5,0.42,0.163,143,23,346,0.441,0.348,0.789
Khem Birch,SAS,20,9,11,162,43,207,121,5,1.38,0.56,0.208,16,5,31,0.875,0.4,0.742
Khris Middleton,MIL,20,17,3,430,272,883,464,56,3.82,3.04,0.308,10,26,23,0.8,0.769,0.957
Killian Hayes,DET,58,14,44,1563,559,3445,1152,300,5.22,4.93,0.162,18,1,27,0.667,0.0,0.407
Kira Lewis Jr.,NOP,16,7,9,170,87,381,176,23,3.54,3.0,0.228,2,0,4,1.0,0.0,1.25
Klay Thompson,GSW,49,26,23,1616,1088,2361,1850,82,2.09,1.32,0.461,55,12,81,0.745,0.833,0.864
Kris Dunn,UTA,3,2,1,66,37,172,52,14,4.89,4.25,0.215,1,0,2,0.0,0.0,2.0
Kristaps Porzingis,WAS,51,22,29,1663,1162,3059,2031,91,1.78,0.67,0.38,195,198,244,0.718,0.879,1.086
Kyle Anderson,MIN,51,26,25,1337,442,2446,1346,110,2.7,1.64,0.181,68,4,96,0.235,0.5,0.552
Kyle Kuzma,WAS,56,27,29,1967,1194,3411,1934,188,3.3,2.38,0.35,57,36,106,0.561,0.556,1.094
Kyle Lowry,MIA,44,22,22,1464,528,3270,1510,192,3.53,2.59,0.161,15,4,43,0.133,0.0,0.395
Kyrie Irving,DAL,47,27,20,1736,1257,3561,1554,266,4.47,3.73,0.353,53,13,78,0.868,0.538,0.885
LaMelo Ball,CHA,36,13,23,1268,838,3247,1078,265,4.9,4.79,0.258,15,0,51,0.2,0.0,0.725
Lamar Stevens,CLE,45,27,18,784,230,898,474,31,2.04,0.92,0.256,17,0,48,0.588,0.0,0.75
Landry Shamet,PHX,30,14,16,642,286,1150,590,63,3.27,2.89,0.249,11,0,11,0.727,0.0,1.091
Larry Nance Jr.,NOP,50,24,26,1113,385,1577,997,48,1.81,0.73,0.244,152,28,241,0.467,0.357,0.929
Lauri Markkanen,UTA,57,29,28,1959,1440,2908,1799,105,2.16,1.06,0.495,101,85,236,1.158,0.576,1.191
LeBron James,LAL,47,24,23,1695,1388,3739,1778,272,4.36,3.27,0.371,142,181,177,0.782,0.53,1.124
Leandro Bolmaro,UTA,14,8,6,68,6,115,47,9,4.53,4.24,0.052,1,0,5,0.0,0.0,0.0
Lindy Waters III,OKC,26,11,15,297,117,356,233,10,1.62,0.94,0.329,1,0,5,2.0,0.0,0.8
Lonnie Walker IV,LAL,46,20,26,1178,597,1270,764,65,3.07,2.39,0.47,20,0,31,0.7,0.0,0.903
Luguentz Dort,OKC,55,25,30,1655,776,2041,1223,106,3.1,2.62,0.38,24,4,123,0.375,0.0,0.667
Luka Doncic,DAL,53,29,24,1930,1759,4835,1826,502,6.23,5.42,0.364,37,259,57,0.676,0.683,1.088
Luka Garza,MIN,23,13,10,209,159,366,237,9,1.55,0.62,0.434,17,14,57,0.118,1.143,1.193
Luke Kennard,MEM,40,24,16,835,305,1014,650,35,2.08,1.19,0.301,12,0,11,0.667,0.0,0.545
Luke Kornet,BOS,53,35,18,613,202,654,397,14,1.24,0.29,0.309,29,4,159,0.586,0.5,1.069
Malachi Flynn,TOR,43,21,22,591,207,1195,547,80,4.03,3.37,0.173,5,0,9,0.4,0.0,0.444
Malaki Branham,SAS,47,9,38,1055,437,1643,680,103,3.75,3.38,0.266,14,0,19,1.0,0.0,1.053
Malcolm Brogdon,BOS,54,38,16,1371,788,2841,1152,211,4.45,4.42,0.277,24,0,42,0.792,0.0,0.833
Malcolm Hill,CHI,4,3,1,8,5,8,5,0,2.13,1.13,0.625,0,0,0,0.0,0.0,0.0
Malik Beasley,LAL,62,32,30,1652,826,2236,1363,89,2.38,1.71,0.369,13,0,22,1.077,0.0,0.727
Malik Monk,SAC,58,35,23,1316,805,2367,1483,111,2.8,2.36,0.34,18,0,60,0.556,0.0,0.883
Mamadi Diakite,CLE,16,12,4,99,26,132,70,4,1.71,0.43,0.197,8,0,7,0.25,0.0,0.571
MarJon Beauchamp,MIL,41,28,13,576,219,611,429,22,2.13,1.49,0.358,9,2,39,0.444,0.0,0.462
Marcus Morris Sr.,LAC,56,29,27,1599,671,2182,1424,78,2.16,1.13,0.308,62,95,32,0.758,0.821,1.0
Marcus Smart,BOS,46,34,12,1491,524,2841,1204,193,4.08,3.38,0.184,21,59,57,0.381,0.407,0.561
Mark Williams,CHA,33,13,20,564,272,625,357,16,1.49,0.43,0.435,56,29,179,0.679,0.724,1.151
Markelle Fultz,ORL,42,21,21,1230,561,2799,897,233,4.99,4.7,0.2,19,21,87,0.421,0.476,0.793
Markieff Morris,DAL,29,16,13,299,99,417,256,11,1.61,0.5,0.237,8,8,18,0.25,0.25,0.667
Marko Simonovic,CHI,2,0,2,4,0,7,4,0,1.18,0.0,0.0,0,0,0,0.0,0.0,0.0
Marvin Bagley III,DET,28,6,22,603,315,914,503,29,1.93,0.76,0.345,45,56,124,0.956,0.554,1.097
Mason Plumlee,LAC,61,17,44,1697,721,2691,1661,101,2.24,1.05,0.268,186,112,455,0.5,0.5,0.881
Matisse Thybulle,POR,55,34,21,773,186,678,386,15,1.29,0.6,0.274,8,0,57,0.125,0.0,0.667
Matt Ryan,MIN,32,14,18,303,122,355,247,9,1.5,0.61,0.344,4,0,5,0.0,0.0,1.2
Matthew Dellavedova,SAC,26,15,11,162,37,374,121,29,4.64,4.51,0.099,2,0,3,0.0,0.0,0.667
Max Christie,LAL,37,15,22,506,128,491,274,16,1.94,1.22,0.261,5,0,15,0.4,0.0,0.267
Max Strus,MIA,61,31,30,1822,749,2905,1742,84,1.73,0.89,0.258,28,1,82,0.893,0.0,0.976
Maxi Kleber,DAL,23,13,10,588,146,711,370,15,1.25,0.27,0.205,22,2,52,0.091,1.0,0.865
McKinley Wright IV,DAL,20,11,9,206,57,367,140,27,4.38,4.07,0.155,2,0,3,0.0,0.0,0.0
Meyers Leonard,MIL,4,4,0,27,11,32,19,1,1.29,0.09,0.344,0,0,2,0.0,0.0,1.0
Mfiondu Kabengele,BOS,2,1,1,14,2,14,7,0,1.2,0.14,0.143,0,0,5,0.0,0.0,0.4
Micah Potter,UTA,3,2,1,14,4,25,8,1,1.67,0.36,0.16,1,0,2,2.0,0.0,2.0
Michael Foster Jr.,PHI,1,1,0,1,0,1,0,0,2.08,0.0,0.0,0,0,0,0.0,0.0,0.0
Michael Porter Jr.,DEN,46,33,13,1343,783,1707,1074,56,1.97,1.01,0.459,68,11,96,0.794,0.727,1.052
Mikal Bridges,BKN,63,31,32,2270,1129,3175,1938,135,2.54,1.89,0.356,92,36,119,0.652,0.667,0.849
Mike Conley,MIN,49,24,25,1461,512,3378,1346,291,5.17,4.73,0.152,15,0,19,0.533,0.0,0.421
Mike Muscala,BOS,48,23,25,721,308,1355,663,25,1.13,0.25,0.227,29,6,70,0.621,0.333,0.757
Miles McBride,NYK,50,29,21,599,162,939,451,55,3.54,3.08,0.173,8,0,16,1.25,0.0,0.625
Mitchell Robinson,NYK,42,25,17,1135,319,1122,568,24,1.3,0.29,0.284,28,13,323,0.071,0.615,0.935
Mo Bamba,LAL,45,22,23,748,316,1185,699,34,1.7,0.46,0.267,39,19,121,0.487,0.526,1.066
Monte Morris,WAS,51,25,26,1434,529,3035,1180,253,4.99,4.59,0.174,10,1,15,0.3,0.0,0.4
Montrezl Harrell,PHI,50,32,18,624,283,870,567,27,1.84,0.8,0.325,69,55,172,0.58,0.691,0.942
Moritz Wagner,ORL,42,20,22,871,459,1603,988,46,1.72,0.54,0.286,90,12,157,0.811,1.0,0.994
Moses Brown,LAC,34,16,18,288,155,396,178,10,1.55,0.41,0.391,22,5,117,1.364,1.2,1.077
Moses Moody,GSW,47,24,23,639,216,710,523,25,2.1,1.28,0.304,11,1,31,0.727,0.0,0.839
Moussa Diabate,LAC,18,8,10,172,53,146,85,5,1.96,0.83,0.363,11,2,40,0.182,0.0,0.825
Myles Turner,IND,53,25,28,1587,965,2315,1616,60,1.54,0.51,0.417,177,106,348,0.768,0.934,1.101
Naji Marshall,NOP,58,29,29,1430,549,2349,1246,99,2.53,1.86,0.234,21,2,55,0.857,1.5,0.764
Nassir Little,POR,41,20,21,706,264,854,497,29,2.04,1.18,0.309,8,1,30,0.875,0.0,0.6
Nathan Knight,MIN,34,16,18,276,130,393,233,13,2.04,1.01,0.331,15,9,38,0.733,0.444,0.868
Naz Reid,MIN,56,26,30,1011,597,1986,1136,55,1.65,0.76,0.301,101,51,147,0.693,0.51,1.0
Neemias Queta,SAC,4,1,3,24,12,31,17,1,1.32,0.26,0.387,3,0,8,0.667,0.0,1.25
Nerlens Noel,DET,14,2,12,152,32,196,85,5,1.58,0.51,0.163,19,0,27,0.105,0.0,0.407
Nic Claxton,BKN,58,30,28,1698,725,2291,1287,69,1.81,0.61,0.316,210,21,483,0.424,0.286,0.994
Nick Richards,CHA,49,15,34,854,385,1077,587,27,1.49,0.29,0.357,73,30,247,0.781,0.5,1.073
Nickeil Alexander-Walker,MIN,41,19,22,597,258,1210,413,96,4.74,4.15,0.213,6,0,7,0.667,0.0,1.143
Nicolas Batum,LAC,60,33,27,1317,372,1770,974,38,1.29,0.42,0.21,28,1,55,0.286,2.0,0.8
Nikola Jokic,DEN,55,41,14,1846,1354,5451,2921,244,2.68,1.43,0.248,536,517,438,0.558,0.542,1.08
Nikola Jovic,MIA,15,7,8,204,82,348,200,11,1.82,0.8,0.236,19,0,26,0.947,0.0,0.885
Nikola Vucevic,CHI,62,28,34,2097,1102,4173,2853,102,1.46,0.5,0.264,242,352,378,0.583,0.5,0.981
Noah Vonleh,BOS,23,17,6,172,25,218,85,7,1.83,0.93,0.115,7,4,26,0.0,0.0,0.615
Norman Powell,LAC,53,27,26,1371,897,1909,1241,96,3.01,2.56,0.47,21,3,33,0.381,0.0,0.848
O.G. Anunoby,TOR,49,24,25,1750,802,2363,1511,93,2.37,1.53,0.339,43,98,149,0.698,0.286,0.785
Obi Toppin,NYK,49,27,22,721,304,1184,619,29,1.45,0.55,0.257,16,5,82,0.813,0.4,0.817
Ochai Agbaji,UTA,40,23,17,629,204,592,356,14,1.45,0.82,0.345,12,0,31,0.667,0.0,0.871
Onyeka Okongwu,ATL,60,31,29,1431,557,1814,961,43,1.43,0.42,0.307,172,33,386,0.738,0.758,0.99
Orlando Robinson,MIA,29,17,12,397,113,514,280,12,1.4,0.36,0.22,45,9,116,0.467,0.222,0.707
Oshae Brissett,IND,49,21,28,786,270,1237,646,29,1.43,0.52,0.218,21,1,66,0.667,0.0,0.667
Otto Porter Jr.,TOR,8,4,4,146,44,209,118,5,1.52,0.63,0.211,3,3,15,0.0,1.333,1.067
Ousmane Dieng,OKC,19,8,11,284,79,344,215,10,1.71,1.05,0.23,11,0,18,1.091,0.0,0.944
P.J. Tucker,PHI,59,38,21,1537,215,1269,646,28,1.34,0.49,0.169,29,3,126,0.276,0.0,0.373
P.J. Washington,CHA,60,18,42,1975,917,3359,1779,92,1.64,0.65,0.273,124,71,141,0.766,0.549,1.028
PJ Dozier,SAC,5,5,0,11,5,15,7,1,2.4,2.2,0.333,1,0,0,2.0,0.0,0.0
Paolo Banchero,ORL,56,23,33,1885,1101,3575,1692,224,3.75,2.92,0.308,55,118,134,0.782,0.424,0.993
Pascal Siakam,TOR,53,26,27,1985,1337,4351,2254,266,3.66,2.85,0.307,97,159,183,0.577,0.667,0.984
Pat Connaughton,MIL,44,31,13,1102,365,1545,814,41,1.61,0.63,0.236,15,0,63,0.4,0.0,0.587
Patrick Baldwin Jr.,GSW,20,8,12,175,105,277,185,7,1.61,0.58,0.379,2,3,5,0.0,0.0,0.4
Patrick Beverley,CHI,49,24,25,1322,309,1740,828,100,3.44,2.68,0.178,18,0,43,0.611,0.0,0.372
Patrick Williams,CHI,62,28,34,1783,629,2455,1243,71,1.74,0.99,0.256,44,17,119,0.636,0.588,0.958
Patty Mills,BKN,37,18,19,484,207,677,360,34,3.04,2.91,0.306,4,0,2,0.5,0.0,1.0
Paul George,LAC,47,27,20,1618,1105,3319,1512,240,4.33,3.6,0.333,67,48,54,0.582,0.5,1.019
Paul Reed,PHI,48,30,18,475,160,596,308,16,1.56,0.59,0.268,37,5,132,0.595,0.4,0.871
Payton Pritchard,BOS,43,30,13,539,206,928,433,60,3.86,3.46,0.222,7,0,29,0.857,0.0,0.724
Peyton Watson,DEN,14,9,5,44,22,62,34,3,2.46,1.5,0.355,1,0,1,2.0,0.0,0.0
Precious Achiuwa,TOR,39,22,17,896,393,1376,812,47,2.03,1.15,0.286,58,19,154,0.621,0.263,0.929
Quentin Grimes,NYK,53,31,22,1569,536,1654,1206,51,1.85,1.05,0.324,22,0,40,0.909,0.0,0.775
Quenton Jackson,WAS,3,2,1,8,5,11,8,1,4.48,4.27,0.455,0,0,0,0.0,0.0,0.0
R.J. Hampton,DET,29,7,22,396,151,648,273,46,4.29,3.87,0.233,7,0,12,0.571,0.0,1.0
RJ Barrett,NYK,57,32,25,1938,1109,2898,1897,148,3.06,2.38,0.383,65,53,88,0.846,0.566,1.091
Raul Neto,CLE,41,27,14,418,127,812,334,67,4.92,4.49,0.156,3,0,8,0.667,0.0,1.0
Reggie Bullock,DAL,61,31,30,1854,427,2066,1238,46,1.34,0.33,0.207,11,0,25,0.909,0.0,1.16
Reggie Jackson,DEN,56,31,25,1419,597,2884,1143,228,4.75,4.18,0.207,23,0,34,0.522,0.0,0.353
Richaun Holmes,SAC,35,18,17,305,111,356,210,10,1.62,0.47,0.312,45,5,76,0.756,1.2,0.803
Ricky Rubio,CLE,17,11,6,274,86,655,271,50,4.57,4.03,0.131,6,0,2,0.0,0.0,0.0
Robert Covington,LAC,36,15,21,584,198,1034,462,29,1.7,0.49,0.191,9,0,52,0.111,0.0,0.788
Robert Williams III,BOS,27,18,9,659,230,848,510,18,1.27,0.21,0.271,31,8,201,0.355,0.5,0.985
Robin Lopez,CLE,32,23,9,245,90,264,174,10,2.2,0.93,0.341,34,20,58,0.559,0.8,0.724
Rodney McGruder,DET,23,3,20,265,76,261,180,7,1.68,0.95,0.291,4,0,14,0.5,0.0,0.714
Romeo Langford,SAS,31,10,21,628,226,719,478,31,2.58,1.8,0.314,13,1,54,0.615,0.0,0.889
Ron Harper Jr.,TOR,4,2,2,14,10,17,14,1,1.97,1.29,0.588,0,0,1,0.0,0.0,2.0
Royce O'Neale,BKN,59,31,28,1932,526,3665,1672,138,2.26,1.47,0.144,21,1,43,0.238,0.0,0.512
Rudy Gay,UTA,47,25,22,682,228,1069,511,38,2.14,0.9,0.213,22,39,47,0.818,0.538,0.809
Rudy Gobert,MIN,52,24,28,1583,699,2215,1213,53,1.44,0.42,0.316,184,64,562,0.641,0.703,0.98
Rui Hachimura,LAL,45,25,20,1099,542,1489,826,57,2.28,1.27,0.364,34,65,90,0.706,0.615,1.011
Russell Westbrook,LAC,55,25,30,1584,875,3497,1274,302,5.18,4.81,0.25,29,52,94,0.586,0.577,0.84
Ryan Arcidiacono,POR,14,8,6,70,12,155,50,11,4.37,4.08,0.077,1,0,1,0.0,0.0,0.0
Ryan Rollins,GSW,12,5,7,62,23,139,68,9,3.78,3.19,0.165,1,0,5,0.0,0.0,0.4
Saben Lee,PHX,20,12,8,294,115,677,215,62,5.49,5.16,0.17,5,0,12,0.0,0.0,0.333
Saddiq Bey,ATL,56,14,42,1598,806,2202,1432,93,2.52,1.44,0.366,29,55,54,0.621,0.764,0.981
Sam Hauser,BOS,61,43,18,942,377,1117,642,25,1.34,0.56,0.338,12,0,35,0.5,0.0,0.914
Sandro Mamukelashvili,MIL,24,17,7,217,57,322,179,9,1.59,0.74,0.177,9,0,33,0.0,0.0,0.576
Santi Aldama,MEM,58,35,23,1268,541,1680,889,52,1.85,0.87,0.322,41,15,123,0.683,0.8,0.992
Scottie Barnes,TOR,60,29,31,2116,927,4466,2106,242,3.25,2.6,0.208,139,125,286,0.446,0.568,0.818
Scotty Pippen Jr.,LAL,6,1,5,32,14,72,21,6,5.01,4.8,0.194,2,0,2,0.0,0.0,0.0
Serge Ibaka,MIL,16,11,5,185,66,216,147,6,1.78,0.52,0.306,16,4,35,0.25,0.0,0.857
Seth Curry,BKN,44,27,17,970,445,1543,890,92,3.59,2.95,0.288,8,0,8,0.25,0.0,0.5
Shaedon Sharpe,POR,61,28,33,1238,479,1271,845,50,2.38,1.69,0.377,23,0,88,0.783,0.0,1.136
Shai Gilgeous-Alexander,OKC,54,25,29,1918,1674,3961,1391,361,5.47,5.06,0.423,39,86,80,1.179,0.802,0.975
Shake Milton,PHI,57,40,17,1179,504,2254,1015,155,4.13,3.55,0.224,14,0,43,0.929,0.0,1.07
Simone Fontecchio,UTA,34,19,15,346,126,437,271,11,1.55,0.72,0.288,7,1,22,0.571,2.0,0.318
Spencer Dinwiddie,BKN,61,30,31,2076,1070,3918,1563,354,5.43,4.88,0.273,11,24,19,0.364,1.0,0.368
Stanley Johnson,SAS,29,5,24,459,171,753,340,30,2.41,1.74,0.227,18,6,29,0.389,0.333,0.414
Stanley Umude,DET,1,0,1,2,2,3,2,0,1.32,1.0,0.667,0,0,0,0.0,0.0,0.0
Stephen Curry,GSW,37,19,18,1290,1104,2942,1160,216,4.4,4.11,0.375,22,1,42,1.182,0.0,1.071
Sterling Brown,LAL,4,2,2,24,0,24,11,1,1.76,1.0,0.0,0,0,3,0.0,0.0,0.0
Steven Adams,MEM,42,28,14,1133,361,1814,961,55,1.82,0.46,0.199,185,45,355,0.324,0.733,0.704
Svi Mykhailiuk,CHA,15,10,5,71,33,79,45,3,2.04,1.13,0.418,0,0,1,0.0,0.0,2.0
T.J. McConnell,IND,60,26,34,1168,457,3144,1102,238,4.54,4.5,0.145,24,0,30,0.083,0.0,0.4
T.J. Warren,PHX,29,18,11,518,256,706,398,28,2.41,1.52,0.363,16,9,32,0.875,0.444,1.156
Taj Gibson,WAS,39,18,21,393,138,612,370,15,1.49,0.58,0.225,58,21,92,0.5,0.429,0.859
Talen Horton-Tucker,UTA,49,25,24,849,389,1756,706,139,4.76,3.99,0.222,7,5,25,0.714,0.0,0.52
Tari Eason,HOU,62,13,49,1232,550,1911,951,70,2.19,1.51,0.288,45,12,196,0.533,0.333,0.867
Taurean Prince,MIN,38,22,16,810,324,1061,687,35,1.99,0.98,0.305,9,0,19,0.444,0.0,1.211
Terance Mann,LAC,63,33,30,1477,573,2417,1124,138,3.44,2.69,0.237,33,4,101,0.636,1.0,0.931
Terence Davis,SAC,48,28,20,662,345,1022,683,37,2.18,1.63,0.338,5,0,30,0.4,0.0,0.933
Terrence Ross,PHX,45,17,28,1009,366,1023,712,38,2.24,1.43,0.358,7,0,3,0.571,0.0,0.667
Terry Rozier,CHA,53,16,37,1890,1132,3912,1991,288,4.42,3.95,0.289,29,1,59,0.552,0.0,0.441
Terry Taylor,CHI,27,10,17,232,73,273,176,7,1.48,0.7,0.267,6,0,27,0.5,0.0,0.963
Thaddeus Young,TOR,50,22,28,776,238,1380,752,39,1.71,0.69,0.172,81,52,135,0.198,0.558,1.007
Thanasis Antetokounmpo,MIL,28,20,8,112,16,121,55,6,2.99,2.3,0.132,3,5,17,0.0,0.8,0.471
Theo Maledon,CHA,36,10,26,581,200,1320,478,94,4.28,4.11,0.152,3,0,7,0.0,0.0,0.857
Theo Pinson,DAL,33,16,17,238,64,463,215,19,2.45,1.35,0.138,5,0,11,0.6,0.0,0.273
Thomas Bryant,DEN,48,27,21,971,530,1418,665,35,1.46,0.32,0.374,118,30,259,0.805,0.833,1.178
Tim Hardaway Jr.,DAL,57,32,25,1720,797,2557,1387,99,2.31,1.54,0.312,24,3,30,0.75,0.667,1.067
Tobias Harris,PHI,57,37,20,1919,873,2871,1723,125,2.62,1.69,0.304,43,130,110,0.581,0.546,0.936
Tony Bradley,CHI,11,4,7,32,19,57,32,1,1.37,0.39,0.333,0,1,3,0.0,0.0,0.667
Torrey Craig,PHX,60,33,27,1539,464,1994,993,59,1.76,0.84,0.233,41,2,164,0.732,0.0,0.805
Trae Young,ATL,55,29,26,1942,1489,4447,1393,444,5.99,5.75,0.335,24,1,36,0.5,0.0,0.861
Tre Jones,SAS,51,14,37,1494,642,3503,1022,305,5.22,5.0,0.183,18,0,35,0.667,0.0,0.514
Tre Mann,OKC,56,25,31,1012,439,1718,909,110,3.85,3.51,0.256,7,0,22,0.857,0.0,0.727
Trendon Watford,POR,46,22,24,777,262,1439,651,56,2.34,1.3,0.182,53,14,70,0.434,0.571,0.743
Trent Forrest,ATL,18,6,12,239,50,402,148,31,4.61,4.1,0.124,4,0,8,1.0,0.0,1.0
Trevelin Queen,IND,7,2,5,70,21,121,68,6,2.88,2.41,0.174,4,0,9,0.0,0.0,0.667
Trevor Hudgins,HOU,5,0,5,28,9,61,30,5,4.51,4.05,0.148,0,0,0,0.0,0.0,0.0
Trevor Keels,NYK,2,2,0,4,3,6,4,1,4.86,1.67,0.5,0,0,0,0.0,0.0,0.0
Trey Lyles,SAC,55,33,22,889,410,1411,775,37,1.57,0.66,0.291,14,13,87,0.286,0.615,1.011
Trey Murphy III,NOP,60,28,32,1747,760,2038,1308,58,1.71,0.92,0.373,28,0,80,0.964,0.0,1.263
Troy Brown Jr.,LAL,57,27,30,1377,404,1494,780,47,1.89,1.15,0.27,35,1,88,0.457,0.0,0.693
Ty Jerome,GSW,40,18,22,734,292,1590,710,111,4.2,3.76,0.184,11,0,13,0.545,0.0,0.923
TyTy Washington Jr.,HOU,27,3,24,391,132,803,368,53,3.95,3.6,0.164,3,0,4,0.667,0.0,0.5
Tyler Dorsey,DAL,3,2,1,8,9,7,5,0,2.2,1.57,1.286,1,0,0,2.0,0.0,0.0
Tyler Herro,MIA,49,26,23,1727,993,3332,1749,221,3.98,3.28,0.298,23,1,37,0.609,2.0,0.919
Tyrese Haliburton,IND,51,26,25,1712,1024,4814,1664,381,4.75,4.25,0.213,11,0,22,0.909,0.0,0.636
Tyrese Martin,ATL,13,8,5,45,15,60,40,2,2.24,1.32,0.25,1,0,3,2.0,0.0,0.0
Tyrese Maxey,PHI,42,27,15,1372,825,2850,1251,205,4.32,3.67,0.289,8,0,12,1.25,0.0,0.833
Tyus Jones,MEM,61,38,23,1389,593,3087,1164,253,4.93,4.41,0.192,6,0,13,0.333,0.0,0.231
Udoka Azubuike,UTA,26,14,12,153,50,143,86,3,1.41,0.37,0.35,9,3,48,0.444,0.667,0.917
Udonis Haslem,MIA,6,3,3,47,3,59,28,2,1.48,0.39,0.051,5,2,5,0.2,0.0,0.0
Usman Garuba,HOU,55,12,43,741,178,1091,560,25,1.37,0.46,0.163,64,2,173,0.234,0.0,0.543
Vernon Carey Jr.,WAS,11,8,3,28,6,44,27,1,1.69,0.64,0.136,2,2,7,0.0,1.0,0.857
Victor Oladipo,MIA,30,18,12,821,312,1557,651,117,4.52,3.91,0.2,6,0,15,0.333,0.0,0.667
Vince Williams Jr.,MEM,10,6,4,49,7,53,32,1,1.24,0.43,0.132,0,0,5,0.0,0.0,0.8
Vit Krejci,ATL,22,11,11,122,28,140,93,5,2.21,1.47,0.2,3,0,6,0.333,0.0,0.333
Vlatko Cancar,DEN,48,33,15,794,276,1089,715,34,1.88,0.86,0.253,52,20,84,0.442,0.6,0.857
Walker Kessler,UTA,60,29,31,1308,494,1362,868,32,1.41,0.35,0.363,107,7,399,0.626,0.857,1.003
Wendell Carter Jr.,ORL,43,18,25,1273,650,2300,1445,69,1.8,0.54,0.283,167,50,262,0.383,0.58,0.973
Wendell Moore Jr.,MIN,24,13,11,139,36,241,109,13,3.13,2.68,0.149,4,0,6,1.0,0.0,1.0
Wenyen Gabriel,LAL,49,24,25,747,300,994,469,21,1.29,0.42,0.302,73,6,208,0.644,1.0,0.894
Wesley Matthews,MIL,39,29,10,608,126,568,352,14,1.43,0.6,0.222,8,0,32,0.25,0.0,0.406
Will Barton,TOR,41,19,22,786,307,1295,714,84,3.91,3.26,0.237,11,1,15,0.364,0.0,0.8
Willy Hernangomez,NOP,31,17,14,404,234,768,494,20,1.55,0.59,0.305,67,30,139,0.552,0.333,1.022
Xavier Tillman,MEM,42,27,15,676,236,1067,585,29,1.61,0.5,0.221,154,10,183,0.351,0.2,0.699
Yuta Watanabe,BKN,44,23,21,781,284,815,492,23,1.68,0.92,0.348,18,0,41,0.333,0.0,0.878
Zach Collins,SAS,50,14,36,1083,514,1790,1221,54,1.82,0.64,0.287,194,138,244,0.536,0.761,0.844
Zach LaVine,CHI,58,27,31,2082,1406,3592,1890,252,4.21,3.45,0.391,31,11,52,0.645,0.364,1.346
Zeke Nnaji,DEN,43,29,14,582,223,539,388,14,1.51,0.38,0.414,48,18,128,0.417,0.944,1.086
Ziaire Williams,MEM,31,19,12,496,167,547,340,19,2.11,1.44,0.305,5,0,36,1.0,0.0,1.333
Zion Williamson,NOP,29,17,12,956,754,1914,1035,112,3.51,2.94,0.394,51,119,131,1.0,0.664,1.16
