PLAYER_ID,PLAYER,TEAM,AGE,GP,G,FREQ%,FGM,FGA,FG%,EFG%,2FG FREQ%,2FGM,2FGA,2FG%,3FG FREQ%,3PM,3PA,3P%
1629029,Luka Dončić,DAL,25.0,14,14,50.8,64,161,39.800000000000004,48.8,21.099999999999998,35,67,52.2,29.7,29,94,30.9
1628368,De'Aaron Fox,SAC,26.0,15,15,43.6,55,136,40.400000000000006,46.0,26.6,40,83,48.199999999999996,17.0,15,53,28.299999999999997
1628378,Donovan Mitchell,CLE,28.0,16,16,45.2,57,135,42.199999999999996,53.300000000000004,20.1,27,60,45.0,25.1,30,75,40.0
1630162,Anthony Edwards,MIN,23.0,14,14,45.2,66,133,49.6,65.0,15.6,25,46,54.300000000000004,29.599999999999998,41,87,47.099999999999994
1628983,Shai Gilgeous-Alexander,OKC,26.0,16,16,40.9,58,130,44.6,51.2,23.9,41,76,53.900000000000006,17.0,17,54,31.5
1628369,Jayson Tatum,BOS,26.0,15,15,39.1,50,118,42.4,55.900000000000006,11.600000000000001,18,35,51.4,27.500000000000004,32,83,38.6
1626164,Devin Booker,PHX,28.0,16,16,39.900000000000006,54,115,47.0,54.800000000000004,20.8,36,60,60.0,19.1,18,55,32.7
1630163,LaMelo Ball,CHA,23.0,14,13,35.099999999999994,37,112,33.0,42.9,9.700000000000001,15,31,48.4,25.4,22,81,27.200000000000003
1627742,Brandon Ingram,NOP,27.0,15,15,37.4,45,110,40.9,51.4,18.7,22,55,40.0,18.7,23,55,41.8
1628973,Jalen Brunson,NYK,28.0,15,15,36.4,47,100,47.0,57.49999999999999,17.5,26,48,54.2,18.9,21,52,40.400000000000006
1630224,Jalen Green,HOU,22.0,16,16,34.9,41,96,42.699999999999996,54.7,13.100000000000001,18,36,50.0,21.8,23,60,38.3
203507,Giannis Antetokounmpo,MIL,29.0,14,14,31.3,46,94,48.9,48.9,30.3,46,91,50.5,1.0,0,3,0.0
201935,James Harden,LAC,35.0,16,16,36.8,36,93,38.7,50.5,11.899999999999999,14,30,46.7,24.9,22,63,34.9
1628969,Mikal Bridges,NYK,28.0,15,15,42.699999999999996,43,91,47.3,54.900000000000006,21.099999999999998,29,45,64.4,21.6,14,46,30.4
202691,Klay Thompson,DAL,34.0,15,15,48.1,39,91,42.9,56.599999999999994,17.5,14,33,42.4,30.7,25,58,43.1
1630560,Cam Thomas,BKN,23.0,14,14,36.1,44,90,48.9,60.6,16.5,23,41,56.10000000000001,19.7,21,49,42.9
1631114,Jalen Williams,OKC,23.0,16,16,32.800000000000004,50,89,56.2,63.5,21.4,37,58,63.800000000000004,11.4,13,31,41.9
1641705,Victor Wembanyama,SAS,20.0,13,13,38.9,31,89,34.8,42.699999999999996,15.7,17,36,47.199999999999996,23.1,14,53,26.400000000000002
2544,LeBron James,LAL,39.0,13,13,40.300000000000004,42,87,48.3,60.3,18.099999999999998,21,39,53.800000000000004,22.2,21,48,43.8
1628401,Derrick White,BOS,30.0,15,15,41.099999999999994,44,86,51.2,68.60000000000001,10.5,14,22,63.6,30.599999999999998,30,64,46.9
1627783,Pascal Siakam,IND,30.0,15,15,38.7,42,84,50.0,56.00000000000001,26.700000000000003,32,58,55.2,12.0,10,26,38.5
1627750,Jamal Murray,DEN,27.0,10,10,52.5,37,83,44.6,53.0,32.300000000000004,23,51,45.1,20.3,14,32,43.8
1626181,Norman Powell,LAC,31.0,15,15,33.2,40,82,48.8,68.89999999999999,8.5,7,21,33.300000000000004,24.7,33,61,54.1
1629632,Coby White,CHI,24.0,16,16,35.099999999999994,34,81,42.0,53.7,13.4,15,31,48.4,21.6,19,50,38.0
203897,Zach LaVine,CHI,29.0,13,13,39.300000000000004,35,79,44.3,55.7,15.9,17,32,53.1,23.400000000000002,18,47,38.3
1627736,Malik Beasley,DET,27.0,16,16,37.3,35,79,44.3,60.099999999999994,9.9,10,21,47.599999999999994,27.400000000000002,25,58,43.1
1630552,Jalen Johnson,ATL,22.0,15,15,33.6,32,79,40.5,46.2,17.9,23,42,54.800000000000004,15.7,9,37,24.3
203081,Damian Lillard,MIL,34.0,12,12,37.1,32,79,40.5,49.4,15.0,18,32,56.3,22.1,14,47,29.799999999999997
1627832,Fred VanVleet,HOU,30.0,15,14,36.5,31,77,40.300000000000004,48.1,16.6,19,35,54.300000000000004,19.900000000000002,12,42,28.599999999999998
1630532,Franz Wagner,ORL,23.0,16,13,26.5,34,75,45.300000000000004,56.699999999999996,11.3,17,32,53.1,15.2,17,43,39.5
203944,Julius Randle,MIN,29.0,14,13,35.699999999999996,34,74,45.9,54.7,16.900000000000002,21,35,60.0,18.8,13,39,33.300000000000004
1629639,Tyler Herro,MIA,24.0,13,13,33.800000000000004,34,74,45.9,59.5,9.6,14,21,66.7,24.2,20,53,37.7
1630595,Cade Cunningham,DET,23.0,16,16,23.599999999999998,32,74,43.2,52.0,12.7,19,40,47.5,10.8,13,34,38.2
1641711,Gradey Dick,TOR,21.0,15,14,33.0,32,73,43.8,58.199999999999996,10.4,11,23,47.8,22.6,21,50,42.0
1629008,Michael Porter Jr.,DEN,26.0,13,13,38.0,31,73,42.5,52.7,15.1,16,29,55.2,22.900000000000002,15,44,34.1
1627759,Jaylen Brown,BOS,28.0,11,11,33.6,23,73,31.5,39.0,14.7,12,32,37.5,18.9,11,41,26.8
1630591,Jalen Suggs,ORL,23.0,16,15,36.0,29,72,40.300000000000004,45.1,20.5,22,41,53.7,15.5,7,31,22.6
1630178,Tyrese Maxey,PHI,24.0,8,8,40.400000000000006,22,72,30.599999999999998,35.4,18.5,15,33,45.5,21.9,7,39,17.9
202681,Kyrie Irving,DAL,32.0,14,14,30.2,43,71,60.6,77.5,14.000000000000002,19,33,57.599999999999994,16.2,24,38,63.2
1629636,Darius Garland,CLE,24.0,16,16,29.099999999999998,30,71,42.3,53.5,13.100000000000001,14,32,43.8,16.0,16,39,41.0
1631093,Jaden Ivey,DET,22.0,15,15,31.4,29,71,40.8,47.199999999999996,17.7,20,40,50.0,13.700000000000001,9,31,28.999999999999996
1629014,Anfernee Simons,POR,25.0,12,12,39.900000000000006,26,71,36.6,45.800000000000004,12.9,13,23,56.49999999999999,27.0,13,48,27.1
201939,Stephen Curry,GSW,36.0,11,11,40.5,37,70,52.900000000000006,70.0,8.7,13,15,86.7,31.8,24,55,43.6
203471,Dennis Schröder,BKN,31.0,15,15,34.1,28,70,40.0,52.1,9.3,11,19,57.9,24.9,17,51,33.300000000000004
1629027,Trae Young,ATL,26.0,15,15,26.700000000000003,24,69,34.8,44.2,12.0,11,31,35.5,14.7,13,38,34.2
203924,Jerami Grant,POR,30.0,15,15,31.2,32,67,47.8,63.4,8.4,11,18,61.1,22.8,21,49,42.9
1629661,Cameron Johnson,BKN,28.0,15,15,35.6,31,67,46.300000000000004,59.699999999999996,10.6,13,20,65.0,25.0,18,47,38.3
101108,Chris Paul,SAS,39.0,15,14,55.800000000000004,31,67,46.300000000000004,61.9,17.5,10,21,47.599999999999994,38.3,21,46,45.7
1630202,Payton Pritchard,BOS,26.0,15,15,40.699999999999996,32,66,48.5,68.2,5.6000000000000005,6,9,66.7,35.199999999999996,26,57,45.6
1628384,OG Anunoby,NYK,27.0,15,15,34.4,35,65,53.800000000000004,65.4,15.299999999999999,20,29,69.0,19.0,15,36,41.699999999999996
1626157,Karl-Anthony Towns,NYK,29.0,14,14,26.1,32,64,50.0,63.3,10.6,15,26,57.699999999999996,15.5,17,38,44.7
202699,Tobias Harris,DET,32.0,16,16,32.5,25,64,39.1,44.5,19.8,18,39,46.2,12.7,7,25,28.000000000000004
1629645,Kevin Porter Jr.,LAC,24.0,16,16,48.5,24,64,37.5,42.199999999999996,31.1,18,41,43.9,17.4,6,23,26.1
1628389,Bam Adebayo,MIA,27.0,13,13,33.900000000000006,26,62,41.9,41.9,30.599999999999998,26,56,46.400000000000006,3.3000000000000003,0,6,0.0
1630169,Tyrese Haliburton,IND,24.0,15,14,29.799999999999997,23,62,37.1,44.4,11.1,14,23,60.9,18.8,9,39,23.1
1629628,RJ Barrett,TOR,24.0,12,12,26.200000000000003,17,62,27.400000000000002,33.1,13.900000000000002,10,33,30.3,12.2,7,29,24.099999999999998
1631097,Bennedict Mathurin,IND,22.0,15,15,33.0,32,58,55.2,69.8,13.600000000000001,15,24,62.5,19.3,17,34,50.0
1629012,Collin Sexton,UTA,25.0,13,13,39.7,29,58,50.0,59.5,23.3,18,34,52.900000000000006,16.400000000000002,11,24,45.800000000000004
1629673,Jordan Poole,WAS,25.0,13,13,28.499999999999996,22,57,38.6,50.9,9.5,8,19,42.1,19.0,14,38,36.8
1630577,Julian Champagnie,SAS,23.0,15,15,42.199999999999996,21,57,36.8,52.6,3.0,3,4,75.0,39.300000000000004,18,53,34.0
1628989,Kevin Huerter,SAC,26.0,13,13,42.3,18,55,32.7,43.6,8.5,6,11,54.50000000000001,33.800000000000004,12,44,27.3
1631099,Keegan Murray,SAC,24.0,15,15,31.4,18,54,33.300000000000004,39.800000000000004,11.0,11,19,57.9,20.3,7,35,20.0
1631095,Jabari Smith Jr.,HOU,21.0,16,15,34.2,24,53,45.300000000000004,57.49999999999999,11.600000000000001,11,18,61.1,22.6,13,35,37.1
1626179,Terry Rozier,MIA,30.0,12,11,37.3,16,53,30.2,39.6,12.0,6,17,35.3,25.4,10,36,27.800000000000004
1641706,Brandon Miller,CHA,21.0,10,9,34.0,21,52,40.400000000000006,56.699999999999996,7.199999999999999,4,11,36.4,26.8,17,41,41.5
1626156,D'Angelo Russell,LAL,28.0,13,13,37.7,19,52,36.5,49.0,9.4,6,13,46.2,28.299999999999997,13,39,33.300000000000004
1628374,Lauri Markkanen,UTA,27.0,10,10,43.2,25,51,49.0,64.7,13.600000000000001,9,16,56.3,29.7,16,35,45.7
1628415,Dillon Brooks,HOU,28.0,16,15,29.7,16,51,31.4,37.3,16.900000000000002,10,29,34.5,12.8,6,22,27.3
1630217,Desmond Bane,MEM,26.0,9,9,40.0,19,50,38.0,48.0,16.0,9,20,45.0,24.0,10,30,33.300000000000004
1626145,Tyus Jones,PHX,28.0,16,15,31.6,14,50,28.000000000000004,36.0,13.3,6,21,28.599999999999998,18.4,8,29,27.6
203078,Bradley Beal,PHX,31.0,9,9,40.2,21,49,42.9,50.0,18.0,14,22,63.6,22.1,7,27,25.900000000000002
201942,DeMar DeRozan,SAC,35.0,12,12,24.7,22,48,45.800000000000004,46.9,20.599999999999998,21,40,52.5,4.1000000000000005,1,8,12.5
1630198,Isaiah Joe,OKC,25.0,14,14,44.4,22,48,45.800000000000004,61.5,9.3,7,10,70.0,35.199999999999996,15,38,39.5
1642272,Jared McCain,PHI,20.0,14,11,29.599999999999998,21,48,43.8,50.0,14.799999999999999,15,24,62.5,14.799999999999999,6,24,25.0
1626167,Myles Turner,IND,28.0,13,13,28.9,20,48,41.699999999999996,45.800000000000004,18.099999999999998,16,30,53.300000000000004,10.8,4,18,22.2
1626171,Bobby Portis,MIL,29.0,14,14,28.9,20,48,41.699999999999996,44.800000000000004,22.900000000000002,17,38,44.7,6.0,3,10,30.0
1630559,Austin Reaves,LAL,26.0,13,13,27.1,19,48,39.6,51.0,9.6,8,17,47.099999999999994,17.5,11,31,35.5
1628997,Caleb Martin,PHI,29.0,14,14,41.0,18,48,37.5,41.699999999999996,24.8,14,29,48.3,16.2,4,19,21.099999999999998
1627741,Buddy Hield,GSW,31.0,14,14,27.6,16,48,33.300000000000004,45.800000000000004,4.6,4,8,50.0,23.0,12,40,30.0
203903,Jordan Clarkson,UTA,32.0,11,11,32.0,16,48,33.300000000000004,41.699999999999996,11.3,8,17,47.099999999999994,20.7,8,31,25.8
1630583,Santi Aldama,MEM,23.0,16,16,26.700000000000003,22,47,46.800000000000004,55.300000000000004,10.8,14,19,73.7,15.9,8,28,28.599999999999998
203076,Anthony Davis,LAL,31.0,12,12,20.4,21,47,44.7,47.9,17.8,18,41,43.9,2.6,3,6,50.0
1642377,Jaylen Wells,MEM,21.0,16,16,30.099999999999998,18,47,38.3,45.7,12.8,11,20,55.00000000000001,17.299999999999997,7,27,25.900000000000002
1641718,Keyonte George,UTA,21.0,12,12,28.999999999999996,17,47,36.199999999999996,51.1,4.9,3,8,37.5,24.099999999999998,14,39,35.9
201572,Brook Lopez,MIL,36.0,15,14,30.9,20,46,43.5,53.300000000000004,13.4,11,20,55.00000000000001,17.4,9,26,34.599999999999994
201950,Jrue Holiday,BOS,34.0,14,14,34.599999999999994,20,46,43.5,57.599999999999994,10.5,7,14,50.0,24.099999999999998,13,32,40.6
203501,Tim Hardaway Jr.,DET,32.0,13,12,41.4,19,46,41.3,54.300000000000004,9.9,7,11,63.6,31.5,12,35,34.300000000000004
202331,Paul George,PHI,34.0,8,8,43.0,17,46,37.0,44.6,20.599999999999998,10,22,45.5,22.400000000000002,7,24,29.2
1630527,Brandon Boston Jr.,NOP,22.0,13,12,32.4,17,46,37.0,44.6,14.799999999999999,10,21,47.599999999999994,17.599999999999998,7,25,28.000000000000004
1642267,Carlton Carrington,WAS,19.0,13,13,40.2,23,45,51.1,62.2,21.4,13,24,54.2,18.8,10,21,47.599999999999994
1628970,Miles Bridges,CHA,26.0,11,10,30.8,19,45,42.199999999999996,52.2,11.600000000000001,10,17,58.8,19.2,9,28,32.1
1629130,Duncan Robinson,MIA,30.0,12,12,37.5,20,42,47.599999999999994,65.5,5.4,5,6,83.3,32.1,15,36,41.699999999999996
1641722,Jordan Hawkins,NOP,22.0,8,7,40.8,16,42,38.1,45.2,18.4,10,19,52.6,22.3,6,23,26.1
1630172,Patrick Williams,CHI,23.0,15,14,31.6,15,42,35.699999999999996,50.0,9.8,3,13,23.1,21.8,12,29,41.4
1631106,Tari Eason,HOU,23.0,16,13,28.1,20,41,48.8,54.900000000000006,16.400000000000002,15,24,62.5,11.600000000000001,5,17,29.4
1628398,Kyle Kuzma,WAS,29.0,8,8,31.1,16,41,39.0,46.300000000000004,13.600000000000001,10,18,55.60000000000001,17.4,6,23,26.1
1630703,Scoot Henderson,POR,20.0,15,14,26.5,13,41,31.7,34.1,12.9,11,20,55.00000000000001,13.5,2,21,9.5
201142,Kevin Durant,PHX,36.0,9,9,24.8,22,40,55.00000000000001,66.3,11.799999999999999,13,19,68.4,13.0,9,21,42.9
1631096,Chet Holmgren,OKC,22.0,10,10,36.0,21,40,52.5,63.800000000000004,19.8,12,22,54.50000000000001,16.2,9,18,50.0
203484,Kentavious Caldwell-Pope,ORL,31.0,16,15,36.7,12,40,30.0,40.0,8.3,4,9,44.4,28.4,8,31,25.8
202696,Nikola Vučević,CHI,34.0,16,14,17.2,25,39,64.1,66.7,15.4,23,35,65.7,1.7999999999999998,2,4,50.0
1627751,Jakob Poeltl,TOR,29.0,15,14,21.0,23,39,59.0,59.0,21.0,23,39,59.0,0.0,0,0,
204456,T.J. McConnell,IND,32.0,14,14,33.1,21,39,53.800000000000004,55.1,31.4,20,37,54.1,1.7000000000000002,1,2,50.0
203952,Andrew Wiggins,GSW,29.0,12,12,26.700000000000003,19,39,48.699999999999996,59.0,11.600000000000001,11,17,64.7,15.1,8,22,36.4
1630540,Miles McBride,NYK,24.0,11,11,39.0,16,39,41.0,57.699999999999996,7.000000000000001,3,7,42.9,32.0,13,32,40.6
1628449,Chris Boucher,TOR,31.0,15,14,32.800000000000004,14,39,35.9,42.3,10.100000000000001,9,12,75.0,22.7,5,27,18.5
1626162,Kelly Oubre Jr.,PHI,28.0,14,13,23.400000000000002,9,39,23.1,33.300000000000004,5.4,1,9,11.1,18.0,8,30,26.700000000000003
1628404,Josh Hart,NYK,29.0,15,13,27.900000000000002,23,38,60.5,71.1,14.000000000000002,15,19,78.9,14.000000000000002,8,19,42.1
1630700,Dyson Daniels,ATL,21.0,14,14,20.3,19,38,50.0,53.900000000000006,13.4,16,25,64.0,7.000000000000001,3,13,23.1
1630166,Deni Avdija,POR,23.0,15,15,30.4,15,38,39.5,46.1,15.2,10,19,52.6,15.2,5,19,26.3
1642264,Stephon Castle,SAS,20.0,15,15,27.900000000000002,13,38,34.2,40.8,14.7,8,20,40.0,13.200000000000001,5,18,27.800000000000004
1629675,Naz Reid,MIN,25.0,14,14,25.7,20,37,54.1,68.89999999999999,7.6,9,11,81.8,18.099999999999998,11,26,42.3
1630578,Alperen Sengun,HOU,22.0,16,15,15.5,20,37,54.1,54.1,14.6,20,35,57.099999999999994,0.8,0,2,0.0
1642259,Alexandre Sarr,WAS,19.0,13,12,27.6,15,37,40.5,50.0,9.700000000000001,8,13,61.5,17.9,7,24,29.2
201144,Mike Conley,MIN,37.0,13,13,39.4,15,37,40.5,54.1,11.700000000000001,5,11,45.5,27.700000000000003,10,26,38.5
1642273,Kyshawn George,WAS,20.0,13,12,33.0,13,37,35.099999999999994,45.9,8.9,5,10,50.0,24.099999999999998,8,27,29.599999999999998
1629630,Ja Morant,MEM,25.0,8,8,28.799999999999997,18,36,50.0,54.2,20.0,15,25,60.0,8.799999999999999,3,11,27.3
1629640,Keldon Johnson,SAS,25.0,15,14,22.8,17,36,47.199999999999996,59.699999999999996,5.7,8,9,88.9,17.1,9,27,33.300000000000004
1630544,Tre Mann,CHA,23.0,12,12,23.799999999999997,15,36,41.699999999999996,48.6,14.6,10,22,45.5,9.3,5,14,35.699999999999996
1629599,Amir Coffey,LAC,27.0,16,16,33.300000000000004,15,36,41.699999999999996,54.2,9.3,6,10,60.0,24.099999999999998,9,26,34.599999999999994
1642258,Zaccharie Risacher,ATL,19.0,16,16,20.5,15,36,41.699999999999996,50.0,8.5,9,15,60.0,11.899999999999999,6,21,28.599999999999998
1629028,Deandre Ayton,POR,26.0,11,11,26.0,15,34,44.1,45.6,24.4,14,32,43.8,1.5,1,2,50.0
1642261,Dalton Knecht,LAL,23.0,13,11,35.5,15,33,45.5,62.1,7.5,4,7,57.099999999999994,28.000000000000004,11,26,42.3
1628370,Malik Monk,SAC,26.0,10,9,31.7,14,33,42.4,50.0,16.3,9,17,52.900000000000006,15.4,5,16,31.3
1642346,Ryan Dunn,PHX,21.0,15,12,34.4,14,33,42.4,56.10000000000001,7.3,5,7,71.39999999999999,27.1,9,26,34.599999999999994
1631094,Paolo Banchero,ORL,22.0,5,5,34.0,13,33,39.4,48.5,14.399999999999999,7,14,50.0,19.6,6,19,31.6
1641716,Jarace Walker,IND,21.0,15,11,45.800000000000004,12,33,36.4,45.5,15.299999999999999,6,11,54.50000000000001,30.599999999999998,6,22,27.3
1630228,Jonathan Kuminga,GSW,22.0,14,11,21.6,11,33,33.300000000000004,42.4,10.5,5,16,31.3,11.1,6,17,35.3
1631101,Shaedon Sharpe,POR,21.0,7,7,32.4,10,33,30.3,34.8,13.700000000000001,7,14,50.0,18.6,3,19,15.8
1629018,Gary Trent Jr.,MIL,25.0,13,12,35.5,9,33,27.3,36.4,10.8,3,10,30.0,24.7,6,23,26.1
1629660,Ty Jerome,CLE,27.0,17,12,25.6,20,32,62.5,75.0,12.0,12,15,80.0,13.600000000000001,8,17,47.099999999999994
1628991,Jaren Jackson Jr.,MEM,25.0,14,13,14.7,19,32,59.4,68.8,8.3,13,18,72.2,6.4,6,14,42.9
1630557,Corey Kispert,WAS,25.0,13,11,24.4,14,32,43.8,60.9,6.1,3,8,37.5,18.3,11,24,45.800000000000004
1630590,Scotty Pippen Jr.,MEM,24.0,16,14,21.8,12,32,37.5,45.300000000000004,12.2,7,18,38.9,9.5,5,14,35.699999999999996
1630541,Moses Moody,GSW,22.0,14,14,35.6,10,32,31.3,45.300000000000004,2.1999999999999997,1,2,50.0,33.300000000000004,9,30,30.0
1627747,Caris LeVert,CLE,30.0,13,11,31.1,10,32,31.3,39.1,11.700000000000001,5,12,41.699999999999996,19.400000000000002,5,20,25.0
1628998,Cody Martin,CHA,29.0,14,12,32.300000000000004,13,31,41.9,54.800000000000004,12.5,5,12,41.699999999999996,19.8,8,19,42.1
203999,Nikola Jokić,DEN,29.0,10,10,15.6,15,30,50.0,63.3,8.3,7,16,43.8,7.3,8,14,57.099999999999994
1630581,Josh Giddey,CHI,22.0,16,15,17.599999999999998,13,30,43.3,46.7,10.6,11,18,61.1,7.1,2,12,16.7
1630598,Aaron Wiggins,OKC,25.0,16,13,22.7,8,30,26.700000000000003,33.300000000000004,13.600000000000001,4,18,22.2,9.1,4,12,33.300000000000004
201566,Russell Westbrook,DEN,36.0,13,11,23.799999999999997,8,30,26.700000000000003,31.7,15.1,5,19,26.3,8.7,3,11,27.3
1629726,Garrison Mathews,ATL,28.0,15,12,31.5,17,29,58.599999999999994,86.2,3.3000000000000003,1,3,33.300000000000004,28.299999999999997,16,26,61.5
1629638,Nickeil Alexander-Walker,MIN,26.0,14,13,34.1,17,29,58.599999999999994,75.9,15.299999999999999,7,13,53.800000000000004,18.8,10,16,62.5
1630596,Evan Mobley,CLE,23.0,16,14,14.7,14,29,48.3,51.7,10.2,12,20,60.0,4.6,2,9,22.2
1630625,Dalano Banton,POR,25.0,13,11,28.199999999999996,13,29,44.800000000000004,56.89999999999999,14.6,6,15,40.0,13.600000000000001,7,14,50.0
1641717,Cason Wallace,OKC,21.0,16,14,27.1,12,29,41.4,50.0,10.299999999999999,7,11,63.6,16.8,5,18,27.800000000000004
203954,Joel Embiid,PHI,30.0,4,4,50.0,11,29,37.9,43.1,29.299999999999997,8,17,47.099999999999994,20.7,3,12,25.0
1631124,Julian Strawther,DEN,22.0,13,13,29.299999999999997,10,29,34.5,46.6,8.1,3,8,37.5,21.2,7,21,33.300000000000004
1631323,Simone Fontecchio,DET,28.0,14,13,40.300000000000004,9,29,31.0,43.1,6.9,2,5,40.0,33.300000000000004,7,24,29.2
203468,CJ McCollum,NOP,33.0,4,4,44.6,9,29,31.0,43.1,12.3,2,8,25.0,32.300000000000004,7,21,33.300000000000004
1628978,Donte DiVincenzo,MIN,27.0,14,12,22.8,8,29,27.6,39.7,0.8,1,1,100.0,22.0,7,28,25.0
1627884,Derrick Jones Jr.,LAC,27.0,16,11,22.6,17,28,60.699999999999996,73.2,12.9,10,16,62.5,9.700000000000001,7,12,58.3
1631260,AJ Green,MIL,25.0,14,12,37.8,15,28,53.6,75.0,4.1000000000000005,3,3,100.0,33.800000000000004,12,25,48.0
1630534,Ochai Agbaji,TOR,24.0,15,13,19.3,15,28,53.6,60.699999999999996,10.299999999999999,11,15,73.3,9.0,4,13,30.8
1630631,Jose Alvarado,NOP,26.0,11,8,27.700000000000003,14,28,50.0,62.5,11.899999999999999,7,12,58.3,15.8,7,16,43.8
1630167,Obi Toppin,IND,26.0,14,12,28.299999999999997,13,28,46.400000000000006,51.800000000000004,11.1,10,11,90.9,17.2,3,17,17.599999999999998
1629684,Grant Williams,CHA,25.0,14,12,26.200000000000003,10,28,35.699999999999996,46.400000000000006,6.5,4,7,57.099999999999994,19.6,6,21,28.599999999999998
1631222,Jake LaRavia,MEM,23.0,16,14,26.700000000000003,18,27,66.7,74.1,14.899999999999999,14,15,93.30000000000001,11.899999999999999,4,12,33.300000000000004
1641764,Brandin Podziemski,GSW,21.0,13,10,25.5,9,27,33.300000000000004,37.0,12.3,7,13,53.800000000000004,13.200000000000001,2,14,14.299999999999999
1630702,Jaden Hardy,DAL,22.0,14,11,37.5,8,27,29.599999999999998,35.199999999999996,15.299999999999999,5,11,45.5,22.2,3,16,18.8
1630530,Trey Murphy III,NOP,24.0,4,4,50.0,7,27,25.900000000000002,31.5,16.7,4,9,44.4,33.300000000000004,3,18,16.7
1628386,Jarrett Allen,CLE,26.0,17,11,18.2,20,26,76.9,76.9,18.2,20,26,76.9,0.0,0,0,
1631128,Christian Braun,DEN,23.0,13,11,18.6,18,26,69.19999999999999,80.80000000000001,11.4,12,16,75.0,7.1,6,10,60.0
1627777,Georges Niang,CLE,31.0,17,10,22.0,15,26,57.699999999999996,75.0,5.1,6,6,100.0,16.900000000000002,9,20,45.0
1628381,John Collins,UTA,27.0,13,11,15.7,12,26,46.2,46.2,11.4,12,19,63.2,4.2,0,7,0.0
203084,Harrison Barnes,SAS,32.0,15,12,24.0,12,25,48.0,56.00000000000001,9.6,8,10,80.0,14.399999999999999,4,15,26.700000000000003
200768,Kyle Lowry,PHI,38.0,13,12,39.7,9,25,36.0,52.0,6.3,1,4,25.0,33.300000000000004,8,21,38.1
1626168,Trey Lyles,SAC,29.0,15,12,29.4,8,25,32.0,42.0,8.200000000000001,3,7,42.9,21.2,5,18,27.800000000000004
1627824,Guerschon Yabusele,PHI,28.0,14,12,26.0,6,25,24.0,36.0,3.1,0,3,0.0,22.900000000000002,6,22,27.3
202710,Jimmy Butler,MIA,35.0,9,7,23.5,14,24,58.3,60.4,17.599999999999998,13,18,72.2,5.8999999999999995,1,6,16.7
1629060,Rui Hachimura,LAL,26.0,10,9,22.900000000000002,11,24,45.800000000000004,62.5,9.5,3,10,30.0,13.3,8,14,57.099999999999994
1629652,Luguentz Dort,OKC,25.0,16,12,17.299999999999997,11,24,45.800000000000004,66.7,2.9000000000000004,1,4,25.0,14.399999999999999,10,20,50.0
1628379,Luke Kennard,MEM,28.0,8,8,54.50000000000001,8,24,33.300000000000004,45.800000000000004,15.9,2,7,28.599999999999998,38.6,6,17,35.3
1641731,Bilal Coulibaly,WAS,20.0,12,10,19.0,16,23,69.6,76.1,14.000000000000002,13,17,76.5,5.0,3,6,50.0
1630170,Devin Vassell,SAS,24.0,4,4,46.9,14,23,60.9,73.9,22.400000000000002,8,11,72.7,24.5,6,12,50.0
1631165,Keon Ellis,SAC,24.0,14,10,33.800000000000004,12,23,52.2,65.2,13.200000000000001,6,9,66.7,20.599999999999998,6,14,42.9
1627752,Taurean Prince,MIL,30.0,15,11,23.5,9,23,39.1,56.49999999999999,4.1000000000000005,1,4,25.0,19.400000000000002,8,19,42.1
1630558,Davion Mitchell,TOR,26.0,15,13,20.0,9,23,39.1,43.5,10.4,7,12,58.3,9.6,2,11,18.2
1630573,Sam Hauser,BOS,26.0,12,10,26.400000000000002,9,23,39.1,54.300000000000004,2.3,2,2,100.0,24.099999999999998,7,21,33.300000000000004
1630533,Ziaire Williams,BKN,23.0,15,13,19.7,9,23,39.1,52.2,5.1,3,6,50.0,14.499999999999998,6,17,35.3
1629669,Jaylen Nowell,NOP,25.0,8,7,31.5,8,23,34.8,34.8,21.9,8,16,50.0,9.6,0,7,0.0
202685,Jonas Valančiūnas,WAS,32.0,13,11,19.1,11,22,50.0,50.0,19.1,11,22,50.0,0.0,0,0,
203935,Marcus Smart,MEM,30.0,7,6,44.0,10,22,45.5,59.099999999999994,10.0,4,5,80.0,34.0,6,17,35.3
1630183,Jaden McDaniels,MIN,24.0,14,10,18.0,9,22,40.9,43.2,10.7,8,13,61.5,7.3999999999999995,1,9,11.1
1642419,Jamison Battle,TOR,23.0,14,11,35.5,8,22,36.4,52.300000000000004,1.6,1,1,100.0,33.900000000000006,7,21,33.300000000000004
1631103,Malaki Branham,SAS,21.0,13,12,26.900000000000002,9,21,42.9,54.800000000000004,11.5,4,9,44.4,15.4,5,12,41.699999999999996
1641724,Jett Howard,ORL,21.0,15,10,38.2,7,21,33.300000000000004,47.599999999999994,3.5999999999999996,1,2,50.0,34.5,6,19,31.6
1630526,Jeremiah Robinson-Earl,NOP,24.0,16,11,21.4,6,21,28.599999999999998,38.1,8.200000000000001,2,8,25.0,13.3,4,13,30.8
1629216,Gabe Vincent,LAL,28.0,13,10,38.9,6,21,28.599999999999998,35.699999999999996,11.1,3,6,50.0,27.800000000000004,3,15,20.0
203914,Gary Harris,ORL,30.0,14,11,42.9,5,21,23.799999999999997,35.699999999999996,6.1,0,3,0.0,36.7,5,18,27.800000000000004
1629021,Moritz Wagner,ORL,27.0,16,13,15.7,13,20,65.0,72.5,9.4,10,12,83.3,6.3,3,8,37.5
1641708,Amen Thompson,HOU,21.0,16,13,17.7,11,20,55.00000000000001,55.00000000000001,15.9,11,18,61.1,1.7999999999999998,0,2,0.0
1629634,Brandon Clarke,MEM,28.0,15,12,26.3,11,20,55.00000000000001,55.00000000000001,21.099999999999998,11,16,68.8,5.3,0,4,0.0
1626220,Royce O'Neale,PHX,31.0,16,14,15.0,10,20,50.0,57.49999999999999,9.8,7,13,53.800000000000004,5.3,3,7,42.9
1627827,Dorian Finney-Smith,BKN,31.0,13,11,18.2,10,20,50.0,75.0,2.7,0,3,0.0,15.5,10,17,58.8
1630643,Jay Huff,MEM,27.0,16,12,21.099999999999998,9,20,45.0,57.49999999999999,6.3,4,6,66.7,14.7,5,14,35.699999999999996
1629614,Andrew Nembhard,IND,24.0,7,6,38.5,9,20,45.0,47.5,30.8,8,16,50.0,7.7,1,4,25.0
1630553,Keon Johnson,BKN,22.0,14,11,31.7,8,20,40.0,55.00000000000001,3.2,2,2,100.0,28.599999999999998,6,18,33.300000000000004
1630567,Scottie Barnes,TOR,23.0,4,4,31.7,7,20,35.0,37.5,22.2,6,14,42.9,9.5,1,6,16.7
1630230,Naji Marshall,DAL,26.0,15,9,17.9,10,19,52.6,52.6,11.3,10,12,83.3,6.6000000000000005,0,7,0.0
1630592,Jalen Wilson,BKN,24.0,15,9,18.3,9,19,47.4,63.2,4.8,3,5,60.0,13.5,6,14,42.9
1629023,P.J. Washington,DAL,26.0,10,10,21.099999999999998,8,19,42.1,44.7,12.2,7,11,63.6,8.9,1,8,12.5
1631212,Peyton Watson,DEN,22.0,13,10,19.0,6,19,31.6,31.6,15.0,6,15,40.0,4.0,0,4,0.0
203926,Doug McDermott,SAC,32.0,11,9,46.300000000000004,5,19,26.3,36.8,9.8,1,4,25.0,36.6,4,15,26.700000000000003
203991,Clint Capela,ATL,30.0,16,11,14.299999999999999,15,18,83.3,83.3,14.299999999999999,15,18,83.3,0.0,0,0,
1629651,Nic Claxton,BKN,25.0,11,10,28.599999999999998,13,18,72.2,72.2,28.599999999999998,13,18,72.2,0.0,0,0,
1641739,Toumani Camara,POR,24.0,15,8,15.8,10,18,55.60000000000001,63.9,7.9,7,9,77.8,7.9,3,9,33.300000000000004
1630188,Jalen Smith,CHI,24.0,14,10,21.7,9,18,50.0,61.1,10.8,5,9,55.60000000000001,10.8,4,9,44.4
1628960,Grayson Allen,PHX,29.0,12,9,17.8,9,18,50.0,66.7,4.0,3,4,75.0,13.900000000000002,6,14,42.9
1630241,Sam Merrill,CLE,28.0,13,9,25.7,8,18,44.4,66.7,0.0,0,0,,25.7,8,18,44.4
1641730,Noah Clowney,BKN,20.0,13,9,21.7,7,18,38.9,44.4,7.199999999999999,5,6,83.3,14.499999999999998,2,12,16.7
1626166,Cameron Payne,NYK,30.0,11,9,23.400000000000002,7,18,38.9,52.800000000000004,6.5,2,5,40.0,16.900000000000002,5,13,38.5
1630548,Johnny Juzang,UTA,23.0,9,7,51.4,6,18,33.300000000000004,47.199999999999996,5.7,1,2,50.0,45.7,5,16,31.3
1630168,Onyeka Okongwu,ATL,23.0,14,9,15.9,12,17,70.6,79.4,9.3,9,10,90.0,6.5,3,7,42.9
1627826,Ivica Zubac,LAC,27.0,16,12,9.2,12,17,70.6,70.6,9.2,12,17,70.6,0.0,0,0,
201143,Al Horford,BOS,38.0,13,9,18.3,9,17,52.900000000000006,73.5,3.2,2,3,66.7,15.1,7,14,50.0
201988,Patty Mills,UTA,36.0,9,8,54.800000000000004,8,17,47.099999999999994,64.7,12.9,2,4,50.0,41.9,6,13,46.2
1642275,Tidjane Salaün,CHA,19.0,12,9,34.699999999999996,7,17,41.199999999999996,55.900000000000006,8.200000000000001,2,4,50.0,26.5,5,13,38.5
1629001,De'Anthony Melton,GSW,26.0,6,6,31.5,6,17,35.3,50.0,5.6000000000000005,1,3,33.300000000000004,25.900000000000002,5,14,35.699999999999996
1641710,Anthony Black,ORL,20.0,16,12,14.799999999999999,5,17,29.4,32.4,9.6,4,11,36.4,5.2,1,6,16.7
1626192,Pat Connaughton,MIL,31.0,13,8,27.400000000000002,4,17,23.5,29.4,6.5,2,4,50.0,21.0,2,13,15.4
1629674,Neemias Queta,BOS,25.0,14,11,25.4,12,16,75.0,75.0,23.799999999999997,12,15,80.0,1.6,0,1,0.0
201587,Nicolas Batum,LAC,35.0,16,9,30.2,9,16,56.3,71.89999999999999,9.4,4,5,80.0,20.8,5,11,45.5
1627734,Domantas Sabonis,SAC,28.0,13,11,10.299999999999999,9,16,56.3,59.4,9.6,8,15,53.300000000000004,0.6,1,1,100.0
1631108,Max Christie,LAL,21.0,12,8,34.8,8,16,50.0,59.4,13.0,5,6,83.3,21.7,3,10,30.0
1630245,Ayo Dosunmu,CHI,24.0,16,10,10.5,8,16,50.0,53.1,6.5,7,10,70.0,3.9,1,6,16.7
1627739,Kris Dunn,LAC,30.0,16,9,16.3,8,16,50.0,56.3,10.2,6,10,60.0,6.1,2,6,33.300000000000004
1629656,Quentin Grimes,DAL,24.0,14,9,26.700000000000003,8,16,50.0,68.8,8.3,2,5,40.0,18.3,6,11,54.50000000000001
203937,Kyle Anderson,GSW,31.0,13,7,22.2,6,16,37.5,37.5,15.299999999999999,6,11,54.50000000000001,6.9,0,5,0.0
1626196,Josh Richardson,MIA,31.0,8,7,42.1,5,16,31.3,40.6,10.5,2,4,50.0,31.6,3,12,25.0
1630322,Lindy Waters III,GSW,27.0,12,8,29.099999999999998,4,16,25.0,31.3,5.5,2,3,66.7,23.599999999999998,2,13,15.4
1642262,Cody Williams,UTA,20.0,13,9,25.8,2,16,12.5,18.8,8.1,0,5,0.0,17.7,2,11,18.2
203497,Rudy Gobert,MIN,32.0,14,10,16.3,11,15,73.3,73.3,16.3,11,15,73.3,0.0,0,0,
1630175,Cole Anthony,ORL,24.0,14,9,30.599999999999998,8,15,53.300000000000004,66.7,10.2,4,5,80.0,20.4,4,10,40.0
203932,Aaron Gordon,DEN,29.0,7,5,21.4,8,15,53.300000000000004,70.0,11.4,3,8,37.5,10.0,5,7,71.39999999999999
1627732,Ben Simmons,BKN,28.0,11,9,28.299999999999997,7,15,46.7,46.7,28.299999999999997,7,15,46.7,0.0,0,0,
1627936,Alex Caruso,OKC,30.0,13,12,20.5,7,15,46.7,53.300000000000004,8.200000000000001,5,6,83.3,12.3,2,9,22.2
1628420,Monté Morris,PHX,29.0,12,8,31.3,6,15,40.0,53.300000000000004,8.3,2,4,50.0,22.900000000000002,4,11,36.4
201569,Eric Gordon,PHI,35.0,12,7,26.8,5,15,33.300000000000004,40.0,10.7,3,6,50.0,16.1,2,9,22.2
203915,Spencer Dinwiddie,DAL,31.0,13,8,30.0,5,15,33.300000000000004,43.3,6.0,2,3,66.7,24.0,3,12,25.0
1628371,Jonathan Isaac,ORL,27.0,13,8,23.1,5,15,33.300000000000004,36.7,10.8,4,7,57.099999999999994,12.3,1,8,12.5
1631218,Trayce Jackson-Davis,GSW,24.0,14,8,17.9,13,14,92.9,92.9,17.9,13,14,92.9,0.0,0,0,
1629750,Javonte Green,NOP,31.0,16,10,17.1,10,14,71.39999999999999,85.7,9.8,6,8,75.0,7.3,4,6,66.7
1642263,Reed Sheppard,HOU,20.0,16,11,22.6,9,14,64.3,85.7,8.1,3,5,60.0,14.499999999999998,6,9,66.7
1631110,Jeremy Sochan,SAS,21.0,7,5,16.3,8,14,57.099999999999994,57.099999999999994,15.1,8,13,61.5,1.2,0,1,0.0
1631223,David Roddy,ATL,23.0,12,9,29.799999999999997,6,14,42.9,53.6,8.5,3,4,75.0,21.3,3,10,30.0
203552,Seth Curry,CHA,34.0,13,9,25.0,5,14,35.699999999999996,39.300000000000004,14.299999999999999,4,8,50.0,10.7,1,6,16.7
1631170,Jaime Jaquez Jr.,MIA,23.0,9,8,19.2,5,14,35.699999999999996,42.9,11.0,3,8,37.5,8.200000000000001,2,6,33.300000000000004
203110,Draymond Green,GSW,34.0,14,8,15.4,5,14,35.699999999999996,46.400000000000006,5.5,2,5,40.0,9.9,3,9,33.300000000000004
1641715,Cam Whitmore,HOU,20.0,8,6,29.2,5,14,35.699999999999996,35.699999999999996,12.5,5,6,83.3,16.7,0,8,0.0
1629611,Terance Mann,LAC,28.0,16,9,14.899999999999999,7,13,53.800000000000004,53.800000000000004,13.8,7,12,58.3,1.0999999999999999,0,1,0.0
1631107,Nikola Jović,MIA,21.0,13,7,15.1,7,13,53.800000000000004,61.5,9.3,5,8,62.5,5.800000000000001,2,5,40.0
1641824,Matas Buzelis,CHI,20.0,15,9,31.0,5,13,38.5,53.800000000000004,4.8,1,2,50.0,26.200000000000003,4,11,36.4
1641767,Ben Sheppard,IND,23.0,13,10,19.7,5,13,38.5,53.800000000000004,3.0,1,2,50.0,16.7,4,11,36.4
1631105,Jalen Duren,DET,21.0,14,9,16.7,11,12,91.7,91.7,16.7,11,12,91.7,0.0,0,0,
1629655,Daniel Gafford,DAL,26.0,15,7,10.6,11,12,91.7,91.7,10.6,11,12,91.7,0.0,0,0,
1642349,Ajay Mitchell,OKC,22.0,16,6,17.1,7,12,58.3,62.5,11.4,6,8,75.0,5.7,1,4,25.0
1631217,Moussa Diabate,CHA,22.0,14,8,30.8,7,12,58.3,58.3,30.8,7,12,58.3,0.0,0,0,
1642367,Jonathan Mogbo,TOR,23.0,15,8,23.5,6,12,50.0,50.0,19.6,6,10,60.0,3.9,0,2,0.0
1631288,Jamal Cain,NOP,25.0,12,7,27.3,6,12,50.0,66.7,11.4,2,5,40.0,15.9,4,7,57.099999999999994
1629312,Haywood Highsmith,MIA,27.0,11,6,20.3,5,12,41.699999999999996,50.0,11.899999999999999,3,7,42.9,8.5,2,5,40.0
1630811,Keaton Wallace,ATL,25.0,12,5,21.8,5,12,41.699999999999996,45.800000000000004,10.9,4,6,66.7,10.9,1,6,16.7
1641783,Tristan da Silva,ORL,23.0,12,7,15.0,4,12,33.300000000000004,37.5,6.3,3,5,60.0,8.799999999999999,1,7,14.299999999999999
1629631,De'Andre Hunter,ATL,26.0,5,5,18.8,4,12,33.300000000000004,41.699999999999996,7.8,2,5,40.0,10.9,2,7,28.599999999999998
1642347,Jamal Shead,TOR,22.0,15,10,15.0,3,12,25.0,33.300000000000004,3.8,1,3,33.300000000000004,11.3,2,9,22.2
1629731,Dean Wade,CLE,28.0,13,9,19.7,2,12,16.7,25.0,0.0,0,0,,19.7,2,12,16.7
1629048,Goga Bitadze,ORL,25.0,12,7,18.0,9,11,81.8,81.8,16.400000000000002,9,10,90.0,1.6,0,1,0.0
1628380,Zach Collins,SAS,27.0,15,9,15.299999999999999,7,11,63.6,77.3,8.3,4,6,66.7,6.9,3,5,60.0
1628976,Wendell Carter Jr.,ORL,25.0,6,5,28.9,6,11,54.50000000000001,59.099999999999994,18.4,5,7,71.39999999999999,10.5,1,4,25.0
1631204,Marcus Sasser,DET,24.0,8,4,40.699999999999996,6,11,54.50000000000001,54.50000000000001,25.900000000000002,6,7,85.7,14.799999999999999,0,4,0.0
203994,Jusuf Nurkić,PHX,30.0,14,8,11.1,5,11,45.5,45.5,5.1,5,5,100.0,6.1,0,6,0.0
1630182,Josh Green,CHA,24.0,12,6,19.3,4,11,36.4,40.9,10.5,3,6,50.0,8.799999999999999,1,5,20.0
1626153,Delon Wright,MIL,32.0,12,6,29.7,3,11,27.3,31.8,5.4,2,2,100.0,24.3,1,9,11.1
1629003,Shake Milton,BKN,28.0,12,6,38.5,5,10,50.0,60.0,11.5,3,3,100.0,26.900000000000002,2,7,28.599999999999998
1642345,Oso Ighodaro,PHX,22.0,11,7,31.3,5,10,50.0,50.0,31.3,5,10,50.0,0.0,0,0,
201567,Kevin Love,MIA,36.0,5,5,32.300000000000004,5,10,50.0,70.0,12.9,1,4,25.0,19.400000000000002,4,6,66.7
1629627,Zion Williamson,NOP,24.0,6,5,9.6,5,10,50.0,50.0,7.7,5,8,62.5,1.9,0,2,0.0
1641748,Andre Jackson Jr.,MIL,23.0,14,8,25.0,4,10,40.0,45.0,17.5,3,7,42.9,7.5,1,3,33.300000000000004
203992,Bogdan Bogdanović,ATL,32.0,3,3,37.0,1,10,10.0,15.0,7.3999999999999995,0,2,0.0,29.599999999999998,1,8,12.5
1641726,Dereck Lively II,DAL,20.0,11,7,15.5,8,9,88.9,88.9,15.5,8,9,88.9,0.0,0,0,
1629006,Josh Okogie,PHX,26.0,8,6,16.400000000000002,7,9,77.8,88.9,10.9,5,6,83.3,5.5,2,3,66.7
1642271,Kyle Filipowski,UTA,21.0,12,8,13.4,4,9,44.4,61.1,3.0,1,2,50.0,10.4,3,7,42.9
202704,Reggie Jackson,PHI,34.0,6,3,37.5,3,9,33.300000000000004,44.4,8.3,1,2,50.0,29.2,2,7,28.599999999999998
1641712,Rayan Rupert,POR,20.0,13,6,23.1,3,9,33.300000000000004,44.4,7.7,1,3,33.300000000000004,15.4,2,6,33.300000000000004
1641729,Brice Sensabaugh,UTA,21.0,9,6,26.5,2,9,22.2,22.2,8.799999999999999,2,3,66.7,17.599999999999998,0,6,0.0
1630191,Isaiah Stewart,DET,23.0,16,6,11.4,7,8,87.5,87.5,10.0,7,7,100.0,1.4000000000000001,0,1,0.0
1628464,Daniel Theis,NOP,32.0,11,7,22.2,6,8,75.0,75.0,22.2,6,8,75.0,0.0,0,0,
202692,Alec Burks,MIA,33.0,6,5,28.599999999999998,5,8,62.5,87.5,3.5999999999999996,1,1,100.0,25.0,4,7,57.099999999999994
1642274,Yves Missi,NOP,20.0,16,6,9.6,4,8,50.0,50.0,9.6,4,8,50.0,0.0,0,0,
1630249,Vít Krejčí,ATL,24.0,6,5,40.0,4,8,50.0,75.0,0.0,0,0,,40.0,4,8,50.0
1630171,Isaac Okoro,CLE,23.0,15,6,12.3,4,8,50.0,56.3,4.6,3,3,100.0,7.7,1,5,20.0
1628366,Lonzo Ball,CHI,27.0,3,3,57.099999999999994,3,8,37.5,56.3,7.1,0,1,0.0,50.0,3,7,42.9
1641810,Antonio Reeves,NOP,22.0,9,3,16.3,3,8,37.5,50.0,4.1000000000000005,1,2,50.0,12.2,2,6,33.300000000000004
1631098,Johnny Davis,WAS,22.0,11,6,30.8,3,8,37.5,43.8,19.2,2,5,40.0,11.5,1,3,33.300000000000004
1628470,Torrey Craig,CHI,33.0,4,3,50.0,2,8,25.0,31.3,6.3,1,1,100.0,43.8,1,7,14.299999999999999
1631104,Blake Wesley,SAS,21.0,13,7,16.0,2,8,25.0,25.0,12.0,2,6,33.300000000000004,4.0,0,2,0.0
1642530,Yuki Kawamura,MEM,23.0,9,6,72.7,2,8,25.0,31.3,18.2,1,2,50.0,54.50000000000001,1,6,16.7
1641763,Julian Phillips,CHI,21.0,16,8,13.3,2,8,25.0,31.3,5.0,1,3,33.300000000000004,8.3,1,5,20.0
1630174,Aaron Nesmith,IND,25.0,6,5,19.400000000000002,5,7,71.39999999999999,85.7,11.1,3,4,75.0,8.3,2,3,66.7
1629057,Robert Williams III,POR,27.0,5,5,24.099999999999998,5,7,71.39999999999999,71.39999999999999,24.099999999999998,5,7,71.39999999999999,0.0,0,0,
1629659,Talen Horton-Tucker,CHI,23.0,11,4,18.9,3,7,42.9,50.0,10.8,2,4,50.0,8.1,1,3,33.300000000000004
203995,Vasilije Micić,CHA,30.0,5,5,25.900000000000002,3,7,42.9,57.099999999999994,7.3999999999999995,1,2,50.0,18.5,2,5,40.0
1641854,Craig Porter Jr.,CLE,24.0,12,5,25.0,3,7,42.9,42.9,17.9,3,5,60.0,7.1,0,2,0.0
1631157,Ryan Rollins,MIL,22.0,9,3,30.4,3,7,42.9,57.099999999999994,8.7,1,2,50.0,21.7,2,5,40.0
1631172,Ousmane Dieng,OKC,21.0,16,6,11.899999999999999,2,7,28.599999999999998,28.599999999999998,6.800000000000001,2,4,50.0,5.1,0,3,0.0
1628988,Aaron Holiday,HOU,28.0,9,6,29.2,2,7,28.599999999999998,35.699999999999996,8.3,1,2,50.0,20.8,1,5,20.0
1630193,Immanuel Quickley,TOR,25.0,3,2,16.7,2,7,28.599999999999998,28.599999999999998,11.899999999999999,2,5,40.0,4.8,0,2,0.0
1628975,Jevon Carter,CHI,29.0,6,3,41.199999999999996,1,7,14.299999999999999,21.4,5.8999999999999995,0,1,0.0,35.3,1,6,16.7
1641707,Taylor Hendricks,UTA,20.0,3,3,38.9,1,7,14.299999999999999,21.4,11.1,0,2,0.0,27.800000000000004,1,5,20.0
1641842,Ronald Holland II,DET,19.0,16,6,8.1,1,7,14.299999999999999,14.299999999999999,2.3,1,2,50.0,5.800000000000001,0,5,0.0
1628436,Luke Kornet,BOS,29.0,13,4,18.8,6,6,100.0,100.0,18.8,6,6,100.0,0.0,0,0,
1641744,Zach Edey,MEM,22.0,14,5,5.7,6,6,100.0,100.0,5.7,6,6,100.0,0.0,0,0,
1629637,Jaxson Hayes,LAL,24.0,10,5,17.599999999999998,5,6,83.3,83.3,17.599999999999998,5,6,83.3,0.0,0,0,
1629162,Jordan McLaughlin,SAC,28.0,12,4,21.4,4,6,66.7,75.0,14.299999999999999,3,4,75.0,7.1,1,2,50.0
1631117,Walker Kessler,UTA,23.0,9,3,11.799999999999999,4,6,66.7,66.7,11.799999999999999,4,6,66.7,0.0,0,0,
1626172,Kevon Looney,GSW,28.0,12,6,10.9,4,6,66.7,66.7,10.9,4,6,66.7,0.0,0,0,
1631245,Quenton Jackson,IND,26.0,7,4,17.599999999999998,4,6,66.7,66.7,14.7,4,5,80.0,2.9000000000000004,0,1,0.0
1630215,Jared Butler,WAS,24.0,10,3,17.599999999999998,4,6,66.7,66.7,14.7,4,5,80.0,2.9000000000000004,0,1,0.0
1629629,Cam Reddish,LAL,25.0,7,5,30.0,4,6,66.7,75.0,20.0,3,4,75.0,10.0,1,2,50.0
1628981,Bruno Fernando,TOR,26.0,11,5,17.1,3,6,50.0,50.0,17.1,3,6,50.0,0.0,0,0,
1630529,Herbert Jones,NOP,26.0,4,2,24.0,3,6,50.0,50.0,20.0,3,5,60.0,4.0,0,1,0.0
1628964,Mo Bamba,LAC,26.0,3,2,40.0,3,6,50.0,58.3,26.700000000000003,2,4,50.0,13.3,1,2,50.0
1630538,Bones Hyland,LAC,24.0,4,3,42.9,3,6,50.0,58.3,21.4,2,3,66.7,21.4,1,3,33.300000000000004
1627780,Gary Payton II,GSW,31.0,14,5,13.600000000000001,3,6,50.0,50.0,9.1,3,4,75.0,4.5,0,2,0.0
1630572,Sandro Mamukelashvili,SAS,25.0,12,3,17.599999999999998,2,6,33.300000000000004,33.300000000000004,5.8999999999999995,2,2,100.0,11.799999999999999,0,4,0.0
1629626,Bol Bol,PHX,25.0,4,4,66.7,2,6,33.300000000000004,33.300000000000004,33.300000000000004,2,3,66.7,33.300000000000004,0,3,0.0
1630699,MarJon Beauchamp,MIL,24.0,9,5,40.0,1,6,16.7,16.7,26.700000000000003,1,4,25.0,13.3,0,2,0.0
202709,Cory Joseph,ORL,33.0,10,5,42.9,1,6,16.7,25.0,7.1,0,1,0.0,35.699999999999996,1,5,20.0
1642266,Ja'Kobe Walter,TOR,20.0,4,3,37.5,0,6,0.0,0.0,18.8,0,3,0.0,18.8,0,3,0.0
203486,Mason Plumlee,PHX,34.0,15,3,10.0,5,5,100.0,100.0,10.0,5,5,100.0,0.0,0,0,
1642270,Donovan Clingan,POR,20.0,15,5,7.7,5,5,100.0,110.00000000000001,6.2,4,4,100.0,1.5,1,1,100.0
1641796,Pelle Larsson,MIA,23.0,8,5,19.2,4,5,80.0,90.0,15.4,3,4,75.0,3.8,1,1,100.0
1642278,Tyler Kolek,NYK,23.0,10,4,20.8,3,5,60.0,80.0,8.3,1,2,50.0,12.5,2,3,66.7
1626204,Larry Nance Jr.,ATL,31.0,9,5,11.600000000000001,3,5,60.0,60.0,11.600000000000001,3,5,60.0,0.0,0,0,
1629026,Kenrich Williams,OKC,29.0,6,3,22.7,2,5,40.0,40.0,13.600000000000001,2,3,66.7,9.1,0,2,0.0
1642268,Isaiah Collier,UTA,20.0,6,4,23.799999999999997,2,5,40.0,50.0,9.5,1,2,50.0,14.299999999999999,1,3,33.300000000000004
1631111,Wendell Moore Jr.,DET,23.0,6,2,29.4,2,5,40.0,40.0,17.599999999999998,2,3,66.7,11.799999999999999,0,2,0.0
1631116,Patrick Baldwin Jr.,WAS,22.0,9,4,29.4,2,5,40.0,50.0,5.8999999999999995,1,1,100.0,23.5,1,4,25.0
201145,Jeff Green,HOU,38.0,6,2,50.0,1,5,20.0,20.0,10.0,1,1,100.0,40.0,0,4,0.0
1627814,Damion Lee,PHX,32.0,4,4,35.699999999999996,1,5,20.0,20.0,14.299999999999999,1,2,50.0,21.4,0,3,0.0
1642359,Pacôme Dadiet,NYK,19.0,8,4,29.4,1,5,20.0,30.0,5.8999999999999995,0,1,0.0,23.5,1,4,25.0
1628963,Marvin Bagley III,WAS,25.0,9,5,20.0,1,5,20.0,20.0,16.0,1,4,25.0,4.0,0,1,0.0
1641794,Dillon Jones,OKC,23.0,15,5,12.2,0,5,0.0,0.0,4.9,0,2,0.0,7.3,0,3,0.0
1631213,Tyrese Martin,BKN,25.0,4,2,57.099999999999994,3,4,75.0,112.5,0.0,0,0,,57.099999999999994,3,4,75.0
1629234,Drew Eubanks,UTA,27.0,10,4,13.8,3,4,75.0,75.0,13.8,3,4,75.0,0.0,0,0,
1630537,Chris Duarte,CHI,27.0,7,4,40.0,2,4,50.0,75.0,0.0,0,0,,40.0,2,4,50.0
1631133,Jabari Walker,POR,22.0,11,4,14.799999999999999,2,4,50.0,50.0,11.1,2,3,66.7,3.6999999999999997,0,1,0.0
1630696,Dru Smith,MIA,26.0,5,3,30.8,2,4,50.0,50.0,23.1,2,3,66.7,7.7,0,1,0.0
1631246,Vince Williams Jr.,MEM,24.0,3,3,21.099999999999998,2,4,50.0,62.5,5.3,1,1,100.0,15.8,1,3,33.300000000000004
203967,Dario Šarić,DEN,30.0,8,3,10.8,2,4,50.0,62.5,2.7,1,1,100.0,8.1,1,3,33.300000000000004
1631200,Kris Murray,POR,24.0,14,4,8.0,2,4,50.0,50.0,4.0,2,2,100.0,4.0,0,2,0.0
203500,Steven Adams,HOU,31.0,7,3,30.8,1,4,25.0,25.0,30.8,1,4,25.0,0.0,0,0,
1629098,Jack McVeigh,HOU,28.0,5,2,44.4,1,4,25.0,37.5,0.0,0,0,,44.4,1,4,25.0
1642277,Johnny Furphy,IND,19.0,7,4,23.5,1,4,25.0,25.0,5.8999999999999995,1,1,100.0,17.599999999999998,0,3,0.0
1641757,Jordan Miller,LAC,24.0,5,3,21.099999999999998,1,4,25.0,25.0,10.5,1,2,50.0,10.5,0,2,0.0
202693,Markieff Morris,DAL,35.0,2,2,66.7,1,4,25.0,25.0,50.0,1,3,33.300000000000004,16.7,0,1,0.0
1630208,Nick Richards,CHA,26.0,5,2,9.1,3,3,100.0,100.0,9.1,3,3,100.0,0.0,0,0,
1631207,Dalen Terry,CHI,22.0,16,3,5.8999999999999995,3,3,100.0,100.0,5.8999999999999995,3,3,100.0,0.0,0,0,
203083,Andre Drummond,PHI,31.0,13,3,3.4000000000000004,3,3,100.0,100.0,3.4000000000000004,3,3,100.0,0.0,0,0,
1630231,KJ Martin,PHI,23.0,11,3,10.7,3,3,100.0,100.0,10.7,3,3,100.0,0.0,0,0,
1629111,Jock Landale,HOU,29.0,11,2,7.1,2,3,66.7,66.7,7.1,2,3,66.7,0.0,0,0,
1629723,John Konchar,MEM,28.0,8,2,18.8,1,3,33.300000000000004,33.300000000000004,6.3,1,1,100.0,12.5,0,2,0.0
1628392,Isaiah Hartenstein,OKC,26.0,1,1,25.0,1,3,33.300000000000004,33.300000000000004,25.0,1,3,33.300000000000004,0.0,0,0,
1642281,Jaylon Tyson,CLE,21.0,7,3,16.7,1,3,33.300000000000004,50.0,5.6000000000000005,0,1,0.0,11.1,1,2,50.0
1630288,Jeff Dowtin Jr.,PHI,27.0,8,2,15.8,1,3,33.300000000000004,33.300000000000004,10.5,1,2,50.0,5.3,0,1,0.0
1641775,Jordan Walsh,BOS,20.0,12,3,15.0,1,3,33.300000000000004,50.0,0.0,0,0,,15.0,1,3,33.300000000000004
1630618,D.J. Carton,TOR,24.0,4,2,42.9,1,3,33.300000000000004,33.300000000000004,14.299999999999999,1,1,100.0,28.599999999999998,0,2,0.0
1641816,Hunter Tyson,DEN,24.0,8,1,18.8,1,3,33.300000000000004,33.300000000000004,12.5,1,2,50.0,6.3,0,1,0.0
1641738,Kobe Brown,LAC,24.0,5,1,21.4,1,3,33.300000000000004,33.300000000000004,14.299999999999999,1,2,50.0,7.1,0,1,0.0
203901,Elfrid Payton,NOP,30.0,1,1,37.5,1,3,33.300000000000004,33.300000000000004,25.0,1,2,50.0,12.5,0,1,0.0
1642276,Kel'el Ware,MIA,20.0,8,3,15.8,1,3,33.300000000000004,33.300000000000004,5.3,1,1,100.0,10.5,0,2,0.0
1631247,Luke Travers,CLE,23.0,4,2,42.9,1,3,33.300000000000004,33.300000000000004,14.299999999999999,1,1,100.0,28.599999999999998,0,2,0.0
1630570,Trendon Watford,BKN,24.0,2,1,33.300000000000004,1,3,33.300000000000004,33.300000000000004,22.2,1,2,50.0,11.1,0,1,0.0
1630256,Jae'Sean Tate,HOU,29.0,7,3,25.0,1,3,33.300000000000004,33.300000000000004,16.7,1,2,50.0,8.3,0,1,0.0
1630194,Paul Reed,DET,25.0,7,3,15.0,1,3,33.300000000000004,33.300000000000004,10.0,1,2,50.0,5.0,0,1,0.0
1641890,Tyler Smith,MIL,20.0,8,3,25.0,1,3,33.300000000000004,50.0,0.0,0,0,,25.0,1,3,33.300000000000004
1631216,Caleb Houstan,ORL,21.0,10,3,23.1,0,3,0.0,0.0,7.7,0,1,0.0,15.4,0,2,0.0
1641765,Olivier-Maxence Prosper,DAL,22.0,9,2,16.7,0,3,0.0,0.0,5.6000000000000005,0,1,0.0,11.1,0,2,0.0
1628418,Thomas Bryant,MIA,27.0,7,2,14.299999999999999,0,3,0.0,0.0,4.8,0,1,0.0,9.5,0,2,0.0
201599,DeAndre Jordan,DEN,36.0,4,2,13.3,2,2,100.0,100.0,13.3,2,2,100.0,0.0,0,0,
1630550,JT Thor,CLE,22.0,2,1,40.0,2,2,100.0,125.0,20.0,1,1,100.0,20.0,1,1,100.0
1630543,Isaiah Jackson,IND,22.0,5,2,8.7,2,2,100.0,100.0,8.7,2,2,100.0,0.0,0,0,
203458,Alex Len,SAC,31.0,12,2,11.1,2,2,100.0,100.0,11.1,2,2,100.0,0.0,0,0,
1630539,Kai Jones,LAC,23.0,11,2,14.299999999999999,2,2,100.0,100.0,14.299999999999999,2,2,100.0,0.0,0,0,
1629004,Svi Mykhailiuk,UTA,27.0,2,1,40.0,2,2,100.0,150.0,0.0,0,0,,40.0,2,2,100.0
1626158,Richaun Holmes,WAS,31.0,2,1,33.300000000000004,2,2,100.0,100.0,33.300000000000004,2,2,100.0,0.0,0,0,
1630545,Terrence Shannon Jr.,MIN,24.0,4,1,66.7,2,2,100.0,100.0,66.7,2,2,100.0,0.0,0,0,
1630579,Jericho Sims,NYK,26.0,15,2,10.0,2,2,100.0,100.0,10.0,2,2,100.0,0.0,0,0,
1628467,Maxi Kleber,DAL,32.0,6,2,18.2,2,2,100.0,100.0,18.2,2,2,100.0,0.0,0,0,
1631466,Nate Williams,HOU,25.0,3,1,50.0,1,2,50.0,50.0,25.0,1,1,100.0,25.0,0,1,0.0
201949,James Johnson,IND,37.0,3,1,50.0,1,2,50.0,50.0,50.0,1,2,50.0,0.0,0,0,
1627763,Malcolm Brogdon,WAS,31.0,2,1,22.2,1,2,50.0,50.0,11.1,1,1,100.0,11.1,0,1,0.0
1642355,Bronny James,LAL,20.0,6,2,33.300000000000004,1,2,50.0,50.0,16.7,1,1,100.0,16.7,0,1,0.0
1630649,Stanley Umude,MIL,25.0,4,2,66.7,1,2,50.0,75.0,0.0,0,0,,66.7,1,2,50.0
1641741,Ricky Council IV,PHI,23.0,11,2,7.3999999999999995,1,2,50.0,50.0,7.3999999999999995,1,2,50.0,0.0,0,0,
1641998,Trey Jemison III,NOP,24.0,10,2,8.7,1,2,50.0,50.0,8.7,1,2,50.0,0.0,0,0,
1631221,Collin Gillespie,PHX,25.0,1,1,100.0,1,2,50.0,75.0,50.0,0,1,0.0,50.0,1,1,100.0
1628427,Vlatko Čančar,DEN,27.0,4,2,28.599999999999998,1,2,50.0,50.0,14.299999999999999,1,1,100.0,14.299999999999999,0,1,0.0
1630314,Brandon Williams,DAL,24.0,5,2,22.2,1,2,50.0,50.0,11.1,1,1,100.0,11.1,0,1,0.0
1627749,Dejounte Murray,NOP,28.0,1,1,13.3,1,2,50.0,50.0,13.3,1,2,50.0,0.0,0,0,
1641733,Nick Smith Jr.,CHA,20.0,5,2,20.0,1,2,50.0,50.0,20.0,1,2,50.0,0.0,0,0,
1628408,PJ Dozier,MIN,28.0,4,2,100.0,1,2,50.0,75.0,0.0,0,0,,100.0,1,2,50.0
1641779,Jalen Bridges,PHX,23.0,2,1,100.0,0,2,0.0,0.0,0.0,0,0,,100.0,0,2,0.0
1630611,Gui Santos,GSW,22.0,6,2,40.0,0,2,0.0,0.0,0.0,0,0,,40.0,0,2,0.0
1630200,Tre Jones,SAS,24.0,3,1,20.0,0,2,0.0,0.0,10.0,0,1,0.0,10.0,0,1,0.0
1641725,Trey Alexander,DEN,21.0,4,2,33.300000000000004,0,2,0.0,0.0,33.300000000000004,0,2,0.0,0.0,0,0,
1630214,Xavier Tillman,BOS,25.0,10,2,8.7,0,2,0.0,0.0,0.0,0,0,,8.7,0,2,0.0
1641723,Kobe Bufkin,ATL,21.0,2,1,16.7,0,2,0.0,0.0,8.3,0,1,0.0,8.3,0,1,0.0
1630568,Luka Garza,MIN,25.0,4,2,18.2,0,2,0.0,0.0,9.1,0,1,0.0,9.1,0,1,0.0
1642505,Alex Ducas,OKC,23.0,4,1,66.7,0,2,0.0,0.0,33.300000000000004,0,1,0.0,33.300000000000004,0,1,0.0
202684,Tristan Thompson,CLE,33.0,7,1,6.7,1,1,100.0,100.0,6.7,1,1,100.0,0.0,0,0,
1642402,Enrique Freeman,IND,24.0,8,1,7.7,1,1,100.0,100.0,7.7,1,1,100.0,0.0,0,0,
1630192,Zeke Nnaji,DEN,23.0,9,1,6.7,1,1,100.0,100.0,6.7,1,1,100.0,0.0,0,0,
1629650,Moses Brown,IND,25.0,1,1,25.0,1,1,100.0,100.0,25.0,1,1,100.0,0.0,0,0,
203939,Dwight Powell,DAL,33.0,13,1,12.5,1,1,100.0,100.0,12.5,1,1,100.0,0.0,0,0,
201959,Taj Gibson,CHA,39.0,6,1,5.6000000000000005,1,1,100.0,100.0,5.6000000000000005,1,1,100.0,0.0,0,0,
1629646,Charles Bassey,SAS,24.0,8,1,7.7,1,1,100.0,100.0,7.7,1,1,100.0,0.0,0,0,
1630164,James Wiseman,IND,23.0,1,1,25.0,1,1,100.0,100.0,25.0,1,1,100.0,0.0,0,0,
1631197,Jared Rhoden,CHA,25.0,4,1,12.5,1,1,100.0,100.0,12.5,1,1,100.0,0.0,0,0,
1642403,Isaac Jones,SAC,24.0,7,1,16.7,0,1,0.0,0.0,16.7,0,1,0.0,0.0,0,0,
1641745,Adam Flagler,OKC,24.0,8,1,7.7,0,1,0.0,0.0,7.7,0,1,0.0,0.0,0,0,
1631311,Lester Quinones,PHI,24.0,2,1,50.0,0,1,0.0,0.0,0.0,0,0,,50.0,0,1,0.0
1631169,Josh Minott,MIN,21.0,6,1,12.5,0,1,0.0,0.0,0.0,0,0,,12.5,0,1,0.0
1631248,Baylor Scheierman,BOS,24.0,3,1,16.7,0,1,0.0,0.0,0.0,0,0,,16.7,0,1,0.0
1642265,Rob Dillingham,MIN,19.0,7,1,9.1,0,1,0.0,0.0,9.1,0,1,0.0,0.0,0,0,
1641809,Drew Peterson,BOS,25.0,3,1,100.0,0,1,0.0,0.0,0.0,0,0,,100.0,0,1,0.0
1630531,Jaden Springer,BOS,22.0,4,1,20.0,0,1,0.0,0.0,0.0,0,0,,20.0,0,1,0.0
1641857,Liam Robbins,MIL,25.0,4,1,33.300000000000004,0,1,0.0,0.0,0.0,0,0,,33.300000000000004,0,1,0.0
1631321,Sidy Cissoko,SAS,20.0,7,1,25.0,0,1,0.0,0.0,25.0,0,1,0.0,0.0,0,0,
1630561,David Duke Jr.,SAS,25.0,1,1,25.0,0,1,0.0,0.0,0.0,0,0,,25.0,0,1,0.0
1641766,Adama Sanogo,CHI,22.0,3,1,20.0,0,1,0.0,0.0,20.0,0,1,0.0,0.0,0,0,
1641871,Duop Reath,POR,28.0,7,1,7.7,0,1,0.0,0.0,0.0,0,0,,7.7,0,1,0.0
1642285,Cam Spencer,MEM,24.0,1,1,100.0,0,1,0.0,0.0,0.0,0,0,,100.0,0,1,0.0
1642422,Armel Traore,LAL,21.0,1,1,100.0,0,1,0.0,0.0,0.0,0,0,,100.0,0,1,0.0
202066,Garrett Temple,TOR,38.0,5,1,20.0,0,1,0.0,0.0,20.0,0,1,0.0,0.0,0,0,
1630658,Colin Castleton,MEM,24.0,6,1,100.0,0,1,0.0,0.0,0.0,0,0,,100.0,0,1,0.0
